[2025-11-13T09:10:24.062Z] [INFO] {
  "timestamp": "2025-11-13T09:10:24.062Z",
  "method": "GET",
  "url": "/api/auth/me",
  "ip": "::1",
  "userId": "anonymous",
  "userAgent": "Mozilla/5.0 (Windows NT 10.0; Win64; x64) AppleWebKit/537.36 (KHTML, like Gecko) Chrome/142.0.0.0 Safari/537.36"
}
[2025-11-13T09:10:24.156Z] [INFO] {
  "timestamp": "2025-11-13T09:10:24.155Z",
  "method": "GET",
  "url": "/api/auth/me",
  "statusCode": 200,
  "responseTime": "94ms",
  "userId": "690c4c43be8f36eb0f3c17b9"
}
[2025-11-13T09:10:24.170Z] [INFO] {
  "timestamp": "2025-11-13T09:10:24.170Z",
  "method": "GET",
  "url": "/api/auth/me",
  "ip": "::1",
  "userId": "anonymous",
  "userAgent": "Mozilla/5.0 (Windows NT 10.0; Win64; x64) AppleWebKit/537.36 (KHTML, like Gecko) Chrome/142.0.0.0 Safari/537.36"
}
[2025-11-13T09:10:24.194Z] [INFO] {
  "timestamp": "2025-11-13T09:10:24.194Z",
  "method": "GET",
  "url": "/api/auth/me",
  "statusCode": 200,
  "responseTime": "25ms",
  "userId": "690c4c43be8f36eb0f3c17b9"
}
[2025-11-13T09:10:24.661Z] [INFO] {
  "timestamp": "2025-11-13T09:10:24.661Z",
  "method": "GET",
  "url": "/favicon.ico",
  "ip": "127.0.0.1",
  "userId": "anonymous",
  "userAgent": "Mozilla/5.0 (Windows NT 10.0; Win64; x64) AppleWebKit/537.36 (KHTML, like Gecko) Chrome/142.0.0.0 Safari/537.36"
}
[2025-11-13T09:10:24.664Z] [INFO] {
  "timestamp": "2025-11-13T09:10:24.664Z",
  "method": "GET",
  "url": "/favicon.ico",
  "statusCode": 200,
  "responseTime": "3ms",
  "userId": "anonymous"
}
[2025-11-13T09:10:24.685Z] [INFO] {
  "timestamp": "2025-11-13T09:10:24.685Z",
  "method": "GET",
  "url": "/api/activities/recent?limit=3",
  "ip": "127.0.0.1",
  "userId": "anonymous",
  "userAgent": "Mozilla/5.0 (Windows NT 10.0; Win64; x64) AppleWebKit/537.36 (KHTML, like Gecko) Chrome/142.0.0.0 Safari/537.36"
}
[2025-11-13T09:10:24.697Z] [INFO] {
  "timestamp": "2025-11-13T09:10:24.697Z",
  "method": "GET",
  "url": "/favicon.ico",
  "ip": "127.0.0.1",
  "userId": "anonymous",
  "userAgent": "Mozilla/5.0 (Windows NT 10.0; Win64; x64) AppleWebKit/537.36 (KHTML, like Gecko) Chrome/142.0.0.0 Safari/537.36"
}
[2025-11-13T09:10:24.699Z] [INFO] {
  "timestamp": "2025-11-13T09:10:24.699Z",
  "method": "GET",
  "url": "/favicon.ico",
  "statusCode": 200,
  "responseTime": "2ms",
  "userId": "anonymous"
}
[2025-11-13T09:10:24.728Z] [INFO] {
  "timestamp": "2025-11-13T09:10:24.728Z",
  "method": "GET",
  "url": "/api/activities/recent?limit=3",
  "statusCode": 200,
  "responseTime": "43ms",
  "userId": "690c4c43be8f36eb0f3c17b9"
}
[2025-11-13T09:10:25.059Z] [INFO] {
  "timestamp": "2025-11-13T09:10:25.059Z",
  "method": "GET",
  "url": "/api/activities/recent?limit=3",
  "ip": "127.0.0.1",
  "userId": "anonymous",
  "userAgent": "Mozilla/5.0 (Windows NT 10.0; Win64; x64) AppleWebKit/537.36 (KHTML, like Gecko) Chrome/142.0.0.0 Safari/537.36"
}
[2025-11-13T09:10:25.083Z] [INFO] {
  "timestamp": "2025-11-13T09:10:25.083Z",
  "method": "GET",
  "url": "/api/activities/recent?limit=3",
  "statusCode": 200,
  "responseTime": "24ms",
  "userId": "690c4c43be8f36eb0f3c17b9"
}
[2025-11-13T09:10:27.239Z] [INFO] {
  "timestamp": "2025-11-13T09:10:27.239Z",
  "method": "GET",
  "url": "/favicon.ico",
  "ip": "127.0.0.1",
  "userId": "anonymous",
  "userAgent": "Mozilla/5.0 (Windows NT 10.0; Win64; x64) AppleWebKit/537.36 (KHTML, like Gecko) Chrome/142.0.0.0 Safari/537.36"
}
[2025-11-13T09:10:27.241Z] [INFO] {
  "timestamp": "2025-11-13T09:10:27.241Z",
  "method": "GET",
  "url": "/favicon.ico",
  "statusCode": 200,
  "responseTime": "2ms",
  "userId": "anonymous"
}
[2025-11-13T09:10:27.245Z] [INFO] {
  "timestamp": "2025-11-13T09:10:27.245Z",
  "method": "GET",
  "url": "/api/clients",
  "ip": "::1",
  "userId": "anonymous",
  "userAgent": "Mozilla/5.0 (Windows NT 10.0; Win64; x64) AppleWebKit/537.36 (KHTML, like Gecko) Chrome/142.0.0.0 Safari/537.36"
}
[2025-11-13T09:10:27.253Z] [INFO] {
  "timestamp": "2025-11-13T09:10:27.253Z",
  "method": "GET",
  "url": "/api/finance/projects?search=&status=all&year=2025",
  "ip": "::1",
  "userId": "anonymous",
  "userAgent": "Mozilla/5.0 (Windows NT 10.0; Win64; x64) AppleWebKit/537.36 (KHTML, like Gecko) Chrome/142.0.0.0 Safari/537.36"
}
[2025-11-13T09:10:27.261Z] [INFO] {
  "timestamp": "2025-11-13T09:10:27.261Z",
  "method": "GET",
  "url": "/api/finance/stats?year=2025",
  "ip": "::1",
  "userId": "anonymous",
  "userAgent": "Mozilla/5.0 (Windows NT 10.0; Win64; x64) AppleWebKit/537.36 (KHTML, like Gecko) Chrome/142.0.0.0 Safari/537.36"
}
[2025-11-13T09:10:27.283Z] [INFO] {
  "timestamp": "2025-11-13T09:10:27.283Z",
  "method": "GET",
  "url": "/api/clients",
  "statusCode": 200,
  "responseTime": "38ms",
  "userId": "690c4c43be8f36eb0f3c17b9"
}
[2025-11-13T09:10:27.288Z] [INFO] {
  "timestamp": "2025-11-13T09:10:27.288Z",
  "method": "GET",
  "url": "/api/clients",
  "ip": "::1",
  "userId": "anonymous",
  "userAgent": "Mozilla/5.0 (Windows NT 10.0; Win64; x64) AppleWebKit/537.36 (KHTML, like Gecko) Chrome/142.0.0.0 Safari/537.36"
}
[2025-11-13T09:10:27.322Z] [INFO] {
  "timestamp": "2025-11-13T09:10:27.322Z",
  "method": "GET",
  "url": "/api/finance/projects?search=&status=all&year=2025",
  "statusCode": 200,
  "responseTime": "69ms",
  "userId": "690c4c43be8f36eb0f3c17b9"
}
[2025-11-13T09:10:27.336Z] [INFO] {
  "timestamp": "2025-11-13T09:10:27.336Z",
  "method": "GET",
  "url": "/api/clients",
  "statusCode": 200,
  "responseTime": "48ms",
  "userId": "690c4c43be8f36eb0f3c17b9"
}
[2025-11-13T09:10:27.350Z] [INFO] {
  "timestamp": "2025-11-13T09:10:27.350Z",
  "method": "GET",
  "url": "/api/finance/projects?search=&status=all&year=2025",
  "ip": "::1",
  "userId": "anonymous",
  "userAgent": "Mozilla/5.0 (Windows NT 10.0; Win64; x64) AppleWebKit/537.36 (KHTML, like Gecko) Chrome/142.0.0.0 Safari/537.36"
}
[2025-11-13T09:10:27.386Z] [INFO] {
  "timestamp": "2025-11-13T09:10:27.386Z",
  "method": "GET",
  "url": "/api/finance/stats?year=2025",
  "statusCode": 200,
  "responseTime": "125ms",
  "userId": "690c4c43be8f36eb0f3c17b9"
}
[2025-11-13T09:10:27.390Z] [INFO] {
  "timestamp": "2025-11-13T09:10:27.390Z",
  "method": "GET",
  "url": "/api/finance/projects?search=&status=all&year=2025",
  "statusCode": 200,
  "responseTime": "40ms",
  "userId": "690c4c43be8f36eb0f3c17b9"
}
[2025-11-13T09:10:27.399Z] [INFO] {
  "timestamp": "2025-11-13T09:10:27.399Z",
  "method": "GET",
  "url": "/api/finance/stats?year=2025",
  "ip": "::1",
  "userId": "anonymous",
  "userAgent": "Mozilla/5.0 (Windows NT 10.0; Win64; x64) AppleWebKit/537.36 (KHTML, like Gecko) Chrome/142.0.0.0 Safari/537.36"
}
[2025-11-13T09:10:27.431Z] [INFO] {
  "timestamp": "2025-11-13T09:10:27.431Z",
  "method": "GET",
  "url": "/api/finance/stats?year=2025",
  "statusCode": 200,
  "responseTime": "32ms",
  "userId": "690c4c43be8f36eb0f3c17b9"
}
[2025-11-13T09:11:47.282Z] [INFO] {
  "timestamp": "2025-11-13T09:11:47.282Z",
  "method": "POST",
  "url": "/api/finance/projects",
  "ip": "::1",
  "userId": "anonymous",
  "userAgent": "Mozilla/5.0 (Windows NT 10.0; Win64; x64) AppleWebKit/537.36 (KHTML, like Gecko) Chrome/142.0.0.0 Safari/537.36"
}
[2025-11-13T09:11:47.354Z] [INFO] {
  "timestamp": "2025-11-13T09:11:47.354Z",
  "method": "POST",
  "url": "/api/finance/projects",
  "statusCode": 400,
  "responseTime": "72ms",
  "userId": "690c4c43be8f36eb0f3c17b9"
}
[2025-11-13T09:11:56.510Z] [INFO] {
  "timestamp": "2025-11-13T09:11:56.510Z",
  "method": "POST",
  "url": "/api/finance/projects",
  "ip": "::1",
  "userId": "anonymous",
  "userAgent": "Mozilla/5.0 (Windows NT 10.0; Win64; x64) AppleWebKit/537.36 (KHTML, like Gecko) Chrome/142.0.0.0 Safari/537.36"
}
[2025-11-13T09:11:56.546Z] [INFO] {
  "timestamp": "2025-11-13T09:11:56.546Z",
  "method": "POST",
  "url": "/api/finance/projects",
  "statusCode": 200,
  "responseTime": "36ms",
  "userId": "690c4c43be8f36eb0f3c17b9"
}
[2025-11-13T09:11:56.565Z] [INFO] {
  "timestamp": "2025-11-13T09:11:56.565Z",
  "method": "GET",
  "url": "/api/finance/projects?search=&status=all&year=2025",
  "ip": "::1",
  "userId": "anonymous",
  "userAgent": "Mozilla/5.0 (Windows NT 10.0; Win64; x64) AppleWebKit/537.36 (KHTML, like Gecko) Chrome/142.0.0.0 Safari/537.36"
}
[2025-11-13T09:11:56.570Z] [INFO] {
  "timestamp": "2025-11-13T09:11:56.570Z",
  "method": "GET",
  "url": "/api/finance/stats?year=2025",
  "ip": "::1",
  "userId": "anonymous",
  "userAgent": "Mozilla/5.0 (Windows NT 10.0; Win64; x64) AppleWebKit/537.36 (KHTML, like Gecko) Chrome/142.0.0.0 Safari/537.36"
}
[2025-11-13T09:11:56.605Z] [INFO] {
  "timestamp": "2025-11-13T09:11:56.605Z",
  "method": "GET",
  "url": "/api/finance/projects?search=&status=all&year=2025",
  "statusCode": 200,
  "responseTime": "40ms",
  "userId": "690c4c43be8f36eb0f3c17b9"
}
[2025-11-13T09:11:56.625Z] [INFO] {
  "timestamp": "2025-11-13T09:11:56.625Z",
  "method": "GET",
  "url": "/api/finance/stats?year=2025",
  "statusCode": 200,
  "responseTime": "55ms",
  "userId": "690c4c43be8f36eb0f3c17b9"
}
[2025-11-13T09:17:53.116Z] [INFO] {
  "timestamp": "2025-11-13T09:17:53.116Z",
  "method": "GET",
  "url": "/api/clients",
  "ip": "::1",
  "userId": "anonymous",
  "userAgent": "Mozilla/5.0 (Windows NT 10.0; Win64; x64) AppleWebKit/537.36 (KHTML, like Gecko) Chrome/142.0.0.0 Safari/537.36"
}
[2025-11-13T09:17:53.122Z] [INFO] {
  "timestamp": "2025-11-13T09:17:53.122Z",
  "method": "GET",
  "url": "/api/finance/projects?search=&status=all&year=2025",
  "ip": "::1",
  "userId": "anonymous",
  "userAgent": "Mozilla/5.0 (Windows NT 10.0; Win64; x64) AppleWebKit/537.36 (KHTML, like Gecko) Chrome/142.0.0.0 Safari/537.36"
}
[2025-11-13T09:17:53.128Z] [INFO] {
  "timestamp": "2025-11-13T09:17:53.128Z",
  "method": "GET",
  "url": "/api/finance/stats?year=2025",
  "ip": "::1",
  "userId": "anonymous",
  "userAgent": "Mozilla/5.0 (Windows NT 10.0; Win64; x64) AppleWebKit/537.36 (KHTML, like Gecko) Chrome/142.0.0.0 Safari/537.36"
}
[2025-11-13T09:17:53.141Z] [INFO] {
  "timestamp": "2025-11-13T09:17:53.141Z",
  "method": "GET",
  "url": "/api/clients",
  "statusCode": 200,
  "responseTime": "25ms",
  "userId": "690c4c43be8f36eb0f3c17b9"
}
[2025-11-13T09:17:53.149Z] [INFO] {
  "timestamp": "2025-11-13T09:17:53.149Z",
  "method": "GET",
  "url": "/api/clients",
  "ip": "::1",
  "userId": "anonymous",
  "userAgent": "Mozilla/5.0 (Windows NT 10.0; Win64; x64) AppleWebKit/537.36 (KHTML, like Gecko) Chrome/142.0.0.0 Safari/537.36"
}
[2025-11-13T09:17:53.169Z] [INFO] {
  "timestamp": "2025-11-13T09:17:53.169Z",
  "method": "GET",
  "url": "/api/finance/projects?search=&status=all&year=2025",
  "statusCode": 200,
  "responseTime": "47ms",
  "userId": "690c4c43be8f36eb0f3c17b9"
}
[2025-11-13T09:17:53.175Z] [INFO] {
  "timestamp": "2025-11-13T09:17:53.175Z",
  "method": "GET",
  "url": "/api/clients",
  "statusCode": 200,
  "responseTime": "26ms",
  "userId": "690c4c43be8f36eb0f3c17b9"
}
[2025-11-13T09:17:53.184Z] [INFO] {
  "timestamp": "2025-11-13T09:17:53.184Z",
  "method": "GET",
  "url": "/api/finance/projects?search=&status=all&year=2025",
  "ip": "::1",
  "userId": "anonymous",
  "userAgent": "Mozilla/5.0 (Windows NT 10.0; Win64; x64) AppleWebKit/537.36 (KHTML, like Gecko) Chrome/142.0.0.0 Safari/537.36"
}
[2025-11-13T09:17:53.194Z] [INFO] {
  "timestamp": "2025-11-13T09:17:53.194Z",
  "method": "GET",
  "url": "/api/finance/stats?year=2025",
  "statusCode": 200,
  "responseTime": "66ms",
  "userId": "690c4c43be8f36eb0f3c17b9"
}
[2025-11-13T09:17:53.200Z] [INFO] {
  "timestamp": "2025-11-13T09:17:53.200Z",
  "method": "GET",
  "url": "/api/finance/stats?year=2025",
  "ip": "::1",
  "userId": "anonymous",
  "userAgent": "Mozilla/5.0 (Windows NT 10.0; Win64; x64) AppleWebKit/537.36 (KHTML, like Gecko) Chrome/142.0.0.0 Safari/537.36"
}
[2025-11-13T09:17:53.210Z] [INFO] {
  "timestamp": "2025-11-13T09:17:53.210Z",
  "method": "GET",
  "url": "/api/finance/projects?search=&status=all&year=2025",
  "statusCode": 200,
  "responseTime": "26ms",
  "userId": "690c4c43be8f36eb0f3c17b9"
}
[2025-11-13T09:17:53.236Z] [INFO] {
  "timestamp": "2025-11-13T09:17:53.236Z",
  "method": "GET",
  "url": "/api/finance/stats?year=2025",
  "statusCode": 200,
  "responseTime": "36ms",
  "userId": "690c4c43be8f36eb0f3c17b9"
}
[2025-11-13T09:18:11.133Z] [INFO] {
  "timestamp": "2025-11-13T09:18:11.133Z",
  "method": "GET",
  "url": "/api/clients",
  "ip": "::1",
  "userId": "anonymous",
  "userAgent": "Mozilla/5.0 (Windows NT 10.0; Win64; x64) AppleWebKit/537.36 (KHTML, like Gecko) Chrome/142.0.0.0 Safari/537.36"
}
[2025-11-13T09:18:11.137Z] [INFO] {
  "timestamp": "2025-11-13T09:18:11.137Z",
  "method": "GET",
  "url": "/api/finance/projects?search=&status=all&year=2025",
  "ip": "::1",
  "userId": "anonymous",
  "userAgent": "Mozilla/5.0 (Windows NT 10.0; Win64; x64) AppleWebKit/537.36 (KHTML, like Gecko) Chrome/142.0.0.0 Safari/537.36"
}
[2025-11-13T09:18:11.140Z] [INFO] {
  "timestamp": "2025-11-13T09:18:11.140Z",
  "method": "GET",
  "url": "/api/finance/stats?year=2025",
  "ip": "::1",
  "userId": "anonymous",
  "userAgent": "Mozilla/5.0 (Windows NT 10.0; Win64; x64) AppleWebKit/537.36 (KHTML, like Gecko) Chrome/142.0.0.0 Safari/537.36"
}
[2025-11-13T09:18:11.150Z] [INFO] {
  "timestamp": "2025-11-13T09:18:11.150Z",
  "method": "GET",
  "url": "/api/clients",
  "statusCode": 200,
  "responseTime": "17ms",
  "userId": "690c4c43be8f36eb0f3c17b9"
}
[2025-11-13T09:18:11.161Z] [INFO] {
  "timestamp": "2025-11-13T09:18:11.161Z",
  "method": "GET",
  "url": "/api/finance/projects?search=&status=all&year=2025",
  "statusCode": 200,
  "responseTime": "24ms",
  "userId": "690c4c43be8f36eb0f3c17b9"
}
[2025-11-13T09:18:11.172Z] [INFO] {
  "timestamp": "2025-11-13T09:18:11.172Z",
  "method": "GET",
  "url": "/api/finance/stats?year=2025",
  "statusCode": 200,
  "responseTime": "32ms",
  "userId": "690c4c43be8f36eb0f3c17b9"
}
[2025-11-13T09:18:23.578Z] [INFO] {
  "timestamp": "2025-11-13T09:18:23.578Z",
  "method": "GET",
  "url": "/api/clients",
  "ip": "::1",
  "userId": "anonymous",
  "userAgent": "Mozilla/5.0 (Windows NT 10.0; Win64; x64) AppleWebKit/537.36 (KHTML, like Gecko) Chrome/142.0.0.0 Safari/537.36"
}
[2025-11-13T09:18:23.584Z] [INFO] {
  "timestamp": "2025-11-13T09:18:23.584Z",
  "method": "GET",
  "url": "/api/finance/projects?search=&status=all&year=2025",
  "ip": "::1",
  "userId": "anonymous",
  "userAgent": "Mozilla/5.0 (Windows NT 10.0; Win64; x64) AppleWebKit/537.36 (KHTML, like Gecko) Chrome/142.0.0.0 Safari/537.36"
}
[2025-11-13T09:18:23.590Z] [INFO] {
  "timestamp": "2025-11-13T09:18:23.590Z",
  "method": "GET",
  "url": "/api/finance/stats?year=2025",
  "ip": "::1",
  "userId": "anonymous",
  "userAgent": "Mozilla/5.0 (Windows NT 10.0; Win64; x64) AppleWebKit/537.36 (KHTML, like Gecko) Chrome/142.0.0.0 Safari/537.36"
}
[2025-11-13T09:18:23.605Z] [INFO] {
  "timestamp": "2025-11-13T09:18:23.605Z",
  "method": "GET",
  "url": "/api/clients",
  "statusCode": 200,
  "responseTime": "27ms",
  "userId": "690c4c43be8f36eb0f3c17b9"
}
[2025-11-13T09:18:23.635Z] [INFO] {
  "timestamp": "2025-11-13T09:18:23.635Z",
  "method": "GET",
  "url": "/api/finance/projects?search=&status=all&year=2025",
  "statusCode": 200,
  "responseTime": "51ms",
  "userId": "690c4c43be8f36eb0f3c17b9"
}
[2025-11-13T09:18:23.649Z] [INFO] {
  "timestamp": "2025-11-13T09:18:23.649Z",
  "method": "GET",
  "url": "/api/finance/stats?year=2025",
  "statusCode": 200,
  "responseTime": "59ms",
  "userId": "690c4c43be8f36eb0f3c17b9"
}
[2025-11-13T09:18:55.616Z] [INFO] {
  "timestamp": "2025-11-13T09:18:55.616Z",
  "method": "GET",
  "url": "/api/clients",
  "ip": "::1",
  "userId": "anonymous",
  "userAgent": "Mozilla/5.0 (Windows NT 10.0; Win64; x64) AppleWebKit/537.36 (KHTML, like Gecko) Chrome/142.0.0.0 Safari/537.36"
}
[2025-11-13T09:18:55.622Z] [INFO] {
  "timestamp": "2025-11-13T09:18:55.622Z",
  "method": "GET",
  "url": "/api/finance/projects?search=&status=all&year=2025",
  "ip": "::1",
  "userId": "anonymous",
  "userAgent": "Mozilla/5.0 (Windows NT 10.0; Win64; x64) AppleWebKit/537.36 (KHTML, like Gecko) Chrome/142.0.0.0 Safari/537.36"
}
[2025-11-13T09:18:55.627Z] [INFO] {
  "timestamp": "2025-11-13T09:18:55.627Z",
  "method": "GET",
  "url": "/api/finance/stats?year=2025",
  "ip": "::1",
  "userId": "anonymous",
  "userAgent": "Mozilla/5.0 (Windows NT 10.0; Win64; x64) AppleWebKit/537.36 (KHTML, like Gecko) Chrome/142.0.0.0 Safari/537.36"
}
[2025-11-13T09:18:55.666Z] [INFO] {
  "timestamp": "2025-11-13T09:18:55.666Z",
  "method": "GET",
  "url": "/api/clients",
  "statusCode": 200,
  "responseTime": "50ms",
  "userId": "690c4c43be8f36eb0f3c17b9"
}
[2025-11-13T09:18:55.686Z] [INFO] {
  "timestamp": "2025-11-13T09:18:55.686Z",
  "method": "GET",
  "url": "/api/finance/projects?search=&status=all&year=2025",
  "statusCode": 200,
  "responseTime": "64ms",
  "userId": "690c4c43be8f36eb0f3c17b9"
}
[2025-11-13T09:18:55.700Z] [INFO] {
  "timestamp": "2025-11-13T09:18:55.700Z",
  "method": "GET",
  "url": "/api/finance/stats?year=2025",
  "statusCode": 200,
  "responseTime": "73ms",
  "userId": "690c4c43be8f36eb0f3c17b9"
}
[2025-11-13T09:19:16.038Z] [INFO] {
  "timestamp": "2025-11-13T09:19:16.038Z",
  "method": "GET",
  "url": "/api/clients",
  "ip": "::1",
  "userId": "anonymous",
  "userAgent": "Mozilla/5.0 (Windows NT 10.0; Win64; x64) AppleWebKit/537.36 (KHTML, like Gecko) Chrome/142.0.0.0 Safari/537.36"
}
[2025-11-13T09:19:16.041Z] [INFO] {
  "timestamp": "2025-11-13T09:19:16.041Z",
  "method": "GET",
  "url": "/api/finance/projects?search=&status=all&year=2025",
  "ip": "::1",
  "userId": "anonymous",
  "userAgent": "Mozilla/5.0 (Windows NT 10.0; Win64; x64) AppleWebKit/537.36 (KHTML, like Gecko) Chrome/142.0.0.0 Safari/537.36"
}
[2025-11-13T09:19:16.044Z] [INFO] {
  "timestamp": "2025-11-13T09:19:16.044Z",
  "method": "GET",
  "url": "/api/finance/stats?year=2025",
  "ip": "::1",
  "userId": "anonymous",
  "userAgent": "Mozilla/5.0 (Windows NT 10.0; Win64; x64) AppleWebKit/537.36 (KHTML, like Gecko) Chrome/142.0.0.0 Safari/537.36"
}
[2025-11-13T09:19:16.057Z] [INFO] {
  "timestamp": "2025-11-13T09:19:16.057Z",
  "method": "GET",
  "url": "/api/clients",
  "statusCode": 200,
  "responseTime": "19ms",
  "userId": "690c4c43be8f36eb0f3c17b9"
}
[2025-11-13T09:19:16.068Z] [INFO] {
  "timestamp": "2025-11-13T09:19:16.068Z",
  "method": "GET",
  "url": "/api/finance/projects?search=&status=all&year=2025",
  "statusCode": 200,
  "responseTime": "27ms",
  "userId": "690c4c43be8f36eb0f3c17b9"
}
[2025-11-13T09:19:16.084Z] [INFO] {
  "timestamp": "2025-11-13T09:19:16.084Z",
  "method": "GET",
  "url": "/api/finance/stats?year=2025",
  "statusCode": 200,
  "responseTime": "40ms",
  "userId": "690c4c43be8f36eb0f3c17b9"
}
[2025-11-13T09:19:47.274Z] [INFO] {
  "timestamp": "2025-11-13T09:19:47.274Z",
  "method": "GET",
  "url": "/api/clients",
  "ip": "::1",
  "userId": "anonymous",
  "userAgent": "Mozilla/5.0 (Windows NT 10.0; Win64; x64) AppleWebKit/537.36 (KHTML, like Gecko) Chrome/142.0.0.0 Safari/537.36"
}
[2025-11-13T09:19:47.284Z] [INFO] {
  "timestamp": "2025-11-13T09:19:47.284Z",
  "method": "GET",
  "url": "/api/finance/projects?search=&status=all&year=2025",
  "ip": "::1",
  "userId": "anonymous",
  "userAgent": "Mozilla/5.0 (Windows NT 10.0; Win64; x64) AppleWebKit/537.36 (KHTML, like Gecko) Chrome/142.0.0.0 Safari/537.36"
}
[2025-11-13T09:19:47.290Z] [INFO] {
  "timestamp": "2025-11-13T09:19:47.290Z",
  "method": "GET",
  "url": "/api/finance/stats?year=2025",
  "ip": "::1",
  "userId": "anonymous",
  "userAgent": "Mozilla/5.0 (Windows NT 10.0; Win64; x64) AppleWebKit/537.36 (KHTML, like Gecko) Chrome/142.0.0.0 Safari/537.36"
}
[2025-11-13T09:19:47.325Z] [INFO] {
  "timestamp": "2025-11-13T09:19:47.325Z",
  "method": "GET",
  "url": "/api/clients",
  "statusCode": 200,
  "responseTime": "51ms",
  "userId": "690c4c43be8f36eb0f3c17b9"
}
[2025-11-13T09:19:47.347Z] [INFO] {
  "timestamp": "2025-11-13T09:19:47.347Z",
  "method": "GET",
  "url": "/api/finance/projects?search=&status=all&year=2025",
  "statusCode": 200,
  "responseTime": "63ms",
  "userId": "690c4c43be8f36eb0f3c17b9"
}
[2025-11-13T09:19:47.366Z] [INFO] {
  "timestamp": "2025-11-13T09:19:47.366Z",
  "method": "GET",
  "url": "/api/finance/stats?year=2025",
  "statusCode": 200,
  "responseTime": "76ms",
  "userId": "690c4c43be8f36eb0f3c17b9"
}
[2025-11-13T09:20:03.144Z] [INFO] {
  "timestamp": "2025-11-13T09:20:03.144Z",
  "method": "GET",
  "url": "/api/clients",
  "ip": "::1",
  "userId": "anonymous",
  "userAgent": "Mozilla/5.0 (Windows NT 10.0; Win64; x64) AppleWebKit/537.36 (KHTML, like Gecko) Chrome/142.0.0.0 Safari/537.36"
}
[2025-11-13T09:20:03.149Z] [INFO] {
  "timestamp": "2025-11-13T09:20:03.149Z",
  "method": "GET",
  "url": "/api/finance/projects?search=&status=all&year=2025",
  "ip": "::1",
  "userId": "anonymous",
  "userAgent": "Mozilla/5.0 (Windows NT 10.0; Win64; x64) AppleWebKit/537.36 (KHTML, like Gecko) Chrome/142.0.0.0 Safari/537.36"
}
[2025-11-13T09:20:03.153Z] [INFO] {
  "timestamp": "2025-11-13T09:20:03.153Z",
  "method": "GET",
  "url": "/api/finance/stats?year=2025",
  "ip": "::1",
  "userId": "anonymous",
  "userAgent": "Mozilla/5.0 (Windows NT 10.0; Win64; x64) AppleWebKit/537.36 (KHTML, like Gecko) Chrome/142.0.0.0 Safari/537.36"
}
[2025-11-13T09:20:03.171Z] [INFO] {
  "timestamp": "2025-11-13T09:20:03.171Z",
  "method": "GET",
  "url": "/api/clients",
  "statusCode": 200,
  "responseTime": "27ms",
  "userId": "690c4c43be8f36eb0f3c17b9"
}
[2025-11-13T09:20:03.189Z] [INFO] {
  "timestamp": "2025-11-13T09:20:03.189Z",
  "method": "GET",
  "url": "/api/finance/projects?search=&status=all&year=2025",
  "statusCode": 200,
  "responseTime": "40ms",
  "userId": "690c4c43be8f36eb0f3c17b9"
}
[2025-11-13T09:20:03.212Z] [INFO] {
  "timestamp": "2025-11-13T09:20:03.212Z",
  "method": "GET",
  "url": "/api/finance/stats?year=2025",
  "statusCode": 200,
  "responseTime": "59ms",
  "userId": "690c4c43be8f36eb0f3c17b9"
}
[2025-11-13T09:20:30.146Z] [INFO] {
  "timestamp": "2025-11-13T09:20:30.146Z",
  "method": "GET",
  "url": "/api/clients",
  "ip": "::1",
  "userId": "anonymous",
  "userAgent": "Mozilla/5.0 (Windows NT 10.0; Win64; x64) AppleWebKit/537.36 (KHTML, like Gecko) Chrome/142.0.0.0 Safari/537.36"
}
[2025-11-13T09:20:30.150Z] [INFO] {
  "timestamp": "2025-11-13T09:20:30.150Z",
  "method": "GET",
  "url": "/api/finance/projects?search=&status=all&year=2025",
  "ip": "::1",
  "userId": "anonymous",
  "userAgent": "Mozilla/5.0 (Windows NT 10.0; Win64; x64) AppleWebKit/537.36 (KHTML, like Gecko) Chrome/142.0.0.0 Safari/537.36"
}
[2025-11-13T09:20:30.155Z] [INFO] {
  "timestamp": "2025-11-13T09:20:30.155Z",
  "method": "GET",
  "url": "/api/finance/stats?year=2025",
  "ip": "::1",
  "userId": "anonymous",
  "userAgent": "Mozilla/5.0 (Windows NT 10.0; Win64; x64) AppleWebKit/537.36 (KHTML, like Gecko) Chrome/142.0.0.0 Safari/537.36"
}
[2025-11-13T09:20:30.165Z] [INFO] {
  "timestamp": "2025-11-13T09:20:30.165Z",
  "method": "GET",
  "url": "/api/clients",
  "statusCode": 200,
  "responseTime": "19ms",
  "userId": "690c4c43be8f36eb0f3c17b9"
}
[2025-11-13T09:20:30.186Z] [INFO] {
  "timestamp": "2025-11-13T09:20:30.186Z",
  "method": "GET",
  "url": "/api/finance/projects?search=&status=all&year=2025",
  "statusCode": 200,
  "responseTime": "36ms",
  "userId": "690c4c43be8f36eb0f3c17b9"
}
[2025-11-13T09:20:30.199Z] [INFO] {
  "timestamp": "2025-11-13T09:20:30.199Z",
  "method": "GET",
  "url": "/api/finance/stats?year=2025",
  "statusCode": 200,
  "responseTime": "44ms",
  "userId": "690c4c43be8f36eb0f3c17b9"
}
[2025-11-13T09:24:08.441Z] [INFO] {
  "timestamp": "2025-11-13T09:24:08.441Z",
  "method": "GET",
  "url": "/api/clients",
  "ip": "::1",
  "userId": "anonymous",
  "userAgent": "Mozilla/5.0 (Windows NT 10.0; Win64; x64) AppleWebKit/537.36 (KHTML, like Gecko) Chrome/142.0.0.0 Safari/537.36"
}
[2025-11-13T09:24:08.447Z] [INFO] {
  "timestamp": "2025-11-13T09:24:08.447Z",
  "method": "GET",
  "url": "/api/finance/projects?search=&status=all&year=2025",
  "ip": "::1",
  "userId": "anonymous",
  "userAgent": "Mozilla/5.0 (Windows NT 10.0; Win64; x64) AppleWebKit/537.36 (KHTML, like Gecko) Chrome/142.0.0.0 Safari/537.36"
}
[2025-11-13T09:24:08.453Z] [INFO] {
  "timestamp": "2025-11-13T09:24:08.453Z",
  "method": "GET",
  "url": "/api/finance/stats?year=2025",
  "ip": "::1",
  "userId": "anonymous",
  "userAgent": "Mozilla/5.0 (Windows NT 10.0; Win64; x64) AppleWebKit/537.36 (KHTML, like Gecko) Chrome/142.0.0.0 Safari/537.36"
}
[2025-11-13T09:24:08.474Z] [INFO] {
  "timestamp": "2025-11-13T09:24:08.474Z",
  "method": "GET",
  "url": "/api/clients",
  "statusCode": 200,
  "responseTime": "33ms",
  "userId": "690c4c43be8f36eb0f3c17b9"
}
[2025-11-13T09:24:08.510Z] [INFO] {
  "timestamp": "2025-11-13T09:24:08.510Z",
  "method": "GET",
  "url": "/api/finance/projects?search=&status=all&year=2025",
  "statusCode": 200,
  "responseTime": "63ms",
  "userId": "690c4c43be8f36eb0f3c17b9"
}
[2025-11-13T09:24:08.532Z] [INFO] {
  "timestamp": "2025-11-13T09:24:08.532Z",
  "method": "GET",
  "url": "/api/finance/stats?year=2025",
  "statusCode": 200,
  "responseTime": "79ms",
  "userId": "690c4c43be8f36eb0f3c17b9"
}
[2025-11-13T09:26:18.794Z] [INFO] {
  "timestamp": "2025-11-13T09:26:18.794Z",
  "method": "GET",
  "url": "/api/clients",
  "ip": "::1",
  "userId": "anonymous",
  "userAgent": "Mozilla/5.0 (Windows NT 10.0; Win64; x64) AppleWebKit/537.36 (KHTML, like Gecko) Chrome/142.0.0.0 Safari/537.36"
}
[2025-11-13T09:26:18.800Z] [INFO] {
  "timestamp": "2025-11-13T09:26:18.800Z",
  "method": "GET",
  "url": "/api/finance/projects?search=&status=all&year=2025",
  "ip": "::1",
  "userId": "anonymous",
  "userAgent": "Mozilla/5.0 (Windows NT 10.0; Win64; x64) AppleWebKit/537.36 (KHTML, like Gecko) Chrome/142.0.0.0 Safari/537.36"
}
[2025-11-13T09:26:18.804Z] [INFO] {
  "timestamp": "2025-11-13T09:26:18.804Z",
  "method": "GET",
  "url": "/api/finance/stats?year=2025",
  "ip": "::1",
  "userId": "anonymous",
  "userAgent": "Mozilla/5.0 (Windows NT 10.0; Win64; x64) AppleWebKit/537.36 (KHTML, like Gecko) Chrome/142.0.0.0 Safari/537.36"
}
[2025-11-13T09:26:18.823Z] [INFO] {
  "timestamp": "2025-11-13T09:26:18.823Z",
  "method": "GET",
  "url": "/api/clients",
  "statusCode": 200,
  "responseTime": "29ms",
  "userId": "690c4c43be8f36eb0f3c17b9"
}
[2025-11-13T09:26:18.838Z] [INFO] {
  "timestamp": "2025-11-13T09:26:18.838Z",
  "method": "GET",
  "url": "/api/finance/projects?search=&status=all&year=2025",
  "statusCode": 200,
  "responseTime": "38ms",
  "userId": "690c4c43be8f36eb0f3c17b9"
}
[2025-11-13T09:26:18.854Z] [INFO] {
  "timestamp": "2025-11-13T09:26:18.854Z",
  "method": "GET",
  "url": "/api/finance/stats?year=2025",
  "statusCode": 200,
  "responseTime": "50ms",
  "userId": "690c4c43be8f36eb0f3c17b9"
}
[2025-11-13T09:26:31.482Z] [INFO] {
  "timestamp": "2025-11-13T09:26:31.482Z",
  "method": "GET",
  "url": "/api/clients",
  "ip": "::1",
  "userId": "anonymous",
  "userAgent": "Mozilla/5.0 (Windows NT 10.0; Win64; x64) AppleWebKit/537.36 (KHTML, like Gecko) Chrome/142.0.0.0 Safari/537.36"
}
[2025-11-13T09:26:31.487Z] [INFO] {
  "timestamp": "2025-11-13T09:26:31.486Z",
  "method": "GET",
  "url": "/api/finance/projects?search=&status=all&year=2025",
  "ip": "::1",
  "userId": "anonymous",
  "userAgent": "Mozilla/5.0 (Windows NT 10.0; Win64; x64) AppleWebKit/537.36 (KHTML, like Gecko) Chrome/142.0.0.0 Safari/537.36"
}
[2025-11-13T09:26:31.491Z] [INFO] {
  "timestamp": "2025-11-13T09:26:31.491Z",
  "method": "GET",
  "url": "/api/finance/stats?year=2025",
  "ip": "::1",
  "userId": "anonymous",
  "userAgent": "Mozilla/5.0 (Windows NT 10.0; Win64; x64) AppleWebKit/537.36 (KHTML, like Gecko) Chrome/142.0.0.0 Safari/537.36"
}
[2025-11-13T09:26:31.513Z] [INFO] {
  "timestamp": "2025-11-13T09:26:31.513Z",
  "method": "GET",
  "url": "/api/clients",
  "statusCode": 200,
  "responseTime": "31ms",
  "userId": "690c4c43be8f36eb0f3c17b9"
}
[2025-11-13T09:26:31.547Z] [INFO] {
  "timestamp": "2025-11-13T09:26:31.547Z",
  "method": "GET",
  "url": "/api/finance/projects?search=&status=all&year=2025",
  "statusCode": 200,
  "responseTime": "61ms",
  "userId": "690c4c43be8f36eb0f3c17b9"
}
[2025-11-13T09:26:31.570Z] [INFO] {
  "timestamp": "2025-11-13T09:26:31.570Z",
  "method": "GET",
  "url": "/api/finance/stats?year=2025",
  "statusCode": 200,
  "responseTime": "79ms",
  "userId": "690c4c43be8f36eb0f3c17b9"
}
[2025-11-13T09:28:11.128Z] [INFO] {
  "timestamp": "2025-11-13T09:28:11.128Z",
  "method": "GET",
  "url": "/api/clients",
  "ip": "::1",
  "userId": "anonymous",
  "userAgent": "Mozilla/5.0 (Windows NT 10.0; Win64; x64) AppleWebKit/537.36 (KHTML, like Gecko) Chrome/142.0.0.0 Safari/537.36"
}
[2025-11-13T09:28:11.139Z] [INFO] {
  "timestamp": "2025-11-13T09:28:11.139Z",
  "method": "GET",
  "url": "/api/finance/projects?search=&status=all&year=2025",
  "ip": "::1",
  "userId": "anonymous",
  "userAgent": "Mozilla/5.0 (Windows NT 10.0; Win64; x64) AppleWebKit/537.36 (KHTML, like Gecko) Chrome/142.0.0.0 Safari/537.36"
}
[2025-11-13T09:28:11.143Z] [INFO] {
  "timestamp": "2025-11-13T09:28:11.143Z",
  "method": "GET",
  "url": "/api/finance/stats?year=2025",
  "ip": "::1",
  "userId": "anonymous",
  "userAgent": "Mozilla/5.0 (Windows NT 10.0; Win64; x64) AppleWebKit/537.36 (KHTML, like Gecko) Chrome/142.0.0.0 Safari/537.36"
}
[2025-11-13T09:28:11.154Z] [INFO] {
  "timestamp": "2025-11-13T09:28:11.154Z",
  "method": "GET",
  "url": "/api/clients",
  "statusCode": 200,
  "responseTime": "26ms",
  "userId": "690c4c43be8f36eb0f3c17b9"
}
[2025-11-13T09:28:11.179Z] [INFO] {
  "timestamp": "2025-11-13T09:28:11.179Z",
  "method": "GET",
  "url": "/api/finance/projects?search=&status=all&year=2025",
  "statusCode": 200,
  "responseTime": "40ms",
  "userId": "690c4c43be8f36eb0f3c17b9"
}
[2025-11-13T09:28:11.201Z] [INFO] {
  "timestamp": "2025-11-13T09:28:11.201Z",
  "method": "GET",
  "url": "/api/finance/stats?year=2025",
  "statusCode": 200,
  "responseTime": "58ms",
  "userId": "690c4c43be8f36eb0f3c17b9"
}
[2025-11-13T09:29:18.666Z] [INFO] {
  "timestamp": "2025-11-13T09:29:18.666Z",
  "method": "GET",
  "url": "/api/clients",
  "ip": "::1",
  "userId": "anonymous",
  "userAgent": "Mozilla/5.0 (Windows NT 10.0; Win64; x64) AppleWebKit/537.36 (KHTML, like Gecko) Chrome/142.0.0.0 Safari/537.36"
}
[2025-11-13T09:29:18.671Z] [INFO] {
  "timestamp": "2025-11-13T09:29:18.671Z",
  "method": "GET",
  "url": "/api/finance/projects?search=&status=all&year=2025",
  "ip": "::1",
  "userId": "anonymous",
  "userAgent": "Mozilla/5.0 (Windows NT 10.0; Win64; x64) AppleWebKit/537.36 (KHTML, like Gecko) Chrome/142.0.0.0 Safari/537.36"
}
[2025-11-13T09:29:18.675Z] [INFO] {
  "timestamp": "2025-11-13T09:29:18.675Z",
  "method": "GET",
  "url": "/api/finance/stats?year=2025",
  "ip": "::1",
  "userId": "anonymous",
  "userAgent": "Mozilla/5.0 (Windows NT 10.0; Win64; x64) AppleWebKit/537.36 (KHTML, like Gecko) Chrome/142.0.0.0 Safari/537.36"
}
[2025-11-13T09:29:18.692Z] [INFO] {
  "timestamp": "2025-11-13T09:29:18.692Z",
  "method": "GET",
  "url": "/api/clients",
  "statusCode": 200,
  "responseTime": "26ms",
  "userId": "690c4c43be8f36eb0f3c17b9"
}
[2025-11-13T09:29:18.712Z] [INFO] {
  "timestamp": "2025-11-13T09:29:18.712Z",
  "method": "GET",
  "url": "/api/finance/projects?search=&status=all&year=2025",
  "statusCode": 200,
  "responseTime": "41ms",
  "userId": "690c4c43be8f36eb0f3c17b9"
}
[2025-11-13T09:29:18.729Z] [INFO] {
  "timestamp": "2025-11-13T09:29:18.729Z",
  "method": "GET",
  "url": "/api/finance/stats?year=2025",
  "statusCode": 200,
  "responseTime": "54ms",
  "userId": "690c4c43be8f36eb0f3c17b9"
}
[2025-11-13T09:32:05.160Z] [INFO] {
  "timestamp": "2025-11-13T09:32:05.160Z",
  "method": "GET",
  "url": "/api/clients",
  "ip": "::1",
  "userId": "anonymous",
  "userAgent": "Mozilla/5.0 (Windows NT 10.0; Win64; x64) AppleWebKit/537.36 (KHTML, like Gecko) Chrome/142.0.0.0 Safari/537.36"
}
[2025-11-13T09:32:05.164Z] [INFO] {
  "timestamp": "2025-11-13T09:32:05.164Z",
  "method": "GET",
  "url": "/api/finance/projects?search=&status=all&year=2025",
  "ip": "::1",
  "userId": "anonymous",
  "userAgent": "Mozilla/5.0 (Windows NT 10.0; Win64; x64) AppleWebKit/537.36 (KHTML, like Gecko) Chrome/142.0.0.0 Safari/537.36"
}
[2025-11-13T09:32:05.167Z] [INFO] {
  "timestamp": "2025-11-13T09:32:05.167Z",
  "method": "GET",
  "url": "/api/finance/stats?year=2025",
  "ip": "::1",
  "userId": "anonymous",
  "userAgent": "Mozilla/5.0 (Windows NT 10.0; Win64; x64) AppleWebKit/537.36 (KHTML, like Gecko) Chrome/142.0.0.0 Safari/537.36"
}
[2025-11-13T09:32:05.182Z] [INFO] {
  "timestamp": "2025-11-13T09:32:05.182Z",
  "method": "GET",
  "url": "/api/clients",
  "statusCode": 200,
  "responseTime": "22ms",
  "userId": "690c4c43be8f36eb0f3c17b9"
}
[2025-11-13T09:32:05.196Z] [INFO] {
  "timestamp": "2025-11-13T09:32:05.196Z",
  "method": "GET",
  "url": "/api/finance/projects?search=&status=all&year=2025",
  "statusCode": 200,
  "responseTime": "32ms",
  "userId": "690c4c43be8f36eb0f3c17b9"
}
[2025-11-13T09:32:05.210Z] [INFO] {
  "timestamp": "2025-11-13T09:32:05.210Z",
  "method": "GET",
  "url": "/api/finance/stats?year=2025",
  "statusCode": 200,
  "responseTime": "43ms",
  "userId": "690c4c43be8f36eb0f3c17b9"
}
[2025-11-13T09:33:31.157Z] [INFO] {
  "timestamp": "2025-11-13T09:33:31.157Z",
  "method": "GET",
  "url": "/api/clients",
  "ip": "::1",
  "userId": "anonymous",
  "userAgent": "Mozilla/5.0 (Windows NT 10.0; Win64; x64) AppleWebKit/537.36 (KHTML, like Gecko) Chrome/142.0.0.0 Safari/537.36"
}
[2025-11-13T09:33:31.162Z] [INFO] {
  "timestamp": "2025-11-13T09:33:31.162Z",
  "method": "GET",
  "url": "/api/finance/projects?search=&status=all&year=2025",
  "ip": "::1",
  "userId": "anonymous",
  "userAgent": "Mozilla/5.0 (Windows NT 10.0; Win64; x64) AppleWebKit/537.36 (KHTML, like Gecko) Chrome/142.0.0.0 Safari/537.36"
}
[2025-11-13T09:33:31.165Z] [INFO] {
  "timestamp": "2025-11-13T09:33:31.165Z",
  "method": "GET",
  "url": "/api/finance/stats?year=2025",
  "ip": "::1",
  "userId": "anonymous",
  "userAgent": "Mozilla/5.0 (Windows NT 10.0; Win64; x64) AppleWebKit/537.36 (KHTML, like Gecko) Chrome/142.0.0.0 Safari/537.36"
}
[2025-11-13T09:33:31.176Z] [INFO] {
  "timestamp": "2025-11-13T09:33:31.176Z",
  "method": "GET",
  "url": "/api/clients",
  "statusCode": 200,
  "responseTime": "19ms",
  "userId": "690c4c43be8f36eb0f3c17b9"
}
[2025-11-13T09:33:31.187Z] [INFO] {
  "timestamp": "2025-11-13T09:33:31.187Z",
  "method": "GET",
  "url": "/api/finance/projects?search=&status=all&year=2025",
  "statusCode": 200,
  "responseTime": "25ms",
  "userId": "690c4c43be8f36eb0f3c17b9"
}
[2025-11-13T09:33:31.199Z] [INFO] {
  "timestamp": "2025-11-13T09:33:31.199Z",
  "method": "GET",
  "url": "/api/finance/stats?year=2025",
  "statusCode": 200,
  "responseTime": "34ms",
  "userId": "690c4c43be8f36eb0f3c17b9"
}
[2025-11-13T09:35:57.151Z] [INFO] {
  "timestamp": "2025-11-13T09:35:57.151Z",
  "method": "GET",
  "url": "/api/clients",
  "ip": "::1",
  "userId": "anonymous",
  "userAgent": "Mozilla/5.0 (Windows NT 10.0; Win64; x64) AppleWebKit/537.36 (KHTML, like Gecko) Chrome/142.0.0.0 Safari/537.36"
}
[2025-11-13T09:35:57.157Z] [INFO] {
  "timestamp": "2025-11-13T09:35:57.157Z",
  "method": "GET",
  "url": "/api/finance/projects?search=&status=all&year=2025",
  "ip": "::1",
  "userId": "anonymous",
  "userAgent": "Mozilla/5.0 (Windows NT 10.0; Win64; x64) AppleWebKit/537.36 (KHTML, like Gecko) Chrome/142.0.0.0 Safari/537.36"
}
[2025-11-13T09:35:57.163Z] [INFO] {
  "timestamp": "2025-11-13T09:35:57.162Z",
  "method": "GET",
  "url": "/api/finance/stats?year=2025",
  "ip": "::1",
  "userId": "anonymous",
  "userAgent": "Mozilla/5.0 (Windows NT 10.0; Win64; x64) AppleWebKit/537.36 (KHTML, like Gecko) Chrome/142.0.0.0 Safari/537.36"
}
[2025-11-13T09:35:57.172Z] [INFO] {
  "timestamp": "2025-11-13T09:35:57.172Z",
  "method": "GET",
  "url": "/api/clients",
  "statusCode": 200,
  "responseTime": "21ms",
  "userId": "690c4c43be8f36eb0f3c17b9"
}
[2025-11-13T09:35:57.185Z] [INFO] {
  "timestamp": "2025-11-13T09:35:57.185Z",
  "method": "GET",
  "url": "/api/finance/projects?search=&status=all&year=2025",
  "statusCode": 200,
  "responseTime": "28ms",
  "userId": "690c4c43be8f36eb0f3c17b9"
}
[2025-11-13T09:35:57.201Z] [INFO] {
  "timestamp": "2025-11-13T09:35:57.201Z",
  "method": "GET",
  "url": "/api/finance/stats?year=2025",
  "statusCode": 200,
  "responseTime": "39ms",
  "userId": "690c4c43be8f36eb0f3c17b9"
}
[2025-11-13T09:36:11.155Z] [INFO] {
  "timestamp": "2025-11-13T09:36:11.155Z",
  "method": "GET",
  "url": "/api/clients",
  "ip": "::1",
  "userId": "anonymous",
  "userAgent": "Mozilla/5.0 (Windows NT 10.0; Win64; x64) AppleWebKit/537.36 (KHTML, like Gecko) Chrome/142.0.0.0 Safari/537.36"
}
[2025-11-13T09:36:11.159Z] [INFO] {
  "timestamp": "2025-11-13T09:36:11.159Z",
  "method": "GET",
  "url": "/api/finance/projects?search=&status=all&year=2025",
  "ip": "::1",
  "userId": "anonymous",
  "userAgent": "Mozilla/5.0 (Windows NT 10.0; Win64; x64) AppleWebKit/537.36 (KHTML, like Gecko) Chrome/142.0.0.0 Safari/537.36"
}
[2025-11-13T09:36:11.163Z] [INFO] {
  "timestamp": "2025-11-13T09:36:11.163Z",
  "method": "GET",
  "url": "/api/finance/stats?year=2025",
  "ip": "::1",
  "userId": "anonymous",
  "userAgent": "Mozilla/5.0 (Windows NT 10.0; Win64; x64) AppleWebKit/537.36 (KHTML, like Gecko) Chrome/142.0.0.0 Safari/537.36"
}
[2025-11-13T09:36:11.174Z] [INFO] {
  "timestamp": "2025-11-13T09:36:11.174Z",
  "method": "GET",
  "url": "/api/clients",
  "statusCode": 200,
  "responseTime": "19ms",
  "userId": "690c4c43be8f36eb0f3c17b9"
}
[2025-11-13T09:36:11.186Z] [INFO] {
  "timestamp": "2025-11-13T09:36:11.186Z",
  "method": "GET",
  "url": "/api/finance/projects?search=&status=all&year=2025",
  "statusCode": 200,
  "responseTime": "27ms",
  "userId": "690c4c43be8f36eb0f3c17b9"
}
[2025-11-13T09:36:11.198Z] [INFO] {
  "timestamp": "2025-11-13T09:36:11.198Z",
  "method": "GET",
  "url": "/api/finance/stats?year=2025",
  "statusCode": 200,
  "responseTime": "35ms",
  "userId": "690c4c43be8f36eb0f3c17b9"
}
[2025-11-13T09:51:01.112Z] [INFO] {
  "timestamp": "2025-11-13T09:51:01.112Z",
  "method": "GET",
  "url": "/api/clients",
  "ip": "::1",
  "userId": "anonymous",
  "userAgent": "Mozilla/5.0 (Windows NT 10.0; Win64; x64) AppleWebKit/537.36 (KHTML, like Gecko) Chrome/142.0.0.0 Safari/537.36"
}
[2025-11-13T09:51:01.117Z] [INFO] {
  "timestamp": "2025-11-13T09:51:01.117Z",
  "method": "GET",
  "url": "/api/finance/projects?search=&status=all&year=2025",
  "ip": "::1",
  "userId": "anonymous",
  "userAgent": "Mozilla/5.0 (Windows NT 10.0; Win64; x64) AppleWebKit/537.36 (KHTML, like Gecko) Chrome/142.0.0.0 Safari/537.36"
}
[2025-11-13T09:51:01.120Z] [INFO] {
  "timestamp": "2025-11-13T09:51:01.120Z",
  "method": "GET",
  "url": "/api/finance/stats?year=2025",
  "ip": "::1",
  "userId": "anonymous",
  "userAgent": "Mozilla/5.0 (Windows NT 10.0; Win64; x64) AppleWebKit/537.36 (KHTML, like Gecko) Chrome/142.0.0.0 Safari/537.36"
}
[2025-11-13T09:51:01.129Z] [INFO] {
  "timestamp": "2025-11-13T09:51:01.129Z",
  "method": "GET",
  "url": "/api/clients",
  "statusCode": 200,
  "responseTime": "17ms",
  "userId": "690c4c43be8f36eb0f3c17b9"
}
[2025-11-13T09:51:01.140Z] [INFO] {
  "timestamp": "2025-11-13T09:51:01.140Z",
  "method": "GET",
  "url": "/api/finance/projects?search=&status=all&year=2025",
  "statusCode": 200,
  "responseTime": "23ms",
  "userId": "690c4c43be8f36eb0f3c17b9"
}
[2025-11-13T09:51:01.151Z] [INFO] {
  "timestamp": "2025-11-13T09:51:01.151Z",
  "method": "GET",
  "url": "/api/finance/stats?year=2025",
  "statusCode": 200,
  "responseTime": "31ms",
  "userId": "690c4c43be8f36eb0f3c17b9"
}
[2025-11-13T09:53:32.491Z] [INFO] {
  "timestamp": "2025-11-13T09:53:32.491Z",
  "method": "GET",
  "url": "/api/system/stats",
  "ip": "::1",
  "userId": "anonymous",
  "userAgent": "Mozilla/5.0 (Windows NT 10.0; Win64; x64) AppleWebKit/537.36 (KHTML, like Gecko) Chrome/142.0.0.0 Safari/537.36"
}
[2025-11-13T09:53:32.508Z] [INFO] {
  "timestamp": "2025-11-13T09:53:32.508Z",
  "method": "GET",
  "url": "/api/system/stats",
  "statusCode": 200,
  "responseTime": "17ms",
  "userId": "690c4c43be8f36eb0f3c17b9"
}
[2025-11-13T09:53:32.513Z] [INFO] {
  "timestamp": "2025-11-13T09:53:32.513Z",
  "method": "GET",
  "url": "/api/system/stats",
  "ip": "::1",
  "userId": "anonymous",
  "userAgent": "Mozilla/5.0 (Windows NT 10.0; Win64; x64) AppleWebKit/537.36 (KHTML, like Gecko) Chrome/142.0.0.0 Safari/537.36"
}
[2025-11-13T09:53:32.523Z] [INFO] {
  "timestamp": "2025-11-13T09:53:32.523Z",
  "method": "GET",
  "url": "/api/system/stats",
  "statusCode": 200,
  "responseTime": "10ms",
  "userId": "690c4c43be8f36eb0f3c17b9"
}
[2025-11-13T09:53:32.795Z] [INFO] {
  "timestamp": "2025-11-13T09:53:32.795Z",
  "method": "GET",
  "url": "/favicon.ico",
  "ip": "127.0.0.1",
  "userId": "anonymous",
  "userAgent": "Mozilla/5.0 (Windows NT 10.0; Win64; x64) AppleWebKit/537.36 (KHTML, like Gecko) Chrome/142.0.0.0 Safari/537.36"
}
[2025-11-13T09:53:32.796Z] [INFO] {
  "timestamp": "2025-11-13T09:53:32.796Z",
  "method": "GET",
  "url": "/favicon.ico",
  "statusCode": 200,
  "responseTime": "1ms",
  "userId": "anonymous"
}
[2025-11-13T09:53:33.424Z] [INFO] {
  "timestamp": "2025-11-13T09:53:33.424Z",
  "method": "GET",
  "url": "/api/clients",
  "ip": "::1",
  "userId": "anonymous",
  "userAgent": "Mozilla/5.0 (Windows NT 10.0; Win64; x64) AppleWebKit/537.36 (KHTML, like Gecko) Chrome/142.0.0.0 Safari/537.36"
}
[2025-11-13T09:53:33.428Z] [INFO] {
  "timestamp": "2025-11-13T09:53:33.428Z",
  "method": "GET",
  "url": "/api/finance/projects?search=&status=all&year=2025",
  "ip": "::1",
  "userId": "anonymous",
  "userAgent": "Mozilla/5.0 (Windows NT 10.0; Win64; x64) AppleWebKit/537.36 (KHTML, like Gecko) Chrome/142.0.0.0 Safari/537.36"
}
[2025-11-13T09:53:33.432Z] [INFO] {
  "timestamp": "2025-11-13T09:53:33.432Z",
  "method": "GET",
  "url": "/api/finance/stats?year=2025",
  "ip": "::1",
  "userId": "anonymous",
  "userAgent": "Mozilla/5.0 (Windows NT 10.0; Win64; x64) AppleWebKit/537.36 (KHTML, like Gecko) Chrome/142.0.0.0 Safari/537.36"
}
[2025-11-13T09:53:33.438Z] [INFO] {
  "timestamp": "2025-11-13T09:53:33.438Z",
  "method": "GET",
  "url": "/favicon.ico",
  "ip": "127.0.0.1",
  "userId": "anonymous",
  "userAgent": "Mozilla/5.0 (Windows NT 10.0; Win64; x64) AppleWebKit/537.36 (KHTML, like Gecko) Chrome/142.0.0.0 Safari/537.36"
}
[2025-11-13T09:53:33.439Z] [INFO] {
  "timestamp": "2025-11-13T09:53:33.439Z",
  "method": "GET",
  "url": "/favicon.ico",
  "statusCode": 200,
  "responseTime": "1ms",
  "userId": "anonymous"
}
[2025-11-13T09:53:33.455Z] [INFO] {
  "timestamp": "2025-11-13T09:53:33.455Z",
  "method": "GET",
  "url": "/api/clients",
  "statusCode": 200,
  "responseTime": "31ms",
  "userId": "690c4c43be8f36eb0f3c17b9"
}
[2025-11-13T09:53:33.462Z] [INFO] {
  "timestamp": "2025-11-13T09:53:33.462Z",
  "method": "GET",
  "url": "/api/clients",
  "ip": "::1",
  "userId": "anonymous",
  "userAgent": "Mozilla/5.0 (Windows NT 10.0; Win64; x64) AppleWebKit/537.36 (KHTML, like Gecko) Chrome/142.0.0.0 Safari/537.36"
}
[2025-11-13T09:53:33.475Z] [INFO] {
  "timestamp": "2025-11-13T09:53:33.475Z",
  "method": "GET",
  "url": "/api/finance/projects?search=&status=all&year=2025",
  "statusCode": 200,
  "responseTime": "47ms",
  "userId": "690c4c43be8f36eb0f3c17b9"
}
[2025-11-13T09:53:33.480Z] [INFO] {
  "timestamp": "2025-11-13T09:53:33.480Z",
  "method": "GET",
  "url": "/api/clients",
  "statusCode": 200,
  "responseTime": "18ms",
  "userId": "690c4c43be8f36eb0f3c17b9"
}
[2025-11-13T09:53:33.489Z] [INFO] {
  "timestamp": "2025-11-13T09:53:33.489Z",
  "method": "GET",
  "url": "/api/finance/projects?search=&status=all&year=2025",
  "ip": "::1",
  "userId": "anonymous",
  "userAgent": "Mozilla/5.0 (Windows NT 10.0; Win64; x64) AppleWebKit/537.36 (KHTML, like Gecko) Chrome/142.0.0.0 Safari/537.36"
}
[2025-11-13T09:53:33.495Z] [INFO] {
  "timestamp": "2025-11-13T09:53:33.495Z",
  "method": "GET",
  "url": "/api/finance/stats?year=2025",
  "statusCode": 200,
  "responseTime": "63ms",
  "userId": "690c4c43be8f36eb0f3c17b9"
}
[2025-11-13T09:53:33.500Z] [INFO] {
  "timestamp": "2025-11-13T09:53:33.500Z",
  "method": "GET",
  "url": "/api/finance/stats?year=2025",
  "ip": "::1",
  "userId": "anonymous",
  "userAgent": "Mozilla/5.0 (Windows NT 10.0; Win64; x64) AppleWebKit/537.36 (KHTML, like Gecko) Chrome/142.0.0.0 Safari/537.36"
}
[2025-11-13T09:53:33.517Z] [INFO] {
  "timestamp": "2025-11-13T09:53:33.517Z",
  "method": "GET",
  "url": "/api/finance/projects?search=&status=all&year=2025",
  "statusCode": 200,
  "responseTime": "28ms",
  "userId": "690c4c43be8f36eb0f3c17b9"
}
[2025-11-13T09:53:33.536Z] [INFO] {
  "timestamp": "2025-11-13T09:53:33.536Z",
  "method": "GET",
  "url": "/api/finance/stats?year=2025",
  "statusCode": 200,
  "responseTime": "36ms",
  "userId": "690c4c43be8f36eb0f3c17b9"
}
[2025-11-13T09:53:35.723Z] [INFO] {
  "timestamp": "2025-11-13T09:53:35.723Z",
  "method": "GET",
  "url": "/api/associates",
  "ip": "::1",
  "userId": "anonymous",
  "userAgent": "Mozilla/5.0 (Windows NT 10.0; Win64; x64) AppleWebKit/537.36 (KHTML, like Gecko) Chrome/142.0.0.0 Safari/537.36"
}
[2025-11-13T09:53:35.735Z] [INFO] {
  "timestamp": "2025-11-13T09:53:35.735Z",
  "method": "GET",
  "url": "/api/associates",
  "statusCode": 200,
  "responseTime": "12ms",
  "userId": "690c4c43be8f36eb0f3c17b9"
}
[2025-11-13T09:53:35.739Z] [INFO] {
  "timestamp": "2025-11-13T09:53:35.739Z",
  "method": "GET",
  "url": "/api/associates",
  "ip": "::1",
  "userId": "anonymous",
  "userAgent": "Mozilla/5.0 (Windows NT 10.0; Win64; x64) AppleWebKit/537.36 (KHTML, like Gecko) Chrome/142.0.0.0 Safari/537.36"
}
[2025-11-13T09:53:35.748Z] [INFO] {
  "timestamp": "2025-11-13T09:53:35.747Z",
  "method": "GET",
  "url": "/api/associates",
  "statusCode": 200,
  "responseTime": "8ms",
  "userId": "690c4c43be8f36eb0f3c17b9"
}
[2025-11-13T09:53:36.040Z] [INFO] {
  "timestamp": "2025-11-13T09:53:36.040Z",
  "method": "GET",
  "url": "/favicon.ico",
  "ip": "127.0.0.1",
  "userId": "anonymous",
  "userAgent": "Mozilla/5.0 (Windows NT 10.0; Win64; x64) AppleWebKit/537.36 (KHTML, like Gecko) Chrome/142.0.0.0 Safari/537.36"
}
[2025-11-13T09:53:36.041Z] [INFO] {
  "timestamp": "2025-11-13T09:53:36.041Z",
  "method": "GET",
  "url": "/favicon.ico",
  "statusCode": 200,
  "responseTime": "1ms",
  "userId": "anonymous"
}
[2025-11-13T09:53:39.136Z] [INFO] {
  "timestamp": "2025-11-13T09:53:39.136Z",
  "method": "GET",
  "url": "/api/clients",
  "ip": "::1",
  "userId": "anonymous",
  "userAgent": "Mozilla/5.0 (Windows NT 10.0; Win64; x64) AppleWebKit/537.36 (KHTML, like Gecko) Chrome/142.0.0.0 Safari/537.36"
}
[2025-11-13T09:53:39.145Z] [INFO] {
  "timestamp": "2025-11-13T09:53:39.145Z",
  "method": "GET",
  "url": "/api/clients",
  "statusCode": 200,
  "responseTime": "9ms",
  "userId": "690c4c43be8f36eb0f3c17b9"
}
[2025-11-13T09:53:39.149Z] [INFO] {
  "timestamp": "2025-11-13T09:53:39.149Z",
  "method": "GET",
  "url": "/api/finance/projects?search=&status=all&year=2025",
  "ip": "::1",
  "userId": "anonymous",
  "userAgent": "Mozilla/5.0 (Windows NT 10.0; Win64; x64) AppleWebKit/537.36 (KHTML, like Gecko) Chrome/142.0.0.0 Safari/537.36"
}
[2025-11-13T09:53:39.152Z] [INFO] {
  "timestamp": "2025-11-13T09:53:39.152Z",
  "method": "GET",
  "url": "/api/finance/stats?year=2025",
  "ip": "::1",
  "userId": "anonymous",
  "userAgent": "Mozilla/5.0 (Windows NT 10.0; Win64; x64) AppleWebKit/537.36 (KHTML, like Gecko) Chrome/142.0.0.0 Safari/537.36"
}
[2025-11-13T09:53:39.156Z] [INFO] {
  "timestamp": "2025-11-13T09:53:39.156Z",
  "method": "GET",
  "url": "/api/clients",
  "ip": "::1",
  "userId": "anonymous",
  "userAgent": "Mozilla/5.0 (Windows NT 10.0; Win64; x64) AppleWebKit/537.36 (KHTML, like Gecko) Chrome/142.0.0.0 Safari/537.36"
}
[2025-11-13T09:53:39.162Z] [INFO] {
  "timestamp": "2025-11-13T09:53:39.162Z",
  "method": "GET",
  "url": "/favicon.ico",
  "ip": "127.0.0.1",
  "userId": "anonymous",
  "userAgent": "Mozilla/5.0 (Windows NT 10.0; Win64; x64) AppleWebKit/537.36 (KHTML, like Gecko) Chrome/142.0.0.0 Safari/537.36"
}
[2025-11-13T09:53:39.164Z] [INFO] {
  "timestamp": "2025-11-13T09:53:39.164Z",
  "method": "GET",
  "url": "/favicon.ico",
  "statusCode": 200,
  "responseTime": "2ms",
  "userId": "anonymous"
}
[2025-11-13T09:53:39.179Z] [INFO] {
  "timestamp": "2025-11-13T09:53:39.179Z",
  "method": "GET",
  "url": "/api/clients",
  "statusCode": 200,
  "responseTime": "23ms",
  "userId": "690c4c43be8f36eb0f3c17b9"
}
[2025-11-13T09:53:39.190Z] [INFO] {
  "timestamp": "2025-11-13T09:53:39.190Z",
  "method": "GET",
  "url": "/api/finance/projects?search=&status=all&year=2025",
  "statusCode": 200,
  "responseTime": "41ms",
  "userId": "690c4c43be8f36eb0f3c17b9"
}
[2025-11-13T09:53:39.201Z] [INFO] {
  "timestamp": "2025-11-13T09:53:39.201Z",
  "method": "GET",
  "url": "/api/finance/projects?search=&status=all&year=2025",
  "ip": "::1",
  "userId": "anonymous",
  "userAgent": "Mozilla/5.0 (Windows NT 10.0; Win64; x64) AppleWebKit/537.36 (KHTML, like Gecko) Chrome/142.0.0.0 Safari/537.36"
}
[2025-11-13T09:53:39.209Z] [INFO] {
  "timestamp": "2025-11-13T09:53:39.209Z",
  "method": "GET",
  "url": "/api/finance/stats?year=2025",
  "statusCode": 200,
  "responseTime": "57ms",
  "userId": "690c4c43be8f36eb0f3c17b9"
}
[2025-11-13T09:53:39.217Z] [INFO] {
  "timestamp": "2025-11-13T09:53:39.216Z",
  "method": "GET",
  "url": "/api/finance/stats?year=2025",
  "ip": "::1",
  "userId": "anonymous",
  "userAgent": "Mozilla/5.0 (Windows NT 10.0; Win64; x64) AppleWebKit/537.36 (KHTML, like Gecko) Chrome/142.0.0.0 Safari/537.36"
}
[2025-11-13T09:53:39.226Z] [INFO] {
  "timestamp": "2025-11-13T09:53:39.226Z",
  "method": "GET",
  "url": "/api/finance/projects?search=&status=all&year=2025",
  "statusCode": 200,
  "responseTime": "25ms",
  "userId": "690c4c43be8f36eb0f3c17b9"
}
[2025-11-13T09:53:39.247Z] [INFO] {
  "timestamp": "2025-11-13T09:53:39.247Z",
  "method": "GET",
  "url": "/api/finance/stats?year=2025",
  "statusCode": 200,
  "responseTime": "31ms",
  "userId": "690c4c43be8f36eb0f3c17b9"
}
[2025-11-13T09:57:11.098Z] [INFO] {
  "timestamp": "2025-11-13T09:57:11.098Z",
  "method": "GET",
  "url": "/api/clients",
  "ip": "::1",
  "userId": "anonymous",
  "userAgent": "Mozilla/5.0 (Windows NT 10.0; Win64; x64) AppleWebKit/537.36 (KHTML, like Gecko) Chrome/142.0.0.0 Safari/537.36"
}
[2025-11-13T09:57:11.108Z] [INFO] {
  "timestamp": "2025-11-13T09:57:11.108Z",
  "method": "GET",
  "url": "/api/finance/projects?search=&status=all&year=2025",
  "ip": "::1",
  "userId": "anonymous",
  "userAgent": "Mozilla/5.0 (Windows NT 10.0; Win64; x64) AppleWebKit/537.36 (KHTML, like Gecko) Chrome/142.0.0.0 Safari/537.36"
}
[2025-11-13T09:57:11.113Z] [INFO] {
  "timestamp": "2025-11-13T09:57:11.113Z",
  "method": "GET",
  "url": "/api/finance/stats?year=2025",
  "ip": "::1",
  "userId": "anonymous",
  "userAgent": "Mozilla/5.0 (Windows NT 10.0; Win64; x64) AppleWebKit/537.36 (KHTML, like Gecko) Chrome/142.0.0.0 Safari/537.36"
}
[2025-11-13T09:57:11.138Z] [INFO] {
  "timestamp": "2025-11-13T09:57:11.137Z",
  "method": "GET",
  "url": "/api/clients",
  "statusCode": 200,
  "responseTime": "39ms",
  "userId": "690c4c43be8f36eb0f3c17b9"
}
[2025-11-13T09:57:11.159Z] [INFO] {
  "timestamp": "2025-11-13T09:57:11.159Z",
  "method": "GET",
  "url": "/api/finance/projects?search=&status=all&year=2025",
  "statusCode": 200,
  "responseTime": "51ms",
  "userId": "690c4c43be8f36eb0f3c17b9"
}
[2025-11-13T09:57:11.177Z] [INFO] {
  "timestamp": "2025-11-13T09:57:11.177Z",
  "method": "GET",
  "url": "/api/finance/stats?year=2025",
  "statusCode": 200,
  "responseTime": "64ms",
  "userId": "690c4c43be8f36eb0f3c17b9"
}
[2025-11-13T09:57:36.075Z] [INFO] {
  "timestamp": "2025-11-13T09:57:36.075Z",
  "method": "GET",
  "url": "/api/clients",
  "ip": "::1",
  "userId": "anonymous",
  "userAgent": "Mozilla/5.0 (Windows NT 10.0; Win64; x64) AppleWebKit/537.36 (KHTML, like Gecko) Chrome/142.0.0.0 Safari/537.36"
}
[2025-11-13T09:57:36.078Z] [INFO] {
  "timestamp": "2025-11-13T09:57:36.078Z",
  "method": "GET",
  "url": "/api/finance/projects?search=&status=all&year=2025",
  "ip": "::1",
  "userId": "anonymous",
  "userAgent": "Mozilla/5.0 (Windows NT 10.0; Win64; x64) AppleWebKit/537.36 (KHTML, like Gecko) Chrome/142.0.0.0 Safari/537.36"
}
[2025-11-13T09:57:36.081Z] [INFO] {
  "timestamp": "2025-11-13T09:57:36.081Z",
  "method": "GET",
  "url": "/api/finance/stats?year=2025",
  "ip": "::1",
  "userId": "anonymous",
  "userAgent": "Mozilla/5.0 (Windows NT 10.0; Win64; x64) AppleWebKit/537.36 (KHTML, like Gecko) Chrome/142.0.0.0 Safari/537.36"
}
[2025-11-13T09:57:36.092Z] [INFO] {
  "timestamp": "2025-11-13T09:57:36.092Z",
  "method": "GET",
  "url": "/api/clients",
  "statusCode": 200,
  "responseTime": "17ms",
  "userId": "690c4c43be8f36eb0f3c17b9"
}
[2025-11-13T09:57:36.110Z] [INFO] {
  "timestamp": "2025-11-13T09:57:36.110Z",
  "method": "GET",
  "url": "/api/finance/projects?search=&status=all&year=2025",
  "statusCode": 200,
  "responseTime": "32ms",
  "userId": "690c4c43be8f36eb0f3c17b9"
}
[2025-11-13T09:57:36.125Z] [INFO] {
  "timestamp": "2025-11-13T09:57:36.125Z",
  "method": "GET",
  "url": "/api/finance/stats?year=2025",
  "statusCode": 200,
  "responseTime": "44ms",
  "userId": "690c4c43be8f36eb0f3c17b9"
}
[2025-11-13T09:57:56.014Z] [INFO] {
  "timestamp": "2025-11-13T09:57:56.014Z",
  "method": "GET",
  "url": "/api/associates",
  "ip": "::1",
  "userId": "anonymous",
  "userAgent": "Mozilla/5.0 (Windows NT 10.0; Win64; x64) AppleWebKit/537.36 (KHTML, like Gecko) Chrome/142.0.0.0 Safari/537.36"
}
[2025-11-13T09:57:56.024Z] [INFO] {
  "timestamp": "2025-11-13T09:57:56.024Z",
  "method": "GET",
  "url": "/api/associates",
  "statusCode": 200,
  "responseTime": "10ms",
  "userId": "690c4c43be8f36eb0f3c17b9"
}
[2025-11-13T09:57:56.031Z] [INFO] {
  "timestamp": "2025-11-13T09:57:56.031Z",
  "method": "GET",
  "url": "/api/associates",
  "ip": "::1",
  "userId": "anonymous",
  "userAgent": "Mozilla/5.0 (Windows NT 10.0; Win64; x64) AppleWebKit/537.36 (KHTML, like Gecko) Chrome/142.0.0.0 Safari/537.36"
}
[2025-11-13T09:57:56.037Z] [INFO] {
  "timestamp": "2025-11-13T09:57:56.037Z",
  "method": "GET",
  "url": "/api/associates",
  "statusCode": 200,
  "responseTime": "6ms",
  "userId": "690c4c43be8f36eb0f3c17b9"
}
[2025-11-13T10:00:17.223Z] [INFO] {
  "timestamp": "2025-11-13T10:00:17.223Z",
  "method": "GET",
  "url": "/api/associates",
  "ip": "::1",
  "userId": "anonymous",
  "userAgent": "Mozilla/5.0 (Windows NT 10.0; Win64; x64) AppleWebKit/537.36 (KHTML, like Gecko) Chrome/142.0.0.0 Safari/537.36"
}
[2025-11-13T10:00:17.229Z] [INFO] {
  "timestamp": "2025-11-13T10:00:17.228Z",
  "method": "GET",
  "url": "/api/clients",
  "ip": "::1",
  "userId": "anonymous",
  "userAgent": "Mozilla/5.0 (Windows NT 10.0; Win64; x64) AppleWebKit/537.36 (KHTML, like Gecko) Chrome/142.0.0.0 Safari/537.36"
}
[2025-11-13T10:00:17.233Z] [INFO] {
  "timestamp": "2025-11-13T10:00:17.233Z",
  "method": "GET",
  "url": "/api/finance/projects?search=&status=all&year=2025",
  "ip": "::1",
  "userId": "anonymous",
  "userAgent": "Mozilla/5.0 (Windows NT 10.0; Win64; x64) AppleWebKit/537.36 (KHTML, like Gecko) Chrome/142.0.0.0 Safari/537.36"
}
[2025-11-13T10:00:17.237Z] [INFO] {
  "timestamp": "2025-11-13T10:00:17.237Z",
  "method": "GET",
  "url": "/api/finance/stats?year=2025",
  "ip": "::1",
  "userId": "anonymous",
  "userAgent": "Mozilla/5.0 (Windows NT 10.0; Win64; x64) AppleWebKit/537.36 (KHTML, like Gecko) Chrome/142.0.0.0 Safari/537.36"
}
[2025-11-13T10:00:17.258Z] [INFO] {
  "timestamp": "2025-11-13T10:00:17.258Z",
  "method": "GET",
  "url": "/api/associates",
  "statusCode": 200,
  "responseTime": "35ms",
  "userId": "690c4c43be8f36eb0f3c17b9"
}
[2025-11-13T10:00:17.260Z] [INFO] {
  "timestamp": "2025-11-13T10:00:17.260Z",
  "method": "GET",
  "url": "/api/clients",
  "statusCode": 200,
  "responseTime": "32ms",
  "userId": "690c4c43be8f36eb0f3c17b9"
}
[2025-11-13T10:00:17.275Z] [INFO] {
  "timestamp": "2025-11-13T10:00:17.275Z",
  "method": "GET",
  "url": "/api/finance/projects?search=&status=all&year=2025",
  "statusCode": 200,
  "responseTime": "42ms",
  "userId": "690c4c43be8f36eb0f3c17b9"
}
[2025-11-13T10:00:17.299Z] [INFO] {
  "timestamp": "2025-11-13T10:00:17.299Z",
  "method": "GET",
  "url": "/api/finance/stats?year=2025",
  "statusCode": 200,
  "responseTime": "62ms",
  "userId": "690c4c43be8f36eb0f3c17b9"
}
[2025-11-13T10:01:16.109Z] [INFO] {
  "timestamp": "2025-11-13T10:01:16.109Z",
  "method": "POST",
  "url": "/api/associates",
  "ip": "::1",
  "userId": "anonymous",
  "userAgent": "Mozilla/5.0 (Windows NT 10.0; Win64; x64) AppleWebKit/537.36 (KHTML, like Gecko) Chrome/142.0.0.0 Safari/537.36"
}
[2025-11-13T10:01:16.135Z] [INFO] {
  "timestamp": "2025-11-13T10:01:16.135Z",
  "method": "POST",
  "url": "/api/associates",
  "statusCode": 201,
  "responseTime": "26ms",
  "userId": "690c4c43be8f36eb0f3c17b9"
}
[2025-11-13T10:01:16.142Z] [INFO] {
  "timestamp": "2025-11-13T10:01:16.142Z",
  "method": "GET",
  "url": "/api/associates",
  "ip": "::1",
  "userId": "anonymous",
  "userAgent": "Mozilla/5.0 (Windows NT 10.0; Win64; x64) AppleWebKit/537.36 (KHTML, like Gecko) Chrome/142.0.0.0 Safari/537.36"
}
[2025-11-13T10:01:16.150Z] [INFO] {
  "timestamp": "2025-11-13T10:01:16.150Z",
  "method": "GET",
  "url": "/api/associates",
  "statusCode": 200,
  "responseTime": "8ms",
  "userId": "690c4c43be8f36eb0f3c17b9"
}
[2025-11-13T10:01:33.198Z] [INFO] {
  "timestamp": "2025-11-13T10:01:33.198Z",
  "method": "GET",
  "url": "/api/associates",
  "ip": "::1",
  "userId": "anonymous",
  "userAgent": "Mozilla/5.0 (Windows NT 10.0; Win64; x64) AppleWebKit/537.36 (KHTML, like Gecko) Chrome/142.0.0.0 Safari/537.36"
}
[2025-11-13T10:01:33.207Z] [INFO] {
  "timestamp": "2025-11-13T10:01:33.207Z",
  "method": "GET",
  "url": "/api/associates",
  "statusCode": 200,
  "responseTime": "9ms",
  "userId": "690c4c43be8f36eb0f3c17b9"
}
[2025-11-13T10:01:33.211Z] [INFO] {
  "timestamp": "2025-11-13T10:01:33.211Z",
  "method": "GET",
  "url": "/api/associates",
  "ip": "::1",
  "userId": "anonymous",
  "userAgent": "Mozilla/5.0 (Windows NT 10.0; Win64; x64) AppleWebKit/537.36 (KHTML, like Gecko) Chrome/142.0.0.0 Safari/537.36"
}
[2025-11-13T10:01:33.222Z] [INFO] {
  "timestamp": "2025-11-13T10:01:33.222Z",
  "method": "GET",
  "url": "/api/associates",
  "statusCode": 200,
  "responseTime": "11ms",
  "userId": "690c4c43be8f36eb0f3c17b9"
}
[2025-11-13T10:01:33.520Z] [INFO] {
  "timestamp": "2025-11-13T10:01:33.520Z",
  "method": "GET",
  "url": "/favicon.ico",
  "ip": "127.0.0.1",
  "userId": "anonymous",
  "userAgent": "Mozilla/5.0 (Windows NT 10.0; Win64; x64) AppleWebKit/537.36 (KHTML, like Gecko) Chrome/142.0.0.0 Safari/537.36"
}
[2025-11-13T10:01:33.522Z] [INFO] {
  "timestamp": "2025-11-13T10:01:33.522Z",
  "method": "GET",
  "url": "/favicon.ico",
  "statusCode": 200,
  "responseTime": "2ms",
  "userId": "anonymous"
}
[2025-11-13T10:01:35.211Z] [INFO] {
  "timestamp": "2025-11-13T10:01:35.211Z",
  "method": "GET",
  "url": "/api/finance/clients/undefined/projects",
  "ip": "::1",
  "userId": "anonymous",
  "userAgent": "Mozilla/5.0 (Windows NT 10.0; Win64; x64) AppleWebKit/537.36 (KHTML, like Gecko) Chrome/142.0.0.0 Safari/537.36"
}
[2025-11-13T10:01:35.222Z] [INFO] {
  "timestamp": "2025-11-13T10:01:35.222Z",
  "method": "GET",
  "url": "/favicon.ico",
  "ip": "127.0.0.1",
  "userId": "anonymous",
  "userAgent": "Mozilla/5.0 (Windows NT 10.0; Win64; x64) AppleWebKit/537.36 (KHTML, like Gecko) Chrome/142.0.0.0 Safari/537.36"
}
[2025-11-13T10:01:35.223Z] [INFO] {
  "timestamp": "2025-11-13T10:01:35.223Z",
  "method": "GET",
  "url": "/favicon.ico",
  "statusCode": 200,
  "responseTime": "1ms",
  "userId": "anonymous"
}
[2025-11-13T10:01:35.236Z] [INFO] {
  "timestamp": "2025-11-13T10:01:35.236Z",
  "method": "GET",
  "url": "/api/finance/clients/undefined/projects",
  "statusCode": 500,
  "responseTime": "25ms",
  "userId": "690c4c43be8f36eb0f3c17b9"
}
[2025-11-13T10:01:35.241Z] [INFO] {
  "timestamp": "2025-11-13T10:01:35.241Z",
  "method": "GET",
  "url": "/api/finance/clients/undefined/projects",
  "ip": "::1",
  "userId": "anonymous",
  "userAgent": "Mozilla/5.0 (Windows NT 10.0; Win64; x64) AppleWebKit/537.36 (KHTML, like Gecko) Chrome/142.0.0.0 Safari/537.36"
}
[2025-11-13T10:01:35.252Z] [INFO] {
  "timestamp": "2025-11-13T10:01:35.252Z",
  "method": "GET",
  "url": "/api/finance/clients/undefined/projects",
  "statusCode": 500,
  "responseTime": "11ms",
  "userId": "690c4c43be8f36eb0f3c17b9"
}
[2025-11-13T10:01:36.906Z] [INFO] {
  "timestamp": "2025-11-13T10:01:36.906Z",
  "method": "GET",
  "url": "/api/associates",
  "ip": "::1",
  "userId": "anonymous",
  "userAgent": "Mozilla/5.0 (Windows NT 10.0; Win64; x64) AppleWebKit/537.36 (KHTML, like Gecko) Chrome/142.0.0.0 Safari/537.36"
}
[2025-11-13T10:01:36.914Z] [INFO] {
  "timestamp": "2025-11-13T10:01:36.913Z",
  "method": "GET",
  "url": "/api/associates",
  "statusCode": 200,
  "responseTime": "7ms",
  "userId": "690c4c43be8f36eb0f3c17b9"
}
[2025-11-13T10:01:36.918Z] [INFO] {
  "timestamp": "2025-11-13T10:01:36.918Z",
  "method": "GET",
  "url": "/api/associates",
  "ip": "::1",
  "userId": "anonymous",
  "userAgent": "Mozilla/5.0 (Windows NT 10.0; Win64; x64) AppleWebKit/537.36 (KHTML, like Gecko) Chrome/142.0.0.0 Safari/537.36"
}
[2025-11-13T10:01:36.927Z] [INFO] {
  "timestamp": "2025-11-13T10:01:36.927Z",
  "method": "GET",
  "url": "/api/associates",
  "statusCode": 200,
  "responseTime": "9ms",
  "userId": "690c4c43be8f36eb0f3c17b9"
}
[2025-11-13T10:01:37.228Z] [INFO] {
  "timestamp": "2025-11-13T10:01:37.228Z",
  "method": "GET",
  "url": "/favicon.ico",
  "ip": "127.0.0.1",
  "userId": "anonymous",
  "userAgent": "Mozilla/5.0 (Windows NT 10.0; Win64; x64) AppleWebKit/537.36 (KHTML, like Gecko) Chrome/142.0.0.0 Safari/537.36"
}
[2025-11-13T10:01:37.229Z] [INFO] {
  "timestamp": "2025-11-13T10:01:37.229Z",
  "method": "GET",
  "url": "/favicon.ico",
  "statusCode": 200,
  "responseTime": "1ms",
  "userId": "anonymous"
}
[2025-11-13T10:01:40.778Z] [INFO] {
  "timestamp": "2025-11-13T10:01:40.778Z",
  "method": "GET",
  "url": "/api/finance/clients/undefined/projects",
  "ip": "::1",
  "userId": "anonymous",
  "userAgent": "Mozilla/5.0 (Windows NT 10.0; Win64; x64) AppleWebKit/537.36 (KHTML, like Gecko) Chrome/142.0.0.0 Safari/537.36"
}
[2025-11-13T10:01:40.782Z] [INFO] {
  "timestamp": "2025-11-13T10:01:40.782Z",
  "method": "GET",
  "url": "/favicon.ico",
  "ip": "127.0.0.1",
  "userId": "anonymous",
  "userAgent": "Mozilla/5.0 (Windows NT 10.0; Win64; x64) AppleWebKit/537.36 (KHTML, like Gecko) Chrome/142.0.0.0 Safari/537.36"
}
[2025-11-13T10:01:40.783Z] [INFO] {
  "timestamp": "2025-11-13T10:01:40.783Z",
  "method": "GET",
  "url": "/favicon.ico",
  "statusCode": 200,
  "responseTime": "1ms",
  "userId": "anonymous"
}
[2025-11-13T10:01:40.795Z] [INFO] {
  "timestamp": "2025-11-13T10:01:40.795Z",
  "method": "GET",
  "url": "/api/finance/clients/undefined/projects",
  "statusCode": 500,
  "responseTime": "17ms",
  "userId": "690c4c43be8f36eb0f3c17b9"
}
[2025-11-13T10:01:40.802Z] [INFO] {
  "timestamp": "2025-11-13T10:01:40.802Z",
  "method": "GET",
  "url": "/api/finance/clients/undefined/projects",
  "ip": "::1",
  "userId": "anonymous",
  "userAgent": "Mozilla/5.0 (Windows NT 10.0; Win64; x64) AppleWebKit/537.36 (KHTML, like Gecko) Chrome/142.0.0.0 Safari/537.36"
}
[2025-11-13T10:01:40.820Z] [INFO] {
  "timestamp": "2025-11-13T10:01:40.820Z",
  "method": "GET",
  "url": "/api/finance/clients/undefined/projects",
  "statusCode": 500,
  "responseTime": "18ms",
  "userId": "690c4c43be8f36eb0f3c17b9"
}
[2025-11-13T10:01:42.929Z] [INFO] {
  "timestamp": "2025-11-13T10:01:42.929Z",
  "method": "GET",
  "url": "/api/associates",
  "ip": "::1",
  "userId": "anonymous",
  "userAgent": "Mozilla/5.0 (Windows NT 10.0; Win64; x64) AppleWebKit/537.36 (KHTML, like Gecko) Chrome/142.0.0.0 Safari/537.36"
}
[2025-11-13T10:01:42.941Z] [INFO] {
  "timestamp": "2025-11-13T10:01:42.941Z",
  "method": "GET",
  "url": "/api/associates",
  "statusCode": 200,
  "responseTime": "12ms",
  "userId": "690c4c43be8f36eb0f3c17b9"
}
[2025-11-13T10:01:42.947Z] [INFO] {
  "timestamp": "2025-11-13T10:01:42.947Z",
  "method": "GET",
  "url": "/api/associates",
  "ip": "::1",
  "userId": "anonymous",
  "userAgent": "Mozilla/5.0 (Windows NT 10.0; Win64; x64) AppleWebKit/537.36 (KHTML, like Gecko) Chrome/142.0.0.0 Safari/537.36"
}
[2025-11-13T10:01:42.955Z] [INFO] {
  "timestamp": "2025-11-13T10:01:42.955Z",
  "method": "GET",
  "url": "/api/associates",
  "statusCode": 200,
  "responseTime": "8ms",
  "userId": "690c4c43be8f36eb0f3c17b9"
}
[2025-11-13T10:01:43.239Z] [INFO] {
  "timestamp": "2025-11-13T10:01:43.239Z",
  "method": "GET",
  "url": "/favicon.ico",
  "ip": "127.0.0.1",
  "userId": "anonymous",
  "userAgent": "Mozilla/5.0 (Windows NT 10.0; Win64; x64) AppleWebKit/537.36 (KHTML, like Gecko) Chrome/142.0.0.0 Safari/537.36"
}
[2025-11-13T10:01:43.240Z] [INFO] {
  "timestamp": "2025-11-13T10:01:43.240Z",
  "method": "GET",
  "url": "/favicon.ico",
  "statusCode": 200,
  "responseTime": "1ms",
  "userId": "anonymous"
}
[2025-11-13T10:01:47.441Z] [INFO] {
  "timestamp": "2025-11-13T10:01:47.441Z",
  "method": "GET",
  "url": "/api/clients",
  "ip": "::1",
  "userId": "anonymous",
  "userAgent": "Mozilla/5.0 (Windows NT 10.0; Win64; x64) AppleWebKit/537.36 (KHTML, like Gecko) Chrome/142.0.0.0 Safari/537.36"
}
[2025-11-13T10:01:47.454Z] [INFO] {
  "timestamp": "2025-11-13T10:01:47.454Z",
  "method": "GET",
  "url": "/api/clients",
  "statusCode": 200,
  "responseTime": "13ms",
  "userId": "690c4c43be8f36eb0f3c17b9"
}
[2025-11-13T10:01:47.457Z] [INFO] {
  "timestamp": "2025-11-13T10:01:47.457Z",
  "method": "GET",
  "url": "/api/finance/projects?search=&status=all&year=2025",
  "ip": "::1",
  "userId": "anonymous",
  "userAgent": "Mozilla/5.0 (Windows NT 10.0; Win64; x64) AppleWebKit/537.36 (KHTML, like Gecko) Chrome/142.0.0.0 Safari/537.36"
}
[2025-11-13T10:01:47.461Z] [INFO] {
  "timestamp": "2025-11-13T10:01:47.461Z",
  "method": "GET",
  "url": "/api/finance/stats?year=2025",
  "ip": "::1",
  "userId": "anonymous",
  "userAgent": "Mozilla/5.0 (Windows NT 10.0; Win64; x64) AppleWebKit/537.36 (KHTML, like Gecko) Chrome/142.0.0.0 Safari/537.36"
}
[2025-11-13T10:01:47.463Z] [INFO] {
  "timestamp": "2025-11-13T10:01:47.463Z",
  "method": "GET",
  "url": "/api/clients",
  "ip": "::1",
  "userId": "anonymous",
  "userAgent": "Mozilla/5.0 (Windows NT 10.0; Win64; x64) AppleWebKit/537.36 (KHTML, like Gecko) Chrome/142.0.0.0 Safari/537.36"
}
[2025-11-13T10:01:47.467Z] [INFO] {
  "timestamp": "2025-11-13T10:01:47.467Z",
  "method": "GET",
  "url": "/favicon.ico",
  "ip": "127.0.0.1",
  "userId": "anonymous",
  "userAgent": "Mozilla/5.0 (Windows NT 10.0; Win64; x64) AppleWebKit/537.36 (KHTML, like Gecko) Chrome/142.0.0.0 Safari/537.36"
}
[2025-11-13T10:01:47.469Z] [INFO] {
  "timestamp": "2025-11-13T10:01:47.469Z",
  "method": "GET",
  "url": "/favicon.ico",
  "statusCode": 200,
  "responseTime": "2ms",
  "userId": "anonymous"
}
[2025-11-13T10:01:47.492Z] [INFO] {
  "timestamp": "2025-11-13T10:01:47.492Z",
  "method": "GET",
  "url": "/api/clients",
  "statusCode": 200,
  "responseTime": "29ms",
  "userId": "690c4c43be8f36eb0f3c17b9"
}
[2025-11-13T10:01:47.507Z] [INFO] {
  "timestamp": "2025-11-13T10:01:47.507Z",
  "method": "GET",
  "url": "/api/finance/projects?search=&status=all&year=2025",
  "statusCode": 200,
  "responseTime": "50ms",
  "userId": "690c4c43be8f36eb0f3c17b9"
}
[2025-11-13T10:01:47.520Z] [INFO] {
  "timestamp": "2025-11-13T10:01:47.520Z",
  "method": "GET",
  "url": "/api/finance/projects?search=&status=all&year=2025",
  "ip": "::1",
  "userId": "anonymous",
  "userAgent": "Mozilla/5.0 (Windows NT 10.0; Win64; x64) AppleWebKit/537.36 (KHTML, like Gecko) Chrome/142.0.0.0 Safari/537.36"
}
[2025-11-13T10:01:47.528Z] [INFO] {
  "timestamp": "2025-11-13T10:01:47.528Z",
  "method": "GET",
  "url": "/api/finance/stats?year=2025",
  "statusCode": 200,
  "responseTime": "67ms",
  "userId": "690c4c43be8f36eb0f3c17b9"
}
[2025-11-13T10:01:47.539Z] [INFO] {
  "timestamp": "2025-11-13T10:01:47.539Z",
  "method": "GET",
  "url": "/api/finance/stats?year=2025",
  "ip": "::1",
  "userId": "anonymous",
  "userAgent": "Mozilla/5.0 (Windows NT 10.0; Win64; x64) AppleWebKit/537.36 (KHTML, like Gecko) Chrome/142.0.0.0 Safari/537.36"
}
[2025-11-13T10:01:47.562Z] [INFO] {
  "timestamp": "2025-11-13T10:01:47.562Z",
  "method": "GET",
  "url": "/api/finance/projects?search=&status=all&year=2025",
  "statusCode": 200,
  "responseTime": "42ms",
  "userId": "690c4c43be8f36eb0f3c17b9"
}
[2025-11-13T10:01:47.584Z] [INFO] {
  "timestamp": "2025-11-13T10:01:47.583Z",
  "method": "GET",
  "url": "/api/finance/stats?year=2025",
  "statusCode": 200,
  "responseTime": "44ms",
  "userId": "690c4c43be8f36eb0f3c17b9"
}
[2025-11-13T10:01:48.610Z] [INFO] {
  "timestamp": "2025-11-13T10:01:48.610Z",
  "method": "GET",
  "url": "/api/associates",
  "ip": "::1",
  "userId": "anonymous",
  "userAgent": "Mozilla/5.0 (Windows NT 10.0; Win64; x64) AppleWebKit/537.36 (KHTML, like Gecko) Chrome/142.0.0.0 Safari/537.36"
}
[2025-11-13T10:01:48.620Z] [INFO] {
  "timestamp": "2025-11-13T10:01:48.620Z",
  "method": "GET",
  "url": "/api/associates",
  "statusCode": 200,
  "responseTime": "10ms",
  "userId": "690c4c43be8f36eb0f3c17b9"
}
[2025-11-13T10:01:48.625Z] [INFO] {
  "timestamp": "2025-11-13T10:01:48.625Z",
  "method": "GET",
  "url": "/api/associates",
  "ip": "::1",
  "userId": "anonymous",
  "userAgent": "Mozilla/5.0 (Windows NT 10.0; Win64; x64) AppleWebKit/537.36 (KHTML, like Gecko) Chrome/142.0.0.0 Safari/537.36"
}
[2025-11-13T10:01:48.634Z] [INFO] {
  "timestamp": "2025-11-13T10:01:48.634Z",
  "method": "GET",
  "url": "/api/associates",
  "statusCode": 200,
  "responseTime": "9ms",
  "userId": "690c4c43be8f36eb0f3c17b9"
}
[2025-11-13T10:21:04.146Z] [INFO] {
  "timestamp": "2025-11-13T10:21:04.146Z",
  "method": "GET",
  "url": "/api/auth/me",
  "ip": "::1",
  "userId": "anonymous",
  "userAgent": "Mozilla/5.0 (Windows NT 10.0; Win64; x64) AppleWebKit/537.36 (KHTML, like Gecko) Chrome/142.0.0.0 Safari/537.36"
}
[2025-11-13T10:21:04.160Z] [INFO] {
  "timestamp": "2025-11-13T10:21:04.160Z",
  "method": "GET",
  "url": "/favicon.ico",
  "ip": "127.0.0.1",
  "userId": "anonymous",
  "userAgent": "Mozilla/5.0 (Windows NT 10.0; Win64; x64) AppleWebKit/537.36 (KHTML, like Gecko) Chrome/142.0.0.0 Safari/537.36"
}
[2025-11-13T10:21:04.167Z] [INFO] {
  "timestamp": "2025-11-13T10:21:04.167Z",
  "method": "GET",
  "url": "/favicon.ico",
  "statusCode": 200,
  "responseTime": "7ms",
  "userId": "anonymous"
}
[2025-11-13T10:21:04.213Z] [INFO] {
  "timestamp": "2025-11-13T10:21:04.213Z",
  "method": "GET",
  "url": "/api/auth/me",
  "statusCode": 200,
  "responseTime": "67ms",
  "userId": "690c4c43be8f36eb0f3c17b9"
}
[2025-11-13T10:21:04.227Z] [INFO] {
  "timestamp": "2025-11-13T10:21:04.227Z",
  "method": "GET",
  "url": "/api/auth/me",
  "ip": "::1",
  "userId": "anonymous",
  "userAgent": "Mozilla/5.0 (Windows NT 10.0; Win64; x64) AppleWebKit/537.36 (KHTML, like Gecko) Chrome/142.0.0.0 Safari/537.36"
}
[2025-11-13T10:21:04.248Z] [INFO] {
  "timestamp": "2025-11-13T10:21:04.248Z",
  "method": "GET",
  "url": "/api/auth/me",
  "statusCode": 200,
  "responseTime": "21ms",
  "userId": "690c4c43be8f36eb0f3c17b9"
}
[2025-11-13T10:21:05.004Z] [INFO] {
  "timestamp": "2025-11-13T10:21:05.004Z",
  "method": "GET",
  "url": "/favicon.ico",
  "ip": "127.0.0.1",
  "userId": "anonymous",
  "userAgent": "Mozilla/5.0 (Windows NT 10.0; Win64; x64) AppleWebKit/537.36 (KHTML, like Gecko) Chrome/142.0.0.0 Safari/537.36"
}
[2025-11-13T10:21:05.005Z] [INFO] {
  "timestamp": "2025-11-13T10:21:05.005Z",
  "method": "GET",
  "url": "/favicon.ico",
  "statusCode": 200,
  "responseTime": "2ms",
  "userId": "anonymous"
}
[2025-11-13T10:21:05.017Z] [INFO] {
  "timestamp": "2025-11-13T10:21:05.017Z",
  "method": "GET",
  "url": "/api/activities/recent?limit=3",
  "ip": "127.0.0.1",
  "userId": "anonymous",
  "userAgent": "Mozilla/5.0 (Windows NT 10.0; Win64; x64) AppleWebKit/537.36 (KHTML, like Gecko) Chrome/142.0.0.0 Safari/537.36"
}
[2025-11-13T10:21:05.034Z] [INFO] {
  "timestamp": "2025-11-13T10:21:05.034Z",
  "method": "GET",
  "url": "/api/activities/recent?limit=3",
  "statusCode": 200,
  "responseTime": "17ms",
  "userId": "690c4c43be8f36eb0f3c17b9"
}
[2025-11-13T10:21:05.362Z] [INFO] {
  "timestamp": "2025-11-13T10:21:05.362Z",
  "method": "GET",
  "url": "/api/activities/recent?limit=3",
  "ip": "127.0.0.1",
  "userId": "anonymous",
  "userAgent": "Mozilla/5.0 (Windows NT 10.0; Win64; x64) AppleWebKit/537.36 (KHTML, like Gecko) Chrome/142.0.0.0 Safari/537.36"
}
[2025-11-13T10:21:05.381Z] [INFO] {
  "timestamp": "2025-11-13T10:21:05.380Z",
  "method": "GET",
  "url": "/api/activities/recent?limit=3",
  "statusCode": 200,
  "responseTime": "18ms",
  "userId": "690c4c43be8f36eb0f3c17b9"
}
[2025-11-13T10:21:14.565Z] [INFO] {
  "timestamp": "2025-11-13T10:21:14.565Z",
  "method": "GET",
  "url": "/favicon.ico",
  "ip": "127.0.0.1",
  "userId": "anonymous",
  "userAgent": "Mozilla/5.0 (Windows NT 10.0; Win64; x64) AppleWebKit/537.36 (KHTML, like Gecko) Chrome/142.0.0.0 Safari/537.36"
}
[2025-11-13T10:21:14.572Z] [INFO] {
  "timestamp": "2025-11-13T10:21:14.572Z",
  "method": "GET",
  "url": "/favicon.ico",
  "statusCode": 200,
  "responseTime": "7ms",
  "userId": "anonymous"
}
[2025-11-13T10:21:14.592Z] [INFO] {
  "timestamp": "2025-11-13T10:21:14.592Z",
  "method": "GET",
  "url": "/api/configuration-versions/current",
  "ip": "::1",
  "userId": "anonymous",
  "userAgent": "Mozilla/5.0 (Windows NT 10.0; Win64; x64) AppleWebKit/537.36 (KHTML, like Gecko) Chrome/142.0.0.0 Safari/537.36"
}
[2025-11-13T10:21:14.602Z] [INFO] {
  "timestamp": "2025-11-13T10:21:14.602Z",
  "method": "GET",
  "url": "/api/clients",
  "ip": "::1",
  "userId": "anonymous",
  "userAgent": "Mozilla/5.0 (Windows NT 10.0; Win64; x64) AppleWebKit/537.36 (KHTML, like Gecko) Chrome/142.0.0.0 Safari/537.36"
}
[2025-11-13T10:21:14.607Z] [INFO] {
  "timestamp": "2025-11-13T10:21:14.607Z",
  "method": "GET",
  "url": "/api/finance/projects?search=&status=all&year=2025",
  "ip": "::1",
  "userId": "anonymous",
  "userAgent": "Mozilla/5.0 (Windows NT 10.0; Win64; x64) AppleWebKit/537.36 (KHTML, like Gecko) Chrome/142.0.0.0 Safari/537.36"
}
[2025-11-13T10:21:14.612Z] [INFO] {
  "timestamp": "2025-11-13T10:21:14.612Z",
  "method": "GET",
  "url": "/api/finance/stats?year=2025",
  "ip": "::1",
  "userId": "anonymous",
  "userAgent": "Mozilla/5.0 (Windows NT 10.0; Win64; x64) AppleWebKit/537.36 (KHTML, like Gecko) Chrome/142.0.0.0 Safari/537.36"
}
[2025-11-13T10:21:14.652Z] [INFO] {
  "timestamp": "2025-11-13T10:21:14.652Z",
  "method": "GET",
  "url": "/api/clients",
  "statusCode": 200,
  "responseTime": "50ms",
  "userId": "690c4c43be8f36eb0f3c17b9"
}
[2025-11-13T10:21:14.669Z] [INFO] {
  "timestamp": "2025-11-13T10:21:14.669Z",
  "method": "GET",
  "url": "/api/clients",
  "ip": "::1",
  "userId": "anonymous",
  "userAgent": "Mozilla/5.0 (Windows NT 10.0; Win64; x64) AppleWebKit/537.36 (KHTML, like Gecko) Chrome/142.0.0.0 Safari/537.36"
}
[2025-11-13T10:21:14.736Z] [INFO] {
  "timestamp": "2025-11-13T10:21:14.736Z",
  "method": "GET",
  "url": "/api/configuration-versions/current",
  "statusCode": 200,
  "responseTime": "144ms",
  "userId": "690c4c43be8f36eb0f3c17b9"
}
[2025-11-13T10:21:14.753Z] [INFO] {
  "timestamp": "2025-11-13T10:21:14.753Z",
  "method": "GET",
  "url": "/api/finance/projects?search=&status=all&year=2025",
  "statusCode": 200,
  "responseTime": "146ms",
  "userId": "690c4c43be8f36eb0f3c17b9"
}
[2025-11-13T10:21:14.764Z] [INFO] {
  "timestamp": "2025-11-13T10:21:14.764Z",
  "method": "GET",
  "url": "/api/configuration-versions/current",
  "ip": "::1",
  "userId": "anonymous",
  "userAgent": "Mozilla/5.0 (Windows NT 10.0; Win64; x64) AppleWebKit/537.36 (KHTML, like Gecko) Chrome/142.0.0.0 Safari/537.36"
}
[2025-11-13T10:21:14.770Z] [INFO] {
  "timestamp": "2025-11-13T10:21:14.770Z",
  "method": "GET",
  "url": "/api/clients",
  "statusCode": 200,
  "responseTime": "101ms",
  "userId": "690c4c43be8f36eb0f3c17b9"
}
[2025-11-13T10:21:14.792Z] [INFO] {
  "timestamp": "2025-11-13T10:21:14.792Z",
  "method": "GET",
  "url": "/api/finance/projects?search=&status=all&year=2025",
  "ip": "::1",
  "userId": "anonymous",
  "userAgent": "Mozilla/5.0 (Windows NT 10.0; Win64; x64) AppleWebKit/537.36 (KHTML, like Gecko) Chrome/142.0.0.0 Safari/537.36"
}
[2025-11-13T10:21:14.807Z] [INFO] {
  "timestamp": "2025-11-13T10:21:14.807Z",
  "method": "GET",
  "url": "/api/finance/stats?year=2025",
  "statusCode": 200,
  "responseTime": "195ms",
  "userId": "690c4c43be8f36eb0f3c17b9"
}
[2025-11-13T10:21:14.822Z] [INFO] {
  "timestamp": "2025-11-13T10:21:14.822Z",
  "method": "GET",
  "url": "/api/finance/stats?year=2025",
  "ip": "::1",
  "userId": "anonymous",
  "userAgent": "Mozilla/5.0 (Windows NT 10.0; Win64; x64) AppleWebKit/537.36 (KHTML, like Gecko) Chrome/142.0.0.0 Safari/537.36"
}
[2025-11-13T10:21:14.825Z] [INFO] {
  "timestamp": "2025-11-13T10:21:14.825Z",
  "method": "GET",
  "url": "/api/configuration-versions/current",
  "statusCode": 200,
  "responseTime": "61ms",
  "userId": "690c4c43be8f36eb0f3c17b9"
}
[2025-11-13T10:21:14.854Z] [INFO] {
  "timestamp": "2025-11-13T10:21:14.854Z",
  "method": "GET",
  "url": "/api/finance/projects?search=&status=all&year=2025",
  "statusCode": 200,
  "responseTime": "62ms",
  "userId": "690c4c43be8f36eb0f3c17b9"
}
[2025-11-13T10:21:14.887Z] [INFO] {
  "timestamp": "2025-11-13T10:21:14.887Z",
  "method": "GET",
  "url": "/api/finance/stats?year=2025",
  "statusCode": 200,
  "responseTime": "65ms",
  "userId": "690c4c43be8f36eb0f3c17b9"
}
[2025-11-13T10:21:42.876Z] [INFO] {
  "timestamp": "2025-11-13T10:21:42.876Z",
  "method": "GET",
  "url": "/api/associates",
  "ip": "::1",
  "userId": "anonymous",
  "userAgent": "Mozilla/5.0 (Windows NT 10.0; Win64; x64) AppleWebKit/537.36 (KHTML, like Gecko) Chrome/142.0.0.0 Safari/537.36"
}
[2025-11-13T10:21:42.886Z] [INFO] {
  "timestamp": "2025-11-13T10:21:42.886Z",
  "method": "GET",
  "url": "/api/associates",
  "statusCode": 200,
  "responseTime": "10ms",
  "userId": "690c4c43be8f36eb0f3c17b9"
}
[2025-11-13T10:21:42.890Z] [INFO] {
  "timestamp": "2025-11-13T10:21:42.890Z",
  "method": "GET",
  "url": "/api/associates",
  "ip": "::1",
  "userId": "anonymous",
  "userAgent": "Mozilla/5.0 (Windows NT 10.0; Win64; x64) AppleWebKit/537.36 (KHTML, like Gecko) Chrome/142.0.0.0 Safari/537.36"
}
[2025-11-13T10:21:42.899Z] [INFO] {
  "timestamp": "2025-11-13T10:21:42.899Z",
  "method": "GET",
  "url": "/api/associates",
  "statusCode": 200,
  "responseTime": "9ms",
  "userId": "690c4c43be8f36eb0f3c17b9"
}
[2025-11-13T10:21:46.857Z] [INFO] {
  "timestamp": "2025-11-13T10:21:46.857Z",
  "method": "POST",
  "url": "/api/configuration-versions/save",
  "ip": "::1",
  "userId": "anonymous",
  "userAgent": "Mozilla/5.0 (Windows NT 10.0; Win64; x64) AppleWebKit/537.36 (KHTML, like Gecko) Chrome/142.0.0.0 Safari/537.36"
}
[2025-11-13T10:21:46.906Z] [INFO] {
  "timestamp": "2025-11-13T10:21:46.906Z",
  "method": "POST",
  "url": "/api/configuration-versions/save",
  "statusCode": 200,
  "responseTime": "49ms",
  "userId": "690c4c43be8f36eb0f3c17b9"
}
[2025-11-13T10:22:42.054Z] [INFO] {
  "timestamp": "2025-11-13T10:22:42.054Z",
  "method": "GET",
  "url": "/api/configuration-versions/current",
  "ip": "::1",
  "userId": "anonymous",
  "userAgent": "Mozilla/5.0 (Windows NT 10.0; Win64; x64) AppleWebKit/537.36 (KHTML, like Gecko) Chrome/142.0.0.0 Safari/537.36"
}
[2025-11-13T10:22:42.059Z] [INFO] {
  "timestamp": "2025-11-13T10:22:42.059Z",
  "method": "GET",
  "url": "/api/clients",
  "ip": "::1",
  "userId": "anonymous",
  "userAgent": "Mozilla/5.0 (Windows NT 10.0; Win64; x64) AppleWebKit/537.36 (KHTML, like Gecko) Chrome/142.0.0.0 Safari/537.36"
}
[2025-11-13T10:22:42.070Z] [INFO] {
  "timestamp": "2025-11-13T10:22:42.070Z",
  "method": "GET",
  "url": "/api/finance/projects?search=&status=all&year=2025",
  "ip": "::1",
  "userId": "anonymous",
  "userAgent": "Mozilla/5.0 (Windows NT 10.0; Win64; x64) AppleWebKit/537.36 (KHTML, like Gecko) Chrome/142.0.0.0 Safari/537.36"
}
[2025-11-13T10:22:42.079Z] [INFO] {
  "timestamp": "2025-11-13T10:22:42.079Z",
  "method": "GET",
  "url": "/api/finance/stats?year=2025",
  "ip": "::1",
  "userId": "anonymous",
  "userAgent": "Mozilla/5.0 (Windows NT 10.0; Win64; x64) AppleWebKit/537.36 (KHTML, like Gecko) Chrome/142.0.0.0 Safari/537.36"
}
[2025-11-13T10:22:42.107Z] [INFO] {
  "timestamp": "2025-11-13T10:22:42.107Z",
  "method": "GET",
  "url": "/api/clients",
  "statusCode": 200,
  "responseTime": "48ms",
  "userId": "690c4c43be8f36eb0f3c17b9"
}
[2025-11-13T10:22:42.116Z] [INFO] {
  "timestamp": "2025-11-13T10:22:42.116Z",
  "method": "GET",
  "url": "/api/configuration-versions/current",
  "statusCode": 200,
  "responseTime": "62ms",
  "userId": "690c4c43be8f36eb0f3c17b9"
}
[2025-11-13T10:22:42.131Z] [INFO] {
  "timestamp": "2025-11-13T10:22:42.131Z",
  "method": "GET",
  "url": "/api/finance/projects?search=&status=all&year=2025",
  "statusCode": 200,
  "responseTime": "61ms",
  "userId": "690c4c43be8f36eb0f3c17b9"
}
[2025-11-13T10:22:42.149Z] [INFO] {
  "timestamp": "2025-11-13T10:22:42.149Z",
  "method": "GET",
  "url": "/api/finance/stats?year=2025",
  "statusCode": 200,
  "responseTime": "70ms",
  "userId": "690c4c43be8f36eb0f3c17b9"
}
[2025-11-13T10:23:16.950Z] [INFO] {
  "timestamp": "2025-11-13T10:23:16.950Z",
  "method": "GET",
  "url": "/api/associates",
  "ip": "::1",
  "userId": "anonymous",
  "userAgent": "Mozilla/5.0 (Windows NT 10.0; Win64; x64) AppleWebKit/537.36 (KHTML, like Gecko) Chrome/142.0.0.0 Safari/537.36"
}
[2025-11-13T10:23:16.983Z] [INFO] {
  "timestamp": "2025-11-13T10:23:16.983Z",
  "method": "GET",
  "url": "/api/associates",
  "statusCode": 200,
  "responseTime": "33ms",
  "userId": "690c4c43be8f36eb0f3c17b9"
}
[2025-11-13T10:23:16.996Z] [INFO] {
  "timestamp": "2025-11-13T10:23:16.996Z",
  "method": "GET",
  "url": "/api/associates",
  "ip": "::1",
  "userId": "anonymous",
  "userAgent": "Mozilla/5.0 (Windows NT 10.0; Win64; x64) AppleWebKit/537.36 (KHTML, like Gecko) Chrome/142.0.0.0 Safari/537.36"
}
[2025-11-13T10:23:17.014Z] [INFO] {
  "timestamp": "2025-11-13T10:23:17.014Z",
  "method": "GET",
  "url": "/api/associates",
  "statusCode": 200,
  "responseTime": "18ms",
  "userId": "690c4c43be8f36eb0f3c17b9"
}
[2025-11-13T10:23:22.261Z] [INFO] {
  "timestamp": "2025-11-13T10:23:22.261Z",
  "method": "POST",
  "url": "/api/configuration-versions/save",
  "ip": "::1",
  "userId": "anonymous",
  "userAgent": "Mozilla/5.0 (Windows NT 10.0; Win64; x64) AppleWebKit/537.36 (KHTML, like Gecko) Chrome/142.0.0.0 Safari/537.36"
}
[2025-11-13T10:23:22.315Z] [INFO] {
  "timestamp": "2025-11-13T10:23:22.315Z",
  "method": "POST",
  "url": "/api/configuration-versions/save",
  "statusCode": 200,
  "responseTime": "54ms",
  "userId": "690c4c43be8f36eb0f3c17b9"
}
[2025-11-13T10:23:38.688Z] [INFO] {
  "timestamp": "2025-11-13T10:23:38.688Z",
  "method": "GET",
  "url": "/api/associates",
  "ip": "::1",
  "userId": "anonymous",
  "userAgent": "Mozilla/5.0 (Windows NT 10.0; Win64; x64) AppleWebKit/537.36 (KHTML, like Gecko) Chrome/142.0.0.0 Safari/537.36"
}
[2025-11-13T10:23:38.700Z] [INFO] {
  "timestamp": "2025-11-13T10:23:38.700Z",
  "method": "GET",
  "url": "/api/associates",
  "statusCode": 200,
  "responseTime": "12ms",
  "userId": "690c4c43be8f36eb0f3c17b9"
}
[2025-11-13T10:23:38.711Z] [INFO] {
  "timestamp": "2025-11-13T10:23:38.711Z",
  "method": "GET",
  "url": "/api/associates",
  "ip": "::1",
  "userId": "anonymous",
  "userAgent": "Mozilla/5.0 (Windows NT 10.0; Win64; x64) AppleWebKit/537.36 (KHTML, like Gecko) Chrome/142.0.0.0 Safari/537.36"
}
[2025-11-13T10:23:38.727Z] [INFO] {
  "timestamp": "2025-11-13T10:23:38.727Z",
  "method": "GET",
  "url": "/api/associates",
  "statusCode": 200,
  "responseTime": "16ms",
  "userId": "690c4c43be8f36eb0f3c17b9"
}
[2025-11-13T10:23:41.791Z] [INFO] {
  "timestamp": "2025-11-13T10:23:41.791Z",
  "method": "POST",
  "url": "/api/configuration-versions/save",
  "ip": "::1",
  "userId": "anonymous",
  "userAgent": "Mozilla/5.0 (Windows NT 10.0; Win64; x64) AppleWebKit/537.36 (KHTML, like Gecko) Chrome/142.0.0.0 Safari/537.36"
}
[2025-11-13T10:23:41.819Z] [INFO] {
  "timestamp": "2025-11-13T10:23:41.819Z",
  "method": "POST",
  "url": "/api/configuration-versions/save",
  "statusCode": 200,
  "responseTime": "28ms",
  "userId": "690c4c43be8f36eb0f3c17b9"
}
[2025-11-13T10:24:57.976Z] [INFO] {
  "timestamp": "2025-11-13T10:24:57.976Z",
  "method": "GET",
  "url": "/api/associates",
  "ip": "::1",
  "userId": "anonymous",
  "userAgent": "Mozilla/5.0 (Windows NT 10.0; Win64; x64) AppleWebKit/537.36 (KHTML, like Gecko) Chrome/142.0.0.0 Safari/537.36"
}
[2025-11-13T10:24:57.987Z] [INFO] {
  "timestamp": "2025-11-13T10:24:57.987Z",
  "method": "GET",
  "url": "/api/associates",
  "statusCode": 200,
  "responseTime": "11ms",
  "userId": "690c4c43be8f36eb0f3c17b9"
}
[2025-11-13T10:24:57.998Z] [INFO] {
  "timestamp": "2025-11-13T10:24:57.998Z",
  "method": "GET",
  "url": "/api/associates",
  "ip": "::1",
  "userId": "anonymous",
  "userAgent": "Mozilla/5.0 (Windows NT 10.0; Win64; x64) AppleWebKit/537.36 (KHTML, like Gecko) Chrome/142.0.0.0 Safari/537.36"
}
[2025-11-13T10:24:58.009Z] [INFO] {
  "timestamp": "2025-11-13T10:24:58.009Z",
  "method": "GET",
  "url": "/api/associates",
  "statusCode": 200,
  "responseTime": "11ms",
  "userId": "690c4c43be8f36eb0f3c17b9"
}
[2025-11-13T10:25:01.641Z] [INFO] {
  "timestamp": "2025-11-13T10:25:01.641Z",
  "method": "POST",
  "url": "/api/configuration-versions/save",
  "ip": "::1",
  "userId": "anonymous",
  "userAgent": "Mozilla/5.0 (Windows NT 10.0; Win64; x64) AppleWebKit/537.36 (KHTML, like Gecko) Chrome/142.0.0.0 Safari/537.36"
}
[2025-11-13T10:25:01.669Z] [INFO] {
  "timestamp": "2025-11-13T10:25:01.669Z",
  "method": "POST",
  "url": "/api/configuration-versions/save",
  "statusCode": 200,
  "responseTime": "28ms",
  "userId": "690c4c43be8f36eb0f3c17b9"
}
[2025-11-13T10:25:30.034Z] [INFO] {
  "timestamp": "2025-11-13T10:25:30.034Z",
  "method": "GET",
  "url": "/api/auth/me",
  "ip": "::1",
  "userId": "anonymous",
  "userAgent": "Mozilla/5.0 (Windows NT 10.0; Win64; x64) AppleWebKit/537.36 (KHTML, like Gecko) Chrome/142.0.0.0 Safari/537.36"
}
[2025-11-13T10:25:30.041Z] [INFO] {
  "timestamp": "2025-11-13T10:25:30.040Z",
  "method": "GET",
  "url": "/api/auth/me",
  "ip": "::1",
  "userId": "anonymous",
  "userAgent": "Mozilla/5.0 (Windows NT 10.0; Win64; x64) AppleWebKit/537.36 (KHTML, like Gecko) Chrome/142.0.0.0 Safari/537.36"
}
[2025-11-13T10:25:30.058Z] [INFO] {
  "timestamp": "2025-11-13T10:25:30.058Z",
  "method": "GET",
  "url": "/favicon.ico",
  "ip": "127.0.0.1",
  "userId": "anonymous",
  "userAgent": "Mozilla/5.0 (Windows NT 10.0; Win64; x64) AppleWebKit/537.36 (KHTML, like Gecko) Chrome/142.0.0.0 Safari/537.36"
}
[2025-11-13T10:25:30.064Z] [INFO] {
  "timestamp": "2025-11-13T10:25:30.064Z",
  "method": "GET",
  "url": "/favicon.ico",
  "statusCode": 200,
  "responseTime": "6ms",
  "userId": "anonymous"
}
[2025-11-13T10:25:30.083Z] [INFO] {
  "timestamp": "2025-11-13T10:25:30.083Z",
  "method": "GET",
  "url": "/api/auth/me",
  "statusCode": 200,
  "responseTime": "49ms",
  "userId": "690c4c43be8f36eb0f3c17b9"
}
[2025-11-13T10:25:30.086Z] [INFO] {
  "timestamp": "2025-11-13T10:25:30.086Z",
  "method": "GET",
  "url": "/api/auth/me",
  "statusCode": 200,
  "responseTime": "46ms",
  "userId": "690c4c43be8f36eb0f3c17b9"
}
[2025-11-13T10:25:30.121Z] [INFO] {
  "timestamp": "2025-11-13T10:25:30.121Z",
  "method": "GET",
  "url": "/api/configuration-versions/current",
  "ip": "::1",
  "userId": "anonymous",
  "userAgent": "Mozilla/5.0 (Windows NT 10.0; Win64; x64) AppleWebKit/537.36 (KHTML, like Gecko) Chrome/142.0.0.0 Safari/537.36"
}
[2025-11-13T10:25:30.128Z] [INFO] {
  "timestamp": "2025-11-13T10:25:30.128Z",
  "method": "GET",
  "url": "/api/clients",
  "ip": "::1",
  "userId": "anonymous",
  "userAgent": "Mozilla/5.0 (Windows NT 10.0; Win64; x64) AppleWebKit/537.36 (KHTML, like Gecko) Chrome/142.0.0.0 Safari/537.36"
}
[2025-11-13T10:25:30.146Z] [INFO] {
  "timestamp": "2025-11-13T10:25:30.146Z",
  "method": "GET",
  "url": "/api/finance/projects?search=&status=all&year=2025",
  "ip": "::1",
  "userId": "anonymous",
  "userAgent": "Mozilla/5.0 (Windows NT 10.0; Win64; x64) AppleWebKit/537.36 (KHTML, like Gecko) Chrome/142.0.0.0 Safari/537.36"
}
[2025-11-13T10:25:30.156Z] [INFO] {
  "timestamp": "2025-11-13T10:25:30.156Z",
  "method": "GET",
  "url": "/api/finance/stats?year=2025",
  "ip": "::1",
  "userId": "anonymous",
  "userAgent": "Mozilla/5.0 (Windows NT 10.0; Win64; x64) AppleWebKit/537.36 (KHTML, like Gecko) Chrome/142.0.0.0 Safari/537.36"
}
[2025-11-13T10:25:30.198Z] [INFO] {
  "timestamp": "2025-11-13T10:25:30.198Z",
  "method": "GET",
  "url": "/api/clients",
  "statusCode": 200,
  "responseTime": "70ms",
  "userId": "690c4c43be8f36eb0f3c17b9"
}
[2025-11-13T10:25:30.243Z] [INFO] {
  "timestamp": "2025-11-13T10:25:30.243Z",
  "method": "GET",
  "url": "/api/configuration-versions/current",
  "statusCode": 200,
  "responseTime": "122ms",
  "userId": "690c4c43be8f36eb0f3c17b9"
}
[2025-11-13T10:25:30.251Z] [INFO] {
  "timestamp": "2025-11-13T10:25:30.251Z",
  "method": "GET",
  "url": "/api/clients",
  "ip": "::1",
  "userId": "anonymous",
  "userAgent": "Mozilla/5.0 (Windows NT 10.0; Win64; x64) AppleWebKit/537.36 (KHTML, like Gecko) Chrome/142.0.0.0 Safari/537.36"
}
[2025-11-13T10:25:30.317Z] [INFO] {
  "timestamp": "2025-11-13T10:25:30.317Z",
  "method": "GET",
  "url": "/api/finance/projects?search=&status=all&year=2025",
  "statusCode": 200,
  "responseTime": "171ms",
  "userId": "690c4c43be8f36eb0f3c17b9"
}
[2025-11-13T10:25:30.340Z] [INFO] {
  "timestamp": "2025-11-13T10:25:30.340Z",
  "method": "GET",
  "url": "/api/configuration-versions/current",
  "ip": "::1",
  "userId": "anonymous",
  "userAgent": "Mozilla/5.0 (Windows NT 10.0; Win64; x64) AppleWebKit/537.36 (KHTML, like Gecko) Chrome/142.0.0.0 Safari/537.36"
}
[2025-11-13T10:25:30.350Z] [INFO] {
  "timestamp": "2025-11-13T10:25:30.350Z",
  "method": "GET",
  "url": "/api/clients",
  "statusCode": 200,
  "responseTime": "99ms",
  "userId": "690c4c43be8f36eb0f3c17b9"
}
[2025-11-13T10:25:30.371Z] [INFO] {
  "timestamp": "2025-11-13T10:25:30.371Z",
  "method": "GET",
  "url": "/api/finance/projects?search=&status=all&year=2025",
  "ip": "::1",
  "userId": "anonymous",
  "userAgent": "Mozilla/5.0 (Windows NT 10.0; Win64; x64) AppleWebKit/537.36 (KHTML, like Gecko) Chrome/142.0.0.0 Safari/537.36"
}
[2025-11-13T10:25:30.403Z] [INFO] {
  "timestamp": "2025-11-13T10:25:30.403Z",
  "method": "GET",
  "url": "/api/finance/stats?year=2025",
  "statusCode": 200,
  "responseTime": "247ms",
  "userId": "690c4c43be8f36eb0f3c17b9"
}
[2025-11-13T10:25:30.408Z] [INFO] {
  "timestamp": "2025-11-13T10:25:30.408Z",
  "method": "GET",
  "url": "/api/configuration-versions/current",
  "statusCode": 200,
  "responseTime": "68ms",
  "userId": "690c4c43be8f36eb0f3c17b9"
}
[2025-11-13T10:25:30.415Z] [INFO] {
  "timestamp": "2025-11-13T10:25:30.415Z",
  "method": "GET",
  "url": "/api/finance/stats?year=2025",
  "ip": "::1",
  "userId": "anonymous",
  "userAgent": "Mozilla/5.0 (Windows NT 10.0; Win64; x64) AppleWebKit/537.36 (KHTML, like Gecko) Chrome/142.0.0.0 Safari/537.36"
}
[2025-11-13T10:25:30.437Z] [INFO] {
  "timestamp": "2025-11-13T10:25:30.437Z",
  "method": "GET",
  "url": "/api/finance/projects?search=&status=all&year=2025",
  "statusCode": 200,
  "responseTime": "66ms",
  "userId": "690c4c43be8f36eb0f3c17b9"
}
[2025-11-13T10:25:30.470Z] [INFO] {
  "timestamp": "2025-11-13T10:25:30.470Z",
  "method": "GET",
  "url": "/api/finance/stats?year=2025",
  "statusCode": 200,
  "responseTime": "55ms",
  "userId": "690c4c43be8f36eb0f3c17b9"
}
[2025-11-13T10:25:31.381Z] [INFO] {
  "timestamp": "2025-11-13T10:25:31.381Z",
  "method": "GET",
  "url": "/api/associates",
  "ip": "::1",
  "userId": "anonymous",
  "userAgent": "Mozilla/5.0 (Windows NT 10.0; Win64; x64) AppleWebKit/537.36 (KHTML, like Gecko) Chrome/142.0.0.0 Safari/537.36"
}
[2025-11-13T10:25:31.391Z] [INFO] {
  "timestamp": "2025-11-13T10:25:31.391Z",
  "method": "GET",
  "url": "/api/associates",
  "statusCode": 200,
  "responseTime": "10ms",
  "userId": "690c4c43be8f36eb0f3c17b9"
}
[2025-11-13T10:25:31.396Z] [INFO] {
  "timestamp": "2025-11-13T10:25:31.396Z",
  "method": "GET",
  "url": "/api/associates",
  "ip": "::1",
  "userId": "anonymous",
  "userAgent": "Mozilla/5.0 (Windows NT 10.0; Win64; x64) AppleWebKit/537.36 (KHTML, like Gecko) Chrome/142.0.0.0 Safari/537.36"
}
[2025-11-13T10:25:31.407Z] [INFO] {
  "timestamp": "2025-11-13T10:25:31.407Z",
  "method": "GET",
  "url": "/api/associates",
  "statusCode": 200,
  "responseTime": "11ms",
  "userId": "690c4c43be8f36eb0f3c17b9"
}
[2025-11-13T10:25:49.957Z] [INFO] {
  "timestamp": "2025-11-13T10:25:49.957Z",
  "method": "GET",
  "url": "/api/associates",
  "ip": "::1",
  "userId": "anonymous",
  "userAgent": "Mozilla/5.0 (Windows NT 10.0; Win64; x64) AppleWebKit/537.36 (KHTML, like Gecko) Chrome/142.0.0.0 Safari/537.36"
}
[2025-11-13T10:25:49.966Z] [INFO] {
  "timestamp": "2025-11-13T10:25:49.966Z",
  "method": "GET",
  "url": "/api/associates",
  "statusCode": 200,
  "responseTime": "9ms",
  "userId": "690c4c43be8f36eb0f3c17b9"
}
[2025-11-13T10:25:49.970Z] [INFO] {
  "timestamp": "2025-11-13T10:25:49.970Z",
  "method": "GET",
  "url": "/api/associates",
  "ip": "::1",
  "userId": "anonymous",
  "userAgent": "Mozilla/5.0 (Windows NT 10.0; Win64; x64) AppleWebKit/537.36 (KHTML, like Gecko) Chrome/142.0.0.0 Safari/537.36"
}
[2025-11-13T10:25:49.980Z] [INFO] {
  "timestamp": "2025-11-13T10:25:49.980Z",
  "method": "GET",
  "url": "/api/associates",
  "statusCode": 200,
  "responseTime": "10ms",
  "userId": "690c4c43be8f36eb0f3c17b9"
}
[2025-11-13T10:25:56.739Z] [INFO] {
  "timestamp": "2025-11-13T10:25:56.739Z",
  "method": "POST",
  "url": "/api/configuration-versions/save",
  "ip": "::1",
  "userId": "anonymous",
  "userAgent": "Mozilla/5.0 (Windows NT 10.0; Win64; x64) AppleWebKit/537.36 (KHTML, like Gecko) Chrome/142.0.0.0 Safari/537.36"
}
[2025-11-13T10:25:56.763Z] [INFO] {
  "timestamp": "2025-11-13T10:25:56.763Z",
  "method": "POST",
  "url": "/api/configuration-versions/save",
  "statusCode": 200,
  "responseTime": "24ms",
  "userId": "690c4c43be8f36eb0f3c17b9"
}
[2025-11-13T10:26:05.130Z] [INFO] {
  "timestamp": "2025-11-13T10:26:05.130Z",
  "method": "GET",
  "url": "/api/associates",
  "ip": "::1",
  "userId": "anonymous",
  "userAgent": "Mozilla/5.0 (Windows NT 10.0; Win64; x64) AppleWebKit/537.36 (KHTML, like Gecko) Chrome/142.0.0.0 Safari/537.36"
}
[2025-11-13T10:26:05.144Z] [INFO] {
  "timestamp": "2025-11-13T10:26:05.144Z",
  "method": "GET",
  "url": "/api/associates",
  "statusCode": 200,
  "responseTime": "14ms",
  "userId": "690c4c43be8f36eb0f3c17b9"
}
[2025-11-13T10:26:05.153Z] [INFO] {
  "timestamp": "2025-11-13T10:26:05.153Z",
  "method": "GET",
  "url": "/api/associates",
  "ip": "::1",
  "userId": "anonymous",
  "userAgent": "Mozilla/5.0 (Windows NT 10.0; Win64; x64) AppleWebKit/537.36 (KHTML, like Gecko) Chrome/142.0.0.0 Safari/537.36"
}
[2025-11-13T10:26:05.172Z] [INFO] {
  "timestamp": "2025-11-13T10:26:05.172Z",
  "method": "GET",
  "url": "/api/associates",
  "statusCode": 200,
  "responseTime": "19ms",
  "userId": "690c4c43be8f36eb0f3c17b9"
}
[2025-11-13T10:26:55.608Z] [INFO] {
  "timestamp": "2025-11-13T10:26:55.608Z",
  "method": "POST",
  "url": "/api/finance/projects",
  "ip": "::1",
  "userId": "anonymous",
  "userAgent": "Mozilla/5.0 (Windows NT 10.0; Win64; x64) AppleWebKit/537.36 (KHTML, like Gecko) Chrome/142.0.0.0 Safari/537.36"
}
[2025-11-13T10:26:55.635Z] [INFO] {
  "timestamp": "2025-11-13T10:26:55.635Z",
  "method": "POST",
  "url": "/api/finance/projects",
  "statusCode": 200,
  "responseTime": "27ms",
  "userId": "690c4c43be8f36eb0f3c17b9"
}
[2025-11-13T10:26:55.654Z] [INFO] {
  "timestamp": "2025-11-13T10:26:55.654Z",
  "method": "GET",
  "url": "/api/finance/projects?search=&status=all&year=2025",
  "ip": "::1",
  "userId": "anonymous",
  "userAgent": "Mozilla/5.0 (Windows NT 10.0; Win64; x64) AppleWebKit/537.36 (KHTML, like Gecko) Chrome/142.0.0.0 Safari/537.36"
}
[2025-11-13T10:26:55.659Z] [INFO] {
  "timestamp": "2025-11-13T10:26:55.659Z",
  "method": "GET",
  "url": "/api/finance/stats?year=2025",
  "ip": "::1",
  "userId": "anonymous",
  "userAgent": "Mozilla/5.0 (Windows NT 10.0; Win64; x64) AppleWebKit/537.36 (KHTML, like Gecko) Chrome/142.0.0.0 Safari/537.36"
}
[2025-11-13T10:26:55.684Z] [INFO] {
  "timestamp": "2025-11-13T10:26:55.684Z",
  "method": "GET",
  "url": "/api/finance/projects?search=&status=all&year=2025",
  "statusCode": 200,
  "responseTime": "30ms",
  "userId": "690c4c43be8f36eb0f3c17b9"
}
[2025-11-13T10:26:55.702Z] [INFO] {
  "timestamp": "2025-11-13T10:26:55.702Z",
  "method": "GET",
  "url": "/api/finance/stats?year=2025",
  "statusCode": 200,
  "responseTime": "43ms",
  "userId": "690c4c43be8f36eb0f3c17b9"
}
[2025-11-13T10:27:38.187Z] [INFO] {
  "timestamp": "2025-11-13T10:27:38.187Z",
  "method": "GET",
  "url": "/api/associates",
  "ip": "::1",
  "userId": "anonymous",
  "userAgent": "Mozilla/5.0 (Windows NT 10.0; Win64; x64) AppleWebKit/537.36 (KHTML, like Gecko) Chrome/142.0.0.0 Safari/537.36"
}
[2025-11-13T10:27:38.197Z] [INFO] {
  "timestamp": "2025-11-13T10:27:38.197Z",
  "method": "GET",
  "url": "/api/associates",
  "statusCode": 200,
  "responseTime": "10ms",
  "userId": "690c4c43be8f36eb0f3c17b9"
}
[2025-11-13T10:27:38.202Z] [INFO] {
  "timestamp": "2025-11-13T10:27:38.202Z",
  "method": "GET",
  "url": "/api/associates",
  "ip": "::1",
  "userId": "anonymous",
  "userAgent": "Mozilla/5.0 (Windows NT 10.0; Win64; x64) AppleWebKit/537.36 (KHTML, like Gecko) Chrome/142.0.0.0 Safari/537.36"
}
[2025-11-13T10:27:38.212Z] [INFO] {
  "timestamp": "2025-11-13T10:27:38.212Z",
  "method": "GET",
  "url": "/api/associates",
  "statusCode": 200,
  "responseTime": "10ms",
  "userId": "690c4c43be8f36eb0f3c17b9"
}
[2025-11-13T10:27:43.671Z] [INFO] {
  "timestamp": "2025-11-13T10:27:43.671Z",
  "method": "POST",
  "url": "/api/configuration-versions/save",
  "ip": "::1",
  "userId": "anonymous",
  "userAgent": "Mozilla/5.0 (Windows NT 10.0; Win64; x64) AppleWebKit/537.36 (KHTML, like Gecko) Chrome/142.0.0.0 Safari/537.36"
}
[2025-11-13T10:27:43.690Z] [INFO] {
  "timestamp": "2025-11-13T10:27:43.690Z",
  "method": "POST",
  "url": "/api/configuration-versions/save",
  "statusCode": 200,
  "responseTime": "19ms",
  "userId": "690c4c43be8f36eb0f3c17b9"
}
[2025-11-13T10:28:01.861Z] [INFO] {
  "timestamp": "2025-11-13T10:28:01.861Z",
  "method": "PUT",
  "url": "/api/finance/projects/6915b26f4d69c11b9476d57c",
  "ip": "::1",
  "userId": "anonymous",
  "userAgent": "Mozilla/5.0 (Windows NT 10.0; Win64; x64) AppleWebKit/537.36 (KHTML, like Gecko) Chrome/142.0.0.0 Safari/537.36"
}
[2025-11-13T10:28:01.893Z] [INFO] {
  "timestamp": "2025-11-13T10:28:01.893Z",
  "method": "PUT",
  "url": "/api/finance/projects/6915b26f4d69c11b9476d57c",
  "statusCode": 200,
  "responseTime": "32ms",
  "userId": "690c4c43be8f36eb0f3c17b9"
}
[2025-11-13T10:28:01.911Z] [INFO] {
  "timestamp": "2025-11-13T10:28:01.911Z",
  "method": "GET",
  "url": "/api/finance/projects?search=&status=all&year=2025",
  "ip": "::1",
  "userId": "anonymous",
  "userAgent": "Mozilla/5.0 (Windows NT 10.0; Win64; x64) AppleWebKit/537.36 (KHTML, like Gecko) Chrome/142.0.0.0 Safari/537.36"
}
[2025-11-13T10:28:01.924Z] [INFO] {
  "timestamp": "2025-11-13T10:28:01.924Z",
  "method": "GET",
  "url": "/api/finance/stats?year=2025",
  "ip": "::1",
  "userId": "anonymous",
  "userAgent": "Mozilla/5.0 (Windows NT 10.0; Win64; x64) AppleWebKit/537.36 (KHTML, like Gecko) Chrome/142.0.0.0 Safari/537.36"
}
[2025-11-13T10:28:01.949Z] [INFO] {
  "timestamp": "2025-11-13T10:28:01.949Z",
  "method": "GET",
  "url": "/api/finance/projects?search=&status=all&year=2025",
  "statusCode": 200,
  "responseTime": "38ms",
  "userId": "690c4c43be8f36eb0f3c17b9"
}
[2025-11-13T10:28:01.963Z] [INFO] {
  "timestamp": "2025-11-13T10:28:01.963Z",
  "method": "GET",
  "url": "/api/finance/stats?year=2025",
  "statusCode": 200,
  "responseTime": "39ms",
  "userId": "690c4c43be8f36eb0f3c17b9"
}
[2025-11-13T10:29:51.902Z] [INFO] {
  "timestamp": "2025-11-13T10:29:51.902Z",
  "method": "GET",
  "url": "/api/configuration-versions/current",
  "ip": "::1",
  "userId": "anonymous",
  "userAgent": "Mozilla/5.0 (Windows NT 10.0; Win64; x64) AppleWebKit/537.36 (KHTML, like Gecko) Chrome/142.0.0.0 Safari/537.36"
}
[2025-11-13T10:29:51.908Z] [INFO] {
  "timestamp": "2025-11-13T10:29:51.908Z",
  "method": "GET",
  "url": "/api/clients",
  "ip": "::1",
  "userId": "anonymous",
  "userAgent": "Mozilla/5.0 (Windows NT 10.0; Win64; x64) AppleWebKit/537.36 (KHTML, like Gecko) Chrome/142.0.0.0 Safari/537.36"
}
[2025-11-13T10:29:51.912Z] [INFO] {
  "timestamp": "2025-11-13T10:29:51.911Z",
  "method": "GET",
  "url": "/api/finance/projects?search=&status=all&year=2025",
  "ip": "::1",
  "userId": "anonymous",
  "userAgent": "Mozilla/5.0 (Windows NT 10.0; Win64; x64) AppleWebKit/537.36 (KHTML, like Gecko) Chrome/142.0.0.0 Safari/537.36"
}
[2025-11-13T10:29:51.918Z] [INFO] {
  "timestamp": "2025-11-13T10:29:51.918Z",
  "method": "GET",
  "url": "/api/finance/stats?year=2025",
  "ip": "::1",
  "userId": "anonymous",
  "userAgent": "Mozilla/5.0 (Windows NT 10.0; Win64; x64) AppleWebKit/537.36 (KHTML, like Gecko) Chrome/142.0.0.0 Safari/537.36"
}
[2025-11-13T10:29:51.944Z] [INFO] {
  "timestamp": "2025-11-13T10:29:51.944Z",
  "method": "GET",
  "url": "/api/clients",
  "statusCode": 200,
  "responseTime": "36ms",
  "userId": "690c4c43be8f36eb0f3c17b9"
}
[2025-11-13T10:29:51.958Z] [INFO] {
  "timestamp": "2025-11-13T10:29:51.958Z",
  "method": "GET",
  "url": "/api/configuration-versions/current",
  "statusCode": 200,
  "responseTime": "56ms",
  "userId": "690c4c43be8f36eb0f3c17b9"
}
[2025-11-13T10:29:51.967Z] [INFO] {
  "timestamp": "2025-11-13T10:29:51.967Z",
  "method": "GET",
  "url": "/api/finance/projects?search=&status=all&year=2025",
  "statusCode": 200,
  "responseTime": "56ms",
  "userId": "690c4c43be8f36eb0f3c17b9"
}
[2025-11-13T10:29:51.984Z] [INFO] {
  "timestamp": "2025-11-13T10:29:51.984Z",
  "method": "GET",
  "url": "/api/finance/stats?year=2025",
  "statusCode": 200,
  "responseTime": "66ms",
  "userId": "690c4c43be8f36eb0f3c17b9"
}
[2025-11-13T10:29:53.077Z] [INFO] {
  "timestamp": "2025-11-13T10:29:53.077Z",
  "method": "GET",
  "url": "/api/associates",
  "ip": "::1",
  "userId": "anonymous",
  "userAgent": "Mozilla/5.0 (Windows NT 10.0; Win64; x64) AppleWebKit/537.36 (KHTML, like Gecko) Chrome/142.0.0.0 Safari/537.36"
}
[2025-11-13T10:29:53.085Z] [INFO] {
  "timestamp": "2025-11-13T10:29:53.085Z",
  "method": "GET",
  "url": "/api/associates",
  "statusCode": 200,
  "responseTime": "8ms",
  "userId": "690c4c43be8f36eb0f3c17b9"
}
[2025-11-13T10:29:53.090Z] [INFO] {
  "timestamp": "2025-11-13T10:29:53.090Z",
  "method": "GET",
  "url": "/api/associates",
  "ip": "::1",
  "userId": "anonymous",
  "userAgent": "Mozilla/5.0 (Windows NT 10.0; Win64; x64) AppleWebKit/537.36 (KHTML, like Gecko) Chrome/142.0.0.0 Safari/537.36"
}
[2025-11-13T10:29:53.097Z] [INFO] {
  "timestamp": "2025-11-13T10:29:53.097Z",
  "method": "GET",
  "url": "/api/associates",
  "statusCode": 200,
  "responseTime": "7ms",
  "userId": "690c4c43be8f36eb0f3c17b9"
}
[2025-11-13T10:43:18.172Z] [INFO] {
  "timestamp": "2025-11-13T10:43:18.172Z",
  "method": "GET",
  "url": "/api/auth/me",
  "ip": "::1",
  "userId": "anonymous",
  "userAgent": "Mozilla/5.0 (Windows NT 10.0; Win64; x64) AppleWebKit/537.36 (KHTML, like Gecko) Chrome/142.0.0.0 Safari/537.36"
}
[2025-11-13T10:43:18.184Z] [INFO] {
  "timestamp": "2025-11-13T10:43:18.184Z",
  "method": "GET",
  "url": "/favicon.ico",
  "ip": "127.0.0.1",
  "userId": "anonymous",
  "userAgent": "Mozilla/5.0 (Windows NT 10.0; Win64; x64) AppleWebKit/537.36 (KHTML, like Gecko) Chrome/142.0.0.0 Safari/537.36"
}
[2025-11-13T10:43:18.190Z] [INFO] {
  "timestamp": "2025-11-13T10:43:18.190Z",
  "method": "GET",
  "url": "/favicon.ico",
  "statusCode": 200,
  "responseTime": "5ms",
  "userId": "anonymous"
}
[2025-11-13T10:43:18.211Z] [INFO] {
  "timestamp": "2025-11-13T10:43:18.211Z",
  "method": "GET",
  "url": "/api/auth/me",
  "statusCode": 200,
  "responseTime": "39ms",
  "userId": "690c4c43be8f36eb0f3c17b9"
}
[2025-11-13T10:43:18.222Z] [INFO] {
  "timestamp": "2025-11-13T10:43:18.222Z",
  "method": "GET",
  "url": "/api/auth/me",
  "ip": "::1",
  "userId": "anonymous",
  "userAgent": "Mozilla/5.0 (Windows NT 10.0; Win64; x64) AppleWebKit/537.36 (KHTML, like Gecko) Chrome/142.0.0.0 Safari/537.36"
}
[2025-11-13T10:43:18.232Z] [INFO] {
  "timestamp": "2025-11-13T10:43:18.232Z",
  "method": "GET",
  "url": "/api/auth/me",
  "statusCode": 200,
  "responseTime": "10ms",
  "userId": "690c4c43be8f36eb0f3c17b9"
}
[2025-11-13T10:43:18.259Z] [INFO] {
  "timestamp": "2025-11-13T10:43:18.259Z",
  "method": "GET",
  "url": "/favicon.ico",
  "ip": "127.0.0.1",
  "userId": "anonymous",
  "userAgent": "Mozilla/5.0 (Windows NT 10.0; Win64; x64) AppleWebKit/537.36 (KHTML, like Gecko) Chrome/142.0.0.0 Safari/537.36"
}
[2025-11-13T10:43:18.260Z] [INFO] {
  "timestamp": "2025-11-13T10:43:18.260Z",
  "method": "GET",
  "url": "/favicon.ico",
  "statusCode": 200,
  "responseTime": "1ms",
  "userId": "anonymous"
}
[2025-11-13T10:43:18.272Z] [INFO] {
  "timestamp": "2025-11-13T10:43:18.272Z",
  "method": "GET",
  "url": "/api/activities/recent?limit=3",
  "ip": "127.0.0.1",
  "userId": "anonymous",
  "userAgent": "Mozilla/5.0 (Windows NT 10.0; Win64; x64) AppleWebKit/537.36 (KHTML, like Gecko) Chrome/142.0.0.0 Safari/537.36"
}
[2025-11-13T10:43:18.283Z] [INFO] {
  "timestamp": "2025-11-13T10:43:18.283Z",
  "method": "GET",
  "url": "/api/activities/recent?limit=3",
  "statusCode": 200,
  "responseTime": "11ms",
  "userId": "690c4c43be8f36eb0f3c17b9"
}
[2025-11-13T10:43:19.967Z] [INFO] {
  "timestamp": "2025-11-13T10:43:19.967Z",
  "method": "GET",
  "url": "/api/activities/recent?limit=3",
  "ip": "127.0.0.1",
  "userId": "anonymous",
  "userAgent": "Mozilla/5.0 (Windows NT 10.0; Win64; x64) AppleWebKit/537.36 (KHTML, like Gecko) Chrome/142.0.0.0 Safari/537.36"
}
[2025-11-13T10:43:19.985Z] [INFO] {
  "timestamp": "2025-11-13T10:43:19.985Z",
  "method": "GET",
  "url": "/api/activities/recent?limit=3",
  "statusCode": 200,
  "responseTime": "18ms",
  "userId": "690c4c43be8f36eb0f3c17b9"
}
[2025-11-13T10:43:22.090Z] [INFO] {
  "timestamp": "2025-11-13T10:43:22.090Z",
  "method": "GET",
  "url": "/api/configuration-versions/current",
  "ip": "::1",
  "userId": "anonymous",
  "userAgent": "Mozilla/5.0 (Windows NT 10.0; Win64; x64) AppleWebKit/537.36 (KHTML, like Gecko) Chrome/142.0.0.0 Safari/537.36"
}
[2025-11-13T10:43:22.103Z] [INFO] {
  "timestamp": "2025-11-13T10:43:22.103Z",
  "method": "GET",
  "url": "/api/clients",
  "ip": "::1",
  "userId": "anonymous",
  "userAgent": "Mozilla/5.0 (Windows NT 10.0; Win64; x64) AppleWebKit/537.36 (KHTML, like Gecko) Chrome/142.0.0.0 Safari/537.36"
}
[2025-11-13T10:43:22.120Z] [INFO] {
  "timestamp": "2025-11-13T10:43:22.120Z",
  "method": "GET",
  "url": "/api/associates",
  "ip": "::1",
  "userId": "anonymous",
  "userAgent": "Mozilla/5.0 (Windows NT 10.0; Win64; x64) AppleWebKit/537.36 (KHTML, like Gecko) Chrome/142.0.0.0 Safari/537.36"
}
[2025-11-13T10:43:22.175Z] [INFO] {
  "timestamp": "2025-11-13T10:43:22.175Z",
  "method": "GET",
  "url": "/api/finance/projects?search=&status=all&year=2025",
  "ip": "::1",
  "userId": "anonymous",
  "userAgent": "Mozilla/5.0 (Windows NT 10.0; Win64; x64) AppleWebKit/537.36 (KHTML, like Gecko) Chrome/142.0.0.0 Safari/537.36"
}
[2025-11-13T10:43:22.183Z] [INFO] {
  "timestamp": "2025-11-13T10:43:22.183Z",
  "method": "GET",
  "url": "/api/finance/stats?year=2025",
  "ip": "::1",
  "userId": "anonymous",
  "userAgent": "Mozilla/5.0 (Windows NT 10.0; Win64; x64) AppleWebKit/537.36 (KHTML, like Gecko) Chrome/142.0.0.0 Safari/537.36"
}
[2025-11-13T10:43:22.220Z] [INFO] {
  "timestamp": "2025-11-13T10:43:22.219Z",
  "method": "GET",
  "url": "/api/clients",
  "statusCode": 200,
  "responseTime": "116ms",
  "userId": "690c4c43be8f36eb0f3c17b9"
}
[2025-11-13T10:43:22.224Z] [INFO] {
  "timestamp": "2025-11-13T10:43:22.224Z",
  "method": "GET",
  "url": "/api/associates",
  "statusCode": 200,
  "responseTime": "104ms",
  "userId": "690c4c43be8f36eb0f3c17b9"
}
[2025-11-13T10:43:22.246Z] [INFO] {
  "timestamp": "2025-11-13T10:43:22.245Z",
  "method": "GET",
  "url": "/api/clients",
  "ip": "::1",
  "userId": "anonymous",
  "userAgent": "Mozilla/5.0 (Windows NT 10.0; Win64; x64) AppleWebKit/537.36 (KHTML, like Gecko) Chrome/142.0.0.0 Safari/537.36"
}
[2025-11-13T10:43:22.256Z] [INFO] {
  "timestamp": "2025-11-13T10:43:22.256Z",
  "method": "GET",
  "url": "/api/associates",
  "ip": "::1",
  "userId": "anonymous",
  "userAgent": "Mozilla/5.0 (Windows NT 10.0; Win64; x64) AppleWebKit/537.36 (KHTML, like Gecko) Chrome/142.0.0.0 Safari/537.36"
}
[2025-11-13T10:43:22.273Z] [INFO] {
  "timestamp": "2025-11-13T10:43:22.273Z",
  "method": "GET",
  "url": "/api/configuration-versions/current",
  "statusCode": 200,
  "responseTime": "183ms",
  "userId": "690c4c43be8f36eb0f3c17b9"
}
[2025-11-13T10:43:22.292Z] [INFO] {
  "timestamp": "2025-11-13T10:43:22.292Z",
  "method": "GET",
  "url": "/api/configuration-versions/current",
  "ip": "::1",
  "userId": "anonymous",
  "userAgent": "Mozilla/5.0 (Windows NT 10.0; Win64; x64) AppleWebKit/537.36 (KHTML, like Gecko) Chrome/142.0.0.0 Safari/537.36"
}
[2025-11-13T10:43:22.324Z] [INFO] {
  "timestamp": "2025-11-13T10:43:22.323Z",
  "method": "GET",
  "url": "/api/clients",
  "statusCode": 200,
  "responseTime": "78ms",
  "userId": "690c4c43be8f36eb0f3c17b9"
}
[2025-11-13T10:43:22.329Z] [INFO] {
  "timestamp": "2025-11-13T10:43:22.328Z",
  "method": "GET",
  "url": "/api/associates",
  "statusCode": 200,
  "responseTime": "72ms",
  "userId": "690c4c43be8f36eb0f3c17b9"
}
[2025-11-13T10:43:22.339Z] [INFO] {
  "timestamp": "2025-11-13T10:43:22.339Z",
  "method": "GET",
  "url": "/api/finance/projects?search=&status=all&year=2025",
  "statusCode": 200,
  "responseTime": "164ms",
  "userId": "690c4c43be8f36eb0f3c17b9"
}
[2025-11-13T10:43:22.393Z] [INFO] {
  "timestamp": "2025-11-13T10:43:22.393Z",
  "method": "GET",
  "url": "/api/finance/projects?search=&status=all&year=2025",
  "ip": "::1",
  "userId": "anonymous",
  "userAgent": "Mozilla/5.0 (Windows NT 10.0; Win64; x64) AppleWebKit/537.36 (KHTML, like Gecko) Chrome/142.0.0.0 Safari/537.36"
}
[2025-11-13T10:43:22.420Z] [INFO] {
  "timestamp": "2025-11-13T10:43:22.420Z",
  "method": "GET",
  "url": "/api/configuration-versions/current",
  "statusCode": 200,
  "responseTime": "128ms",
  "userId": "690c4c43be8f36eb0f3c17b9"
}
[2025-11-13T10:43:22.446Z] [INFO] {
  "timestamp": "2025-11-13T10:43:22.439Z",
  "method": "GET",
  "url": "/api/finance/stats?year=2025",
  "statusCode": 200,
  "responseTime": "256ms",
  "userId": "690c4c43be8f36eb0f3c17b9"
}
[2025-11-13T10:43:22.554Z] [INFO] {
  "timestamp": "2025-11-13T10:43:22.554Z",
  "method": "GET",
  "url": "/api/finance/projects?search=&status=all&year=2025",
  "statusCode": 200,
  "responseTime": "161ms",
  "userId": "690c4c43be8f36eb0f3c17b9"
}
[2025-11-13T10:43:22.561Z] [INFO] {
  "timestamp": "2025-11-13T10:43:22.561Z",
  "method": "GET",
  "url": "/api/finance/stats?year=2025",
  "ip": "::1",
  "userId": "anonymous",
  "userAgent": "Mozilla/5.0 (Windows NT 10.0; Win64; x64) AppleWebKit/537.36 (KHTML, like Gecko) Chrome/142.0.0.0 Safari/537.36"
}
[2025-11-13T10:43:22.661Z] [INFO] {
  "timestamp": "2025-11-13T10:43:22.661Z",
  "method": "GET",
  "url": "/api/finance/stats?year=2025",
  "statusCode": 200,
  "responseTime": "100ms",
  "userId": "690c4c43be8f36eb0f3c17b9"
}
[2025-11-13T10:43:23.421Z] [INFO] {
  "timestamp": "2025-11-13T10:43:23.421Z",
  "method": "GET",
  "url": "/favicon.ico",
  "ip": "127.0.0.1",
  "userId": "anonymous",
  "userAgent": "Mozilla/5.0 (Windows NT 10.0; Win64; x64) AppleWebKit/537.36 (KHTML, like Gecko) Chrome/142.0.0.0 Safari/537.36"
}
[2025-11-13T10:43:23.422Z] [INFO] {
  "timestamp": "2025-11-13T10:43:23.422Z",
  "method": "GET",
  "url": "/favicon.ico",
  "statusCode": 200,
  "responseTime": "1ms",
  "userId": "anonymous"
}
[2025-11-13T10:44:55.395Z] [INFO] {
  "timestamp": "2025-11-13T10:44:55.395Z",
  "method": "GET",
  "url": "/api/auth/me",
  "ip": "::1",
  "userId": "anonymous",
  "userAgent": "Mozilla/5.0 (Windows NT 10.0; Win64; x64) AppleWebKit/537.36 (KHTML, like Gecko) Chrome/142.0.0.0 Safari/537.36"
}
[2025-11-13T10:44:55.400Z] [INFO] {
  "timestamp": "2025-11-13T10:44:55.400Z",
  "method": "GET",
  "url": "/api/auth/me",
  "ip": "::1",
  "userId": "anonymous",
  "userAgent": "Mozilla/5.0 (Windows NT 10.0; Win64; x64) AppleWebKit/537.36 (KHTML, like Gecko) Chrome/142.0.0.0 Safari/537.36"
}
[2025-11-13T10:44:55.410Z] [INFO] {
  "timestamp": "2025-11-13T10:44:55.410Z",
  "method": "GET",
  "url": "/favicon.ico",
  "ip": "127.0.0.1",
  "userId": "anonymous",
  "userAgent": "Mozilla/5.0 (Windows NT 10.0; Win64; x64) AppleWebKit/537.36 (KHTML, like Gecko) Chrome/142.0.0.0 Safari/537.36"
}
[2025-11-13T10:44:55.415Z] [INFO] {
  "timestamp": "2025-11-13T10:44:55.415Z",
  "method": "GET",
  "url": "/favicon.ico",
  "statusCode": 200,
  "responseTime": "5ms",
  "userId": "anonymous"
}
[2025-11-13T10:44:55.429Z] [INFO] {
  "timestamp": "2025-11-13T10:44:55.429Z",
  "method": "GET",
  "url": "/api/auth/me",
  "statusCode": 200,
  "responseTime": "34ms",
  "userId": "690c4c43be8f36eb0f3c17b9"
}
[2025-11-13T10:44:55.431Z] [INFO] {
  "timestamp": "2025-11-13T10:44:55.431Z",
  "method": "GET",
  "url": "/api/auth/me",
  "statusCode": 200,
  "responseTime": "31ms",
  "userId": "690c4c43be8f36eb0f3c17b9"
}
[2025-11-13T10:44:55.460Z] [INFO] {
  "timestamp": "2025-11-13T10:44:55.460Z",
  "method": "GET",
  "url": "/api/configuration-versions/current",
  "ip": "::1",
  "userId": "anonymous",
  "userAgent": "Mozilla/5.0 (Windows NT 10.0; Win64; x64) AppleWebKit/537.36 (KHTML, like Gecko) Chrome/142.0.0.0 Safari/537.36"
}
[2025-11-13T10:44:55.466Z] [INFO] {
  "timestamp": "2025-11-13T10:44:55.466Z",
  "method": "GET",
  "url": "/api/clients",
  "ip": "::1",
  "userId": "anonymous",
  "userAgent": "Mozilla/5.0 (Windows NT 10.0; Win64; x64) AppleWebKit/537.36 (KHTML, like Gecko) Chrome/142.0.0.0 Safari/537.36"
}
[2025-11-13T10:44:55.473Z] [INFO] {
  "timestamp": "2025-11-13T10:44:55.472Z",
  "method": "GET",
  "url": "/api/associates",
  "ip": "::1",
  "userId": "anonymous",
  "userAgent": "Mozilla/5.0 (Windows NT 10.0; Win64; x64) AppleWebKit/537.36 (KHTML, like Gecko) Chrome/142.0.0.0 Safari/537.36"
}
[2025-11-13T10:44:55.500Z] [INFO] {
  "timestamp": "2025-11-13T10:44:55.500Z",
  "method": "GET",
  "url": "/api/finance/projects?search=&status=all&year=2025",
  "ip": "::1",
  "userId": "anonymous",
  "userAgent": "Mozilla/5.0 (Windows NT 10.0; Win64; x64) AppleWebKit/537.36 (KHTML, like Gecko) Chrome/142.0.0.0 Safari/537.36"
}
[2025-11-13T10:44:55.503Z] [INFO] {
  "timestamp": "2025-11-13T10:44:55.503Z",
  "method": "GET",
  "url": "/api/finance/stats?year=2025",
  "ip": "::1",
  "userId": "anonymous",
  "userAgent": "Mozilla/5.0 (Windows NT 10.0; Win64; x64) AppleWebKit/537.36 (KHTML, like Gecko) Chrome/142.0.0.0 Safari/537.36"
}
[2025-11-13T10:44:55.514Z] [INFO] {
  "timestamp": "2025-11-13T10:44:55.513Z",
  "method": "GET",
  "url": "/api/clients",
  "statusCode": 200,
  "responseTime": "47ms",
  "userId": "690c4c43be8f36eb0f3c17b9"
}
[2025-11-13T10:44:55.516Z] [INFO] {
  "timestamp": "2025-11-13T10:44:55.516Z",
  "method": "GET",
  "url": "/api/associates",
  "statusCode": 200,
  "responseTime": "44ms",
  "userId": "690c4c43be8f36eb0f3c17b9"
}
[2025-11-13T10:44:55.530Z] [INFO] {
  "timestamp": "2025-11-13T10:44:55.530Z",
  "method": "GET",
  "url": "/api/clients",
  "ip": "::1",
  "userId": "anonymous",
  "userAgent": "Mozilla/5.0 (Windows NT 10.0; Win64; x64) AppleWebKit/537.36 (KHTML, like Gecko) Chrome/142.0.0.0 Safari/537.36"
}
[2025-11-13T10:44:55.534Z] [INFO] {
  "timestamp": "2025-11-13T10:44:55.534Z",
  "method": "GET",
  "url": "/api/associates",
  "ip": "::1",
  "userId": "anonymous",
  "userAgent": "Mozilla/5.0 (Windows NT 10.0; Win64; x64) AppleWebKit/537.36 (KHTML, like Gecko) Chrome/142.0.0.0 Safari/537.36"
}
[2025-11-13T10:44:55.551Z] [INFO] {
  "timestamp": "2025-11-13T10:44:55.551Z",
  "method": "GET",
  "url": "/api/configuration-versions/current",
  "statusCode": 200,
  "responseTime": "91ms",
  "userId": "690c4c43be8f36eb0f3c17b9"
}
[2025-11-13T10:44:55.567Z] [INFO] {
  "timestamp": "2025-11-13T10:44:55.566Z",
  "method": "GET",
  "url": "/api/configuration-versions/current",
  "ip": "::1",
  "userId": "anonymous",
  "userAgent": "Mozilla/5.0 (Windows NT 10.0; Win64; x64) AppleWebKit/537.36 (KHTML, like Gecko) Chrome/142.0.0.0 Safari/537.36"
}
[2025-11-13T10:44:55.580Z] [INFO] {
  "timestamp": "2025-11-13T10:44:55.580Z",
  "method": "GET",
  "url": "/api/clients",
  "statusCode": 200,
  "responseTime": "50ms",
  "userId": "690c4c43be8f36eb0f3c17b9"
}
[2025-11-13T10:44:55.584Z] [INFO] {
  "timestamp": "2025-11-13T10:44:55.584Z",
  "method": "GET",
  "url": "/api/associates",
  "statusCode": 200,
  "responseTime": "50ms",
  "userId": "690c4c43be8f36eb0f3c17b9"
}
[2025-11-13T10:44:55.602Z] [INFO] {
  "timestamp": "2025-11-13T10:44:55.602Z",
  "method": "GET",
  "url": "/api/finance/projects?search=&status=all&year=2025",
  "statusCode": 200,
  "responseTime": "102ms",
  "userId": "690c4c43be8f36eb0f3c17b9"
}
[2025-11-13T10:44:55.625Z] [INFO] {
  "timestamp": "2025-11-13T10:44:55.625Z",
  "method": "GET",
  "url": "/api/configuration-versions/current",
  "statusCode": 200,
  "responseTime": "59ms",
  "userId": "690c4c43be8f36eb0f3c17b9"
}
[2025-11-13T10:44:55.629Z] [INFO] {
  "timestamp": "2025-11-13T10:44:55.629Z",
  "method": "GET",
  "url": "/api/finance/projects?search=&status=all&year=2025",
  "ip": "::1",
  "userId": "anonymous",
  "userAgent": "Mozilla/5.0 (Windows NT 10.0; Win64; x64) AppleWebKit/537.36 (KHTML, like Gecko) Chrome/142.0.0.0 Safari/537.36"
}
[2025-11-13T10:44:55.636Z] [INFO] {
  "timestamp": "2025-11-13T10:44:55.636Z",
  "method": "GET",
  "url": "/api/finance/stats?year=2025",
  "statusCode": 200,
  "responseTime": "133ms",
  "userId": "690c4c43be8f36eb0f3c17b9"
}
[2025-11-13T10:44:55.646Z] [INFO] {
  "timestamp": "2025-11-13T10:44:55.646Z",
  "method": "GET",
  "url": "/api/finance/stats?year=2025",
  "ip": "::1",
  "userId": "anonymous",
  "userAgent": "Mozilla/5.0 (Windows NT 10.0; Win64; x64) AppleWebKit/537.36 (KHTML, like Gecko) Chrome/142.0.0.0 Safari/537.36"
}
[2025-11-13T10:44:55.668Z] [INFO] {
  "timestamp": "2025-11-13T10:44:55.668Z",
  "method": "GET",
  "url": "/api/finance/projects?search=&status=all&year=2025",
  "statusCode": 200,
  "responseTime": "39ms",
  "userId": "690c4c43be8f36eb0f3c17b9"
}
[2025-11-13T10:44:55.693Z] [INFO] {
  "timestamp": "2025-11-13T10:44:55.693Z",
  "method": "GET",
  "url": "/api/finance/stats?year=2025",
  "statusCode": 200,
  "responseTime": "47ms",
  "userId": "690c4c43be8f36eb0f3c17b9"
}
[2025-11-13T10:45:34.139Z] [INFO] {
  "timestamp": "2025-11-13T10:45:34.139Z",
  "method": "GET",
  "url": "/api/auth/me",
  "ip": "::1",
  "userId": "anonymous",
  "userAgent": "Mozilla/5.0 (Windows NT 10.0; Win64; x64) AppleWebKit/537.36 (KHTML, like Gecko) Chrome/142.0.0.0 Safari/537.36"
}
[2025-11-13T10:45:34.143Z] [INFO] {
  "timestamp": "2025-11-13T10:45:34.143Z",
  "method": "GET",
  "url": "/api/auth/me",
  "ip": "::1",
  "userId": "anonymous",
  "userAgent": "Mozilla/5.0 (Windows NT 10.0; Win64; x64) AppleWebKit/537.36 (KHTML, like Gecko) Chrome/142.0.0.0 Safari/537.36"
}
[2025-11-13T10:45:34.155Z] [INFO] {
  "timestamp": "2025-11-13T10:45:34.154Z",
  "method": "GET",
  "url": "/api/auth/me",
  "statusCode": 200,
  "responseTime": "15ms",
  "userId": "690c4c43be8f36eb0f3c17b9"
}
[2025-11-13T10:45:34.157Z] [INFO] {
  "timestamp": "2025-11-13T10:45:34.157Z",
  "method": "GET",
  "url": "/favicon.ico",
  "ip": "127.0.0.1",
  "userId": "anonymous",
  "userAgent": "Mozilla/5.0 (Windows NT 10.0; Win64; x64) AppleWebKit/537.36 (KHTML, like Gecko) Chrome/142.0.0.0 Safari/537.36"
}
[2025-11-13T10:45:34.158Z] [INFO] {
  "timestamp": "2025-11-13T10:45:34.158Z",
  "method": "GET",
  "url": "/favicon.ico",
  "statusCode": 200,
  "responseTime": "1ms",
  "userId": "anonymous"
}
[2025-11-13T10:45:34.160Z] [INFO] {
  "timestamp": "2025-11-13T10:45:34.160Z",
  "method": "GET",
  "url": "/api/auth/me",
  "statusCode": 200,
  "responseTime": "17ms",
  "userId": "690c4c43be8f36eb0f3c17b9"
}
[2025-11-13T10:45:34.190Z] [INFO] {
  "timestamp": "2025-11-13T10:45:34.190Z",
  "method": "GET",
  "url": "/api/configuration-versions/current",
  "ip": "::1",
  "userId": "anonymous",
  "userAgent": "Mozilla/5.0 (Windows NT 10.0; Win64; x64) AppleWebKit/537.36 (KHTML, like Gecko) Chrome/142.0.0.0 Safari/537.36"
}
[2025-11-13T10:45:34.198Z] [INFO] {
  "timestamp": "2025-11-13T10:45:34.198Z",
  "method": "GET",
  "url": "/api/clients",
  "ip": "::1",
  "userId": "anonymous",
  "userAgent": "Mozilla/5.0 (Windows NT 10.0; Win64; x64) AppleWebKit/537.36 (KHTML, like Gecko) Chrome/142.0.0.0 Safari/537.36"
}
[2025-11-13T10:45:34.204Z] [INFO] {
  "timestamp": "2025-11-13T10:45:34.204Z",
  "method": "GET",
  "url": "/api/associates",
  "ip": "::1",
  "userId": "anonymous",
  "userAgent": "Mozilla/5.0 (Windows NT 10.0; Win64; x64) AppleWebKit/537.36 (KHTML, like Gecko) Chrome/142.0.0.0 Safari/537.36"
}
[2025-11-13T10:45:34.236Z] [INFO] {
  "timestamp": "2025-11-13T10:45:34.236Z",
  "method": "GET",
  "url": "/api/finance/projects?search=&status=all&year=2025",
  "ip": "::1",
  "userId": "anonymous",
  "userAgent": "Mozilla/5.0 (Windows NT 10.0; Win64; x64) AppleWebKit/537.36 (KHTML, like Gecko) Chrome/142.0.0.0 Safari/537.36"
}
[2025-11-13T10:45:34.242Z] [INFO] {
  "timestamp": "2025-11-13T10:45:34.242Z",
  "method": "GET",
  "url": "/api/finance/stats?year=2025",
  "ip": "::1",
  "userId": "anonymous",
  "userAgent": "Mozilla/5.0 (Windows NT 10.0; Win64; x64) AppleWebKit/537.36 (KHTML, like Gecko) Chrome/142.0.0.0 Safari/537.36"
}
[2025-11-13T10:45:34.248Z] [INFO] {
  "timestamp": "2025-11-13T10:45:34.248Z",
  "method": "GET",
  "url": "/api/clients",
  "statusCode": 200,
  "responseTime": "50ms",
  "userId": "690c4c43be8f36eb0f3c17b9"
}
[2025-11-13T10:45:34.257Z] [INFO] {
  "timestamp": "2025-11-13T10:45:34.257Z",
  "method": "GET",
  "url": "/api/associates",
  "statusCode": 200,
  "responseTime": "53ms",
  "userId": "690c4c43be8f36eb0f3c17b9"
}
[2025-11-13T10:45:34.266Z] [INFO] {
  "timestamp": "2025-11-13T10:45:34.266Z",
  "method": "GET",
  "url": "/api/clients",
  "ip": "::1",
  "userId": "anonymous",
  "userAgent": "Mozilla/5.0 (Windows NT 10.0; Win64; x64) AppleWebKit/537.36 (KHTML, like Gecko) Chrome/142.0.0.0 Safari/537.36"
}
[2025-11-13T10:45:34.273Z] [INFO] {
  "timestamp": "2025-11-13T10:45:34.273Z",
  "method": "GET",
  "url": "/api/configuration-versions/current",
  "statusCode": 200,
  "responseTime": "83ms",
  "userId": "690c4c43be8f36eb0f3c17b9"
}
[2025-11-13T10:45:34.278Z] [INFO] {
  "timestamp": "2025-11-13T10:45:34.278Z",
  "method": "GET",
  "url": "/api/associates",
  "ip": "::1",
  "userId": "anonymous",
  "userAgent": "Mozilla/5.0 (Windows NT 10.0; Win64; x64) AppleWebKit/537.36 (KHTML, like Gecko) Chrome/142.0.0.0 Safari/537.36"
}
[2025-11-13T10:45:34.291Z] [INFO] {
  "timestamp": "2025-11-13T10:45:34.291Z",
  "method": "GET",
  "url": "/api/configuration-versions/current",
  "ip": "::1",
  "userId": "anonymous",
  "userAgent": "Mozilla/5.0 (Windows NT 10.0; Win64; x64) AppleWebKit/537.36 (KHTML, like Gecko) Chrome/142.0.0.0 Safari/537.36"
}
[2025-11-13T10:45:34.308Z] [INFO] {
  "timestamp": "2025-11-13T10:45:34.308Z",
  "method": "GET",
  "url": "/api/clients",
  "statusCode": 200,
  "responseTime": "42ms",
  "userId": "690c4c43be8f36eb0f3c17b9"
}
[2025-11-13T10:45:34.314Z] [INFO] {
  "timestamp": "2025-11-13T10:45:34.314Z",
  "method": "GET",
  "url": "/api/associates",
  "statusCode": 200,
  "responseTime": "36ms",
  "userId": "690c4c43be8f36eb0f3c17b9"
}
[2025-11-13T10:45:34.328Z] [INFO] {
  "timestamp": "2025-11-13T10:45:34.328Z",
  "method": "GET",
  "url": "/api/finance/projects?search=&status=all&year=2025",
  "statusCode": 200,
  "responseTime": "92ms",
  "userId": "690c4c43be8f36eb0f3c17b9"
}
[2025-11-13T10:45:34.336Z] [INFO] {
  "timestamp": "2025-11-13T10:45:34.336Z",
  "method": "GET",
  "url": "/api/configuration-versions/current",
  "statusCode": 200,
  "responseTime": "45ms",
  "userId": "690c4c43be8f36eb0f3c17b9"
}
[2025-11-13T10:45:34.346Z] [INFO] {
  "timestamp": "2025-11-13T10:45:34.346Z",
  "method": "GET",
  "url": "/api/finance/projects?search=&status=all&year=2025",
  "ip": "::1",
  "userId": "anonymous",
  "userAgent": "Mozilla/5.0 (Windows NT 10.0; Win64; x64) AppleWebKit/537.36 (KHTML, like Gecko) Chrome/142.0.0.0 Safari/537.36"
}
[2025-11-13T10:45:34.354Z] [INFO] {
  "timestamp": "2025-11-13T10:45:34.354Z",
  "method": "GET",
  "url": "/api/finance/stats?year=2025",
  "statusCode": 200,
  "responseTime": "112ms",
  "userId": "690c4c43be8f36eb0f3c17b9"
}
[2025-11-13T10:45:34.362Z] [INFO] {
  "timestamp": "2025-11-13T10:45:34.362Z",
  "method": "GET",
  "url": "/api/finance/stats?year=2025",
  "ip": "::1",
  "userId": "anonymous",
  "userAgent": "Mozilla/5.0 (Windows NT 10.0; Win64; x64) AppleWebKit/537.36 (KHTML, like Gecko) Chrome/142.0.0.0 Safari/537.36"
}
[2025-11-13T10:45:34.384Z] [INFO] {
  "timestamp": "2025-11-13T10:45:34.383Z",
  "method": "GET",
  "url": "/api/finance/projects?search=&status=all&year=2025",
  "statusCode": 200,
  "responseTime": "37ms",
  "userId": "690c4c43be8f36eb0f3c17b9"
}
[2025-11-13T10:45:34.407Z] [INFO] {
  "timestamp": "2025-11-13T10:45:34.407Z",
  "method": "GET",
  "url": "/api/finance/stats?year=2025",
  "statusCode": 200,
  "responseTime": "45ms",
  "userId": "690c4c43be8f36eb0f3c17b9"
}
[2025-11-13T10:45:42.644Z] [INFO] {
  "timestamp": "2025-11-13T10:45:42.644Z",
  "method": "GET",
  "url": "/api/auth/me",
  "ip": "::1",
  "userId": "anonymous",
  "userAgent": "Mozilla/5.0 (Windows NT 10.0; Win64; x64) AppleWebKit/537.36 (KHTML, like Gecko) Chrome/142.0.0.0 Safari/537.36"
}
[2025-11-13T10:45:42.655Z] [INFO] {
  "timestamp": "2025-11-13T10:45:42.655Z",
  "method": "GET",
  "url": "/favicon.ico",
  "ip": "127.0.0.1",
  "userId": "anonymous",
  "userAgent": "Mozilla/5.0 (Windows NT 10.0; Win64; x64) AppleWebKit/537.36 (KHTML, like Gecko) Chrome/142.0.0.0 Safari/537.36"
}
[2025-11-13T10:45:42.656Z] [INFO] {
  "timestamp": "2025-11-13T10:45:42.656Z",
  "method": "GET",
  "url": "/favicon.ico",
  "statusCode": 200,
  "responseTime": "1ms",
  "userId": "anonymous"
}
[2025-11-13T10:45:42.664Z] [INFO] {
  "timestamp": "2025-11-13T10:45:42.664Z",
  "method": "GET",
  "url": "/api/auth/me",
  "statusCode": 200,
  "responseTime": "20ms",
  "userId": "690c4c43be8f36eb0f3c17b9"
}
[2025-11-13T10:45:42.669Z] [INFO] {
  "timestamp": "2025-11-13T10:45:42.669Z",
  "method": "GET",
  "url": "/api/auth/me",
  "ip": "::1",
  "userId": "anonymous",
  "userAgent": "Mozilla/5.0 (Windows NT 10.0; Win64; x64) AppleWebKit/537.36 (KHTML, like Gecko) Chrome/142.0.0.0 Safari/537.36"
}
[2025-11-13T10:45:42.684Z] [INFO] {
  "timestamp": "2025-11-13T10:45:42.684Z",
  "method": "GET",
  "url": "/api/auth/me",
  "statusCode": 200,
  "responseTime": "15ms",
  "userId": "690c4c43be8f36eb0f3c17b9"
}
[2025-11-13T10:45:42.705Z] [INFO] {
  "timestamp": "2025-11-13T10:45:42.705Z",
  "method": "GET",
  "url": "/api/configuration-versions/current",
  "ip": "::1",
  "userId": "anonymous",
  "userAgent": "Mozilla/5.0 (Windows NT 10.0; Win64; x64) AppleWebKit/537.36 (KHTML, like Gecko) Chrome/142.0.0.0 Safari/537.36"
}
[2025-11-13T10:45:42.711Z] [INFO] {
  "timestamp": "2025-11-13T10:45:42.711Z",
  "method": "GET",
  "url": "/api/clients",
  "ip": "::1",
  "userId": "anonymous",
  "userAgent": "Mozilla/5.0 (Windows NT 10.0; Win64; x64) AppleWebKit/537.36 (KHTML, like Gecko) Chrome/142.0.0.0 Safari/537.36"
}
[2025-11-13T10:45:42.718Z] [INFO] {
  "timestamp": "2025-11-13T10:45:42.718Z",
  "method": "GET",
  "url": "/api/associates",
  "ip": "::1",
  "userId": "anonymous",
  "userAgent": "Mozilla/5.0 (Windows NT 10.0; Win64; x64) AppleWebKit/537.36 (KHTML, like Gecko) Chrome/142.0.0.0 Safari/537.36"
}
[2025-11-13T10:45:42.758Z] [INFO] {
  "timestamp": "2025-11-13T10:45:42.758Z",
  "method": "GET",
  "url": "/api/finance/projects?search=&status=all&year=2025",
  "ip": "::1",
  "userId": "anonymous",
  "userAgent": "Mozilla/5.0 (Windows NT 10.0; Win64; x64) AppleWebKit/537.36 (KHTML, like Gecko) Chrome/142.0.0.0 Safari/537.36"
}
[2025-11-13T10:45:42.761Z] [INFO] {
  "timestamp": "2025-11-13T10:45:42.761Z",
  "method": "GET",
  "url": "/api/finance/stats?year=2025",
  "ip": "::1",
  "userId": "anonymous",
  "userAgent": "Mozilla/5.0 (Windows NT 10.0; Win64; x64) AppleWebKit/537.36 (KHTML, like Gecko) Chrome/142.0.0.0 Safari/537.36"
}
[2025-11-13T10:45:42.771Z] [INFO] {
  "timestamp": "2025-11-13T10:45:42.771Z",
  "method": "GET",
  "url": "/api/clients",
  "statusCode": 200,
  "responseTime": "60ms",
  "userId": "690c4c43be8f36eb0f3c17b9"
}
[2025-11-13T10:45:42.774Z] [INFO] {
  "timestamp": "2025-11-13T10:45:42.774Z",
  "method": "GET",
  "url": "/api/associates",
  "statusCode": 200,
  "responseTime": "56ms",
  "userId": "690c4c43be8f36eb0f3c17b9"
}
[2025-11-13T10:45:42.793Z] [INFO] {
  "timestamp": "2025-11-13T10:45:42.792Z",
  "method": "GET",
  "url": "/api/clients",
  "ip": "::1",
  "userId": "anonymous",
  "userAgent": "Mozilla/5.0 (Windows NT 10.0; Win64; x64) AppleWebKit/537.36 (KHTML, like Gecko) Chrome/142.0.0.0 Safari/537.36"
}
[2025-11-13T10:45:42.807Z] [INFO] {
  "timestamp": "2025-11-13T10:45:42.807Z",
  "method": "GET",
  "url": "/api/associates",
  "ip": "::1",
  "userId": "anonymous",
  "userAgent": "Mozilla/5.0 (Windows NT 10.0; Win64; x64) AppleWebKit/537.36 (KHTML, like Gecko) Chrome/142.0.0.0 Safari/537.36"
}
[2025-11-13T10:45:42.824Z] [INFO] {
  "timestamp": "2025-11-13T10:45:42.824Z",
  "method": "GET",
  "url": "/api/configuration-versions/current",
  "statusCode": 200,
  "responseTime": "119ms",
  "userId": "690c4c43be8f36eb0f3c17b9"
}
[2025-11-13T10:45:42.839Z] [INFO] {
  "timestamp": "2025-11-13T10:45:42.839Z",
  "method": "GET",
  "url": "/api/configuration-versions/current",
  "ip": "::1",
  "userId": "anonymous",
  "userAgent": "Mozilla/5.0 (Windows NT 10.0; Win64; x64) AppleWebKit/537.36 (KHTML, like Gecko) Chrome/142.0.0.0 Safari/537.36"
}
[2025-11-13T10:45:42.855Z] [INFO] {
  "timestamp": "2025-11-13T10:45:42.855Z",
  "method": "GET",
  "url": "/api/clients",
  "statusCode": 200,
  "responseTime": "63ms",
  "userId": "690c4c43be8f36eb0f3c17b9"
}
[2025-11-13T10:45:42.857Z] [INFO] {
  "timestamp": "2025-11-13T10:45:42.857Z",
  "method": "GET",
  "url": "/api/associates",
  "statusCode": 200,
  "responseTime": "50ms",
  "userId": "690c4c43be8f36eb0f3c17b9"
}
[2025-11-13T10:45:42.874Z] [INFO] {
  "timestamp": "2025-11-13T10:45:42.874Z",
  "method": "GET",
  "url": "/api/finance/projects?search=&status=all&year=2025",
  "statusCode": 200,
  "responseTime": "116ms",
  "userId": "690c4c43be8f36eb0f3c17b9"
}
[2025-11-13T10:45:42.888Z] [INFO] {
  "timestamp": "2025-11-13T10:45:42.888Z",
  "method": "GET",
  "url": "/api/configuration-versions/current",
  "statusCode": 200,
  "responseTime": "49ms",
  "userId": "690c4c43be8f36eb0f3c17b9"
}
[2025-11-13T10:45:42.891Z] [INFO] {
  "timestamp": "2025-11-13T10:45:42.891Z",
  "method": "GET",
  "url": "/api/finance/projects?search=&status=all&year=2025",
  "ip": "::1",
  "userId": "anonymous",
  "userAgent": "Mozilla/5.0 (Windows NT 10.0; Win64; x64) AppleWebKit/537.36 (KHTML, like Gecko) Chrome/142.0.0.0 Safari/537.36"
}
[2025-11-13T10:45:42.903Z] [INFO] {
  "timestamp": "2025-11-13T10:45:42.903Z",
  "method": "GET",
  "url": "/api/finance/stats?year=2025",
  "statusCode": 200,
  "responseTime": "142ms",
  "userId": "690c4c43be8f36eb0f3c17b9"
}
[2025-11-13T10:45:42.911Z] [INFO] {
  "timestamp": "2025-11-13T10:45:42.911Z",
  "method": "GET",
  "url": "/api/finance/stats?year=2025",
  "ip": "::1",
  "userId": "anonymous",
  "userAgent": "Mozilla/5.0 (Windows NT 10.0; Win64; x64) AppleWebKit/537.36 (KHTML, like Gecko) Chrome/142.0.0.0 Safari/537.36"
}
[2025-11-13T10:45:42.933Z] [INFO] {
  "timestamp": "2025-11-13T10:45:42.933Z",
  "method": "GET",
  "url": "/api/finance/projects?search=&status=all&year=2025",
  "statusCode": 200,
  "responseTime": "42ms",
  "userId": "690c4c43be8f36eb0f3c17b9"
}
[2025-11-13T10:45:42.959Z] [INFO] {
  "timestamp": "2025-11-13T10:45:42.959Z",
  "method": "GET",
  "url": "/api/finance/stats?year=2025",
  "statusCode": 200,
  "responseTime": "48ms",
  "userId": "690c4c43be8f36eb0f3c17b9"
}
[2025-11-13T10:45:46.345Z] [INFO] {
  "timestamp": "2025-11-13T10:45:46.345Z",
  "method": "GET",
  "url": "/api/associates",
  "ip": "::1",
  "userId": "anonymous",
  "userAgent": "Mozilla/5.0 (Windows NT 10.0; Win64; x64) AppleWebKit/537.36 (KHTML, like Gecko) Chrome/142.0.0.0 Safari/537.36"
}
[2025-11-13T10:45:46.354Z] [INFO] {
  "timestamp": "2025-11-13T10:45:46.354Z",
  "method": "GET",
  "url": "/favicon.ico",
  "ip": "127.0.0.1",
  "userId": "anonymous",
  "userAgent": "Mozilla/5.0 (Windows NT 10.0; Win64; x64) AppleWebKit/537.36 (KHTML, like Gecko) Chrome/142.0.0.0 Safari/537.36"
}
[2025-11-13T10:45:46.355Z] [INFO] {
  "timestamp": "2025-11-13T10:45:46.355Z",
  "method": "GET",
  "url": "/favicon.ico",
  "statusCode": 200,
  "responseTime": "1ms",
  "userId": "anonymous"
}
[2025-11-13T10:45:46.360Z] [INFO] {
  "timestamp": "2025-11-13T10:45:46.360Z",
  "method": "GET",
  "url": "/api/associates",
  "statusCode": 200,
  "responseTime": "15ms",
  "userId": "690c4c43be8f36eb0f3c17b9"
}
[2025-11-13T10:45:46.365Z] [INFO] {
  "timestamp": "2025-11-13T10:45:46.365Z",
  "method": "GET",
  "url": "/api/associates",
  "ip": "::1",
  "userId": "anonymous",
  "userAgent": "Mozilla/5.0 (Windows NT 10.0; Win64; x64) AppleWebKit/537.36 (KHTML, like Gecko) Chrome/142.0.0.0 Safari/537.36"
}
[2025-11-13T10:45:46.374Z] [INFO] {
  "timestamp": "2025-11-13T10:45:46.374Z",
  "method": "GET",
  "url": "/api/associates",
  "statusCode": 200,
  "responseTime": "9ms",
  "userId": "690c4c43be8f36eb0f3c17b9"
}
[2025-11-13T10:45:48.490Z] [INFO] {
  "timestamp": "2025-11-13T10:45:48.490Z",
  "method": "GET",
  "url": "/api/finance/projects/associate/6915ac6cef39f6566a85fa4f",
  "ip": "::1",
  "userId": "anonymous",
  "userAgent": "Mozilla/5.0 (Windows NT 10.0; Win64; x64) AppleWebKit/537.36 (KHTML, like Gecko) Chrome/142.0.0.0 Safari/537.36"
}
[2025-11-13T10:45:48.504Z] [INFO] {
  "timestamp": "2025-11-13T10:45:48.504Z",
  "method": "GET",
  "url": "/api/finance/projects/associate/6915ac6cef39f6566a85fa4f",
  "statusCode": 200,
  "responseTime": "14ms",
  "userId": "690c4c43be8f36eb0f3c17b9"
}
[2025-11-13T10:45:48.508Z] [INFO] {
  "timestamp": "2025-11-13T10:45:48.508Z",
  "method": "GET",
  "url": "/api/finance/projects/associate/6915ac6cef39f6566a85fa4f",
  "ip": "::1",
  "userId": "anonymous",
  "userAgent": "Mozilla/5.0 (Windows NT 10.0; Win64; x64) AppleWebKit/537.36 (KHTML, like Gecko) Chrome/142.0.0.0 Safari/537.36"
}
[2025-11-13T10:45:48.528Z] [INFO] {
  "timestamp": "2025-11-13T10:45:48.528Z",
  "method": "GET",
  "url": "/api/finance/projects/associate/6915ac6cef39f6566a85fa4f",
  "statusCode": 200,
  "responseTime": "20ms",
  "userId": "690c4c43be8f36eb0f3c17b9"
}
[2025-11-13T10:45:48.788Z] [INFO] {
  "timestamp": "2025-11-13T10:45:48.788Z",
  "method": "GET",
  "url": "/favicon.ico",
  "ip": "127.0.0.1",
  "userId": "anonymous",
  "userAgent": "Mozilla/5.0 (Windows NT 10.0; Win64; x64) AppleWebKit/537.36 (KHTML, like Gecko) Chrome/142.0.0.0 Safari/537.36"
}
[2025-11-13T10:45:48.789Z] [INFO] {
  "timestamp": "2025-11-13T10:45:48.789Z",
  "method": "GET",
  "url": "/favicon.ico",
  "statusCode": 200,
  "responseTime": "1ms",
  "userId": "anonymous"
}
[2025-11-13T10:45:52.911Z] [INFO] {
  "timestamp": "2025-11-13T10:45:52.911Z",
  "method": "GET",
  "url": "/favicon.ico",
  "ip": "127.0.0.1",
  "userId": "anonymous",
  "userAgent": "Mozilla/5.0 (Windows NT 10.0; Win64; x64) AppleWebKit/537.36 (KHTML, like Gecko) Chrome/142.0.0.0 Safari/537.36"
}
[2025-11-13T10:45:52.916Z] [INFO] {
  "timestamp": "2025-11-13T10:45:52.916Z",
  "method": "GET",
  "url": "/favicon.ico",
  "statusCode": 200,
  "responseTime": "5ms",
  "userId": "anonymous"
}
[2025-11-13T10:45:52.922Z] [INFO] {
  "timestamp": "2025-11-13T10:45:52.922Z",
  "method": "GET",
  "url": "/api/clients",
  "ip": "::1",
  "userId": "anonymous",
  "userAgent": "Mozilla/5.0 (Windows NT 10.0; Win64; x64) AppleWebKit/537.36 (KHTML, like Gecko) Chrome/142.0.0.0 Safari/537.36"
}
[2025-11-13T10:45:52.936Z] [INFO] {
  "timestamp": "2025-11-13T10:45:52.936Z",
  "method": "GET",
  "url": "/api/clients",
  "statusCode": 200,
  "responseTime": "14ms",
  "userId": "690c4c43be8f36eb0f3c17b9"
}
[2025-11-13T10:45:52.941Z] [INFO] {
  "timestamp": "2025-11-13T10:45:52.941Z",
  "method": "GET",
  "url": "/api/clients",
  "ip": "::1",
  "userId": "anonymous",
  "userAgent": "Mozilla/5.0 (Windows NT 10.0; Win64; x64) AppleWebKit/537.36 (KHTML, like Gecko) Chrome/142.0.0.0 Safari/537.36"
}
[2025-11-13T10:45:52.949Z] [INFO] {
  "timestamp": "2025-11-13T10:45:52.949Z",
  "method": "GET",
  "url": "/api/clients",
  "statusCode": 200,
  "responseTime": "8ms",
  "userId": "690c4c43be8f36eb0f3c17b9"
}
[2025-11-13T10:45:54.675Z] [INFO] {
  "timestamp": "2025-11-13T10:45:54.675Z",
  "method": "GET",
  "url": "/api/associates",
  "ip": "::1",
  "userId": "anonymous",
  "userAgent": "Mozilla/5.0 (Windows NT 10.0; Win64; x64) AppleWebKit/537.36 (KHTML, like Gecko) Chrome/142.0.0.0 Safari/537.36"
}
[2025-11-13T10:45:54.683Z] [INFO] {
  "timestamp": "2025-11-13T10:45:54.683Z",
  "method": "GET",
  "url": "/api/associates",
  "statusCode": 200,
  "responseTime": "8ms",
  "userId": "690c4c43be8f36eb0f3c17b9"
}
[2025-11-13T10:45:54.688Z] [INFO] {
  "timestamp": "2025-11-13T10:45:54.688Z",
  "method": "GET",
  "url": "/api/associates",
  "ip": "::1",
  "userId": "anonymous",
  "userAgent": "Mozilla/5.0 (Windows NT 10.0; Win64; x64) AppleWebKit/537.36 (KHTML, like Gecko) Chrome/142.0.0.0 Safari/537.36"
}
[2025-11-13T10:45:54.697Z] [INFO] {
  "timestamp": "2025-11-13T10:45:54.697Z",
  "method": "GET",
  "url": "/api/associates",
  "statusCode": 200,
  "responseTime": "9ms",
  "userId": "690c4c43be8f36eb0f3c17b9"
}
[2025-11-13T10:45:54.989Z] [INFO] {
  "timestamp": "2025-11-13T10:45:54.989Z",
  "method": "GET",
  "url": "/favicon.ico",
  "ip": "127.0.0.1",
  "userId": "anonymous",
  "userAgent": "Mozilla/5.0 (Windows NT 10.0; Win64; x64) AppleWebKit/537.36 (KHTML, like Gecko) Chrome/142.0.0.0 Safari/537.36"
}
[2025-11-13T10:45:54.990Z] [INFO] {
  "timestamp": "2025-11-13T10:45:54.990Z",
  "method": "GET",
  "url": "/favicon.ico",
  "statusCode": 200,
  "responseTime": "1ms",
  "userId": "anonymous"
}
[2025-11-13T10:45:58.114Z] [INFO] {
  "timestamp": "2025-11-13T10:45:58.114Z",
  "method": "GET",
  "url": "/api/associates",
  "ip": "::1",
  "userId": "anonymous",
  "userAgent": "Mozilla/5.0 (Windows NT 10.0; Win64; x64) AppleWebKit/537.36 (KHTML, like Gecko) Chrome/142.0.0.0 Safari/537.36"
}
[2025-11-13T10:45:58.142Z] [INFO] {
  "timestamp": "2025-11-13T10:45:58.142Z",
  "method": "GET",
  "url": "/api/configuration-versions/current",
  "ip": "::1",
  "userId": "anonymous",
  "userAgent": "Mozilla/5.0 (Windows NT 10.0; Win64; x64) AppleWebKit/537.36 (KHTML, like Gecko) Chrome/142.0.0.0 Safari/537.36"
}
[2025-11-13T10:45:58.159Z] [INFO] {
  "timestamp": "2025-11-13T10:45:58.159Z",
  "method": "GET",
  "url": "/api/clients",
  "ip": "::1",
  "userId": "anonymous",
  "userAgent": "Mozilla/5.0 (Windows NT 10.0; Win64; x64) AppleWebKit/537.36 (KHTML, like Gecko) Chrome/142.0.0.0 Safari/537.36"
}
[2025-11-13T10:45:58.179Z] [INFO] {
  "timestamp": "2025-11-13T10:45:58.179Z",
  "method": "GET",
  "url": "/favicon.ico",
  "ip": "127.0.0.1",
  "userId": "anonymous",
  "userAgent": "Mozilla/5.0 (Windows NT 10.0; Win64; x64) AppleWebKit/537.36 (KHTML, like Gecko) Chrome/142.0.0.0 Safari/537.36"
}
[2025-11-13T10:45:58.180Z] [INFO] {
  "timestamp": "2025-11-13T10:45:58.180Z",
  "method": "GET",
  "url": "/favicon.ico",
  "statusCode": 200,
  "responseTime": "1ms",
  "userId": "anonymous"
}
[2025-11-13T10:45:58.182Z] [INFO] {
  "timestamp": "2025-11-13T10:45:58.182Z",
  "method": "GET",
  "url": "/api/finance/projects?search=&status=all&year=2025",
  "ip": "::1",
  "userId": "anonymous",
  "userAgent": "Mozilla/5.0 (Windows NT 10.0; Win64; x64) AppleWebKit/537.36 (KHTML, like Gecko) Chrome/142.0.0.0 Safari/537.36"
}
[2025-11-13T10:45:58.189Z] [INFO] {
  "timestamp": "2025-11-13T10:45:58.189Z",
  "method": "GET",
  "url": "/api/finance/stats?year=2025",
  "ip": "::1",
  "userId": "anonymous",
  "userAgent": "Mozilla/5.0 (Windows NT 10.0; Win64; x64) AppleWebKit/537.36 (KHTML, like Gecko) Chrome/142.0.0.0 Safari/537.36"
}
[2025-11-13T10:45:58.197Z] [INFO] {
  "timestamp": "2025-11-13T10:45:58.197Z",
  "method": "GET",
  "url": "/api/associates",
  "statusCode": 200,
  "responseTime": "83ms",
  "userId": "690c4c43be8f36eb0f3c17b9"
}
[2025-11-13T10:45:58.207Z] [INFO] {
  "timestamp": "2025-11-13T10:45:58.207Z",
  "method": "GET",
  "url": "/api/clients",
  "statusCode": 200,
  "responseTime": "48ms",
  "userId": "690c4c43be8f36eb0f3c17b9"
}
[2025-11-13T10:45:58.213Z] [INFO] {
  "timestamp": "2025-11-13T10:45:58.213Z",
  "method": "GET",
  "url": "/api/associates",
  "ip": "::1",
  "userId": "anonymous",
  "userAgent": "Mozilla/5.0 (Windows NT 10.0; Win64; x64) AppleWebKit/537.36 (KHTML, like Gecko) Chrome/142.0.0.0 Safari/537.36"
}
[2025-11-13T10:45:58.224Z] [INFO] {
  "timestamp": "2025-11-13T10:45:58.224Z",
  "method": "GET",
  "url": "/api/clients",
  "ip": "::1",
  "userId": "anonymous",
  "userAgent": "Mozilla/5.0 (Windows NT 10.0; Win64; x64) AppleWebKit/537.36 (KHTML, like Gecko) Chrome/142.0.0.0 Safari/537.36"
}
[2025-11-13T10:45:58.234Z] [INFO] {
  "timestamp": "2025-11-13T10:45:58.234Z",
  "method": "GET",
  "url": "/api/configuration-versions/current",
  "statusCode": 200,
  "responseTime": "92ms",
  "userId": "690c4c43be8f36eb0f3c17b9"
}
[2025-11-13T10:45:58.243Z] [INFO] {
  "timestamp": "2025-11-13T10:45:58.243Z",
  "method": "GET",
  "url": "/api/configuration-versions/current",
  "ip": "::1",
  "userId": "anonymous",
  "userAgent": "Mozilla/5.0 (Windows NT 10.0; Win64; x64) AppleWebKit/537.36 (KHTML, like Gecko) Chrome/142.0.0.0 Safari/537.36"
}
[2025-11-13T10:45:58.254Z] [INFO] {
  "timestamp": "2025-11-13T10:45:58.254Z",
  "method": "GET",
  "url": "/api/associates",
  "statusCode": 200,
  "responseTime": "41ms",
  "userId": "690c4c43be8f36eb0f3c17b9"
}
[2025-11-13T10:45:58.260Z] [INFO] {
  "timestamp": "2025-11-13T10:45:58.260Z",
  "method": "GET",
  "url": "/api/clients",
  "statusCode": 200,
  "responseTime": "36ms",
  "userId": "690c4c43be8f36eb0f3c17b9"
}
[2025-11-13T10:45:58.262Z] [INFO] {
  "timestamp": "2025-11-13T10:45:58.262Z",
  "method": "GET",
  "url": "/api/finance/projects?search=&status=all&year=2025",
  "statusCode": 200,
  "responseTime": "81ms",
  "userId": "690c4c43be8f36eb0f3c17b9"
}
[2025-11-13T10:45:58.277Z] [INFO] {
  "timestamp": "2025-11-13T10:45:58.277Z",
  "method": "GET",
  "url": "/api/finance/projects?search=&status=all&year=2025",
  "ip": "::1",
  "userId": "anonymous",
  "userAgent": "Mozilla/5.0 (Windows NT 10.0; Win64; x64) AppleWebKit/537.36 (KHTML, like Gecko) Chrome/142.0.0.0 Safari/537.36"
}
[2025-11-13T10:45:58.284Z] [INFO] {
  "timestamp": "2025-11-13T10:45:58.284Z",
  "method": "GET",
  "url": "/api/configuration-versions/current",
  "statusCode": 200,
  "responseTime": "41ms",
  "userId": "690c4c43be8f36eb0f3c17b9"
}
[2025-11-13T10:45:58.286Z] [INFO] {
  "timestamp": "2025-11-13T10:45:58.286Z",
  "method": "GET",
  "url": "/api/finance/stats?year=2025",
  "statusCode": 200,
  "responseTime": "97ms",
  "userId": "690c4c43be8f36eb0f3c17b9"
}
[2025-11-13T10:45:58.292Z] [INFO] {
  "timestamp": "2025-11-13T10:45:58.292Z",
  "method": "GET",
  "url": "/api/finance/stats?year=2025",
  "ip": "::1",
  "userId": "anonymous",
  "userAgent": "Mozilla/5.0 (Windows NT 10.0; Win64; x64) AppleWebKit/537.36 (KHTML, like Gecko) Chrome/142.0.0.0 Safari/537.36"
}
[2025-11-13T10:45:58.311Z] [INFO] {
  "timestamp": "2025-11-13T10:45:58.311Z",
  "method": "GET",
  "url": "/api/finance/projects?search=&status=all&year=2025",
  "statusCode": 200,
  "responseTime": "34ms",
  "userId": "690c4c43be8f36eb0f3c17b9"
}
[2025-11-13T10:45:58.331Z] [INFO] {
  "timestamp": "2025-11-13T10:45:58.331Z",
  "method": "GET",
  "url": "/api/finance/stats?year=2025",
  "statusCode": 200,
  "responseTime": "39ms",
  "userId": "690c4c43be8f36eb0f3c17b9"
}
[2025-11-13T10:48:36.383Z] [INFO] {
  "timestamp": "2025-11-13T10:48:36.383Z",
  "method": "GET",
  "url": "/api/clients",
  "ip": "::1",
  "userId": "anonymous",
  "userAgent": "Mozilla/5.0 (Windows NT 10.0; Win64; x64) AppleWebKit/537.36 (KHTML, like Gecko) Chrome/142.0.0.0 Safari/537.36"
}
[2025-11-13T10:48:36.391Z] [INFO] {
  "timestamp": "2025-11-13T10:48:36.391Z",
  "method": "GET",
  "url": "/api/clients",
  "statusCode": 200,
  "responseTime": "8ms",
  "userId": "690c4c43be8f36eb0f3c17b9"
}
[2025-11-13T10:48:36.395Z] [INFO] {
  "timestamp": "2025-11-13T10:48:36.395Z",
  "method": "GET",
  "url": "/api/clients",
  "ip": "::1",
  "userId": "anonymous",
  "userAgent": "Mozilla/5.0 (Windows NT 10.0; Win64; x64) AppleWebKit/537.36 (KHTML, like Gecko) Chrome/142.0.0.0 Safari/537.36"
}
[2025-11-13T10:48:36.403Z] [INFO] {
  "timestamp": "2025-11-13T10:48:36.403Z",
  "method": "GET",
  "url": "/api/clients",
  "statusCode": 200,
  "responseTime": "8ms",
  "userId": "690c4c43be8f36eb0f3c17b9"
}
[2025-11-13T10:48:36.705Z] [INFO] {
  "timestamp": "2025-11-13T10:48:36.705Z",
  "method": "GET",
  "url": "/favicon.ico",
  "ip": "127.0.0.1",
  "userId": "anonymous",
  "userAgent": "Mozilla/5.0 (Windows NT 10.0; Win64; x64) AppleWebKit/537.36 (KHTML, like Gecko) Chrome/142.0.0.0 Safari/537.36"
}
[2025-11-13T10:48:36.706Z] [INFO] {
  "timestamp": "2025-11-13T10:48:36.706Z",
  "method": "GET",
  "url": "/favicon.ico",
  "statusCode": 200,
  "responseTime": "1ms",
  "userId": "anonymous"
}
[2025-11-13T10:48:37.779Z] [INFO] {
  "timestamp": "2025-11-13T10:48:37.779Z",
  "method": "GET",
  "url": "/api/associates",
  "ip": "::1",
  "userId": "anonymous",
  "userAgent": "Mozilla/5.0 (Windows NT 10.0; Win64; x64) AppleWebKit/537.36 (KHTML, like Gecko) Chrome/142.0.0.0 Safari/537.36"
}
[2025-11-13T10:48:37.799Z] [INFO] {
  "timestamp": "2025-11-13T10:48:37.799Z",
  "method": "GET",
  "url": "/favicon.ico",
  "ip": "127.0.0.1",
  "userId": "anonymous",
  "userAgent": "Mozilla/5.0 (Windows NT 10.0; Win64; x64) AppleWebKit/537.36 (KHTML, like Gecko) Chrome/142.0.0.0 Safari/537.36"
}
[2025-11-13T10:48:37.809Z] [INFO] {
  "timestamp": "2025-11-13T10:48:37.809Z",
  "method": "GET",
  "url": "/favicon.ico",
  "statusCode": 200,
  "responseTime": "10ms",
  "userId": "anonymous"
}
[2025-11-13T10:48:37.825Z] [INFO] {
  "timestamp": "2025-11-13T10:48:37.824Z",
  "method": "GET",
  "url": "/api/associates",
  "statusCode": 200,
  "responseTime": "45ms",
  "userId": "690c4c43be8f36eb0f3c17b9"
}
[2025-11-13T10:48:37.829Z] [INFO] {
  "timestamp": "2025-11-13T10:48:37.829Z",
  "method": "GET",
  "url": "/api/associates",
  "ip": "::1",
  "userId": "anonymous",
  "userAgent": "Mozilla/5.0 (Windows NT 10.0; Win64; x64) AppleWebKit/537.36 (KHTML, like Gecko) Chrome/142.0.0.0 Safari/537.36"
}
[2025-11-13T10:48:37.840Z] [INFO] {
  "timestamp": "2025-11-13T10:48:37.840Z",
  "method": "GET",
  "url": "/api/associates",
  "statusCode": 200,
  "responseTime": "11ms",
  "userId": "690c4c43be8f36eb0f3c17b9"
}
[2025-11-13T10:48:40.926Z] [INFO] {
  "timestamp": "2025-11-13T10:48:40.926Z",
  "method": "GET",
  "url": "/api/finance/projects/associate/6915ac6cef39f6566a85fa4f",
  "ip": "::1",
  "userId": "anonymous",
  "userAgent": "Mozilla/5.0 (Windows NT 10.0; Win64; x64) AppleWebKit/537.36 (KHTML, like Gecko) Chrome/142.0.0.0 Safari/537.36"
}
[2025-11-13T10:48:40.944Z] [INFO] {
  "timestamp": "2025-11-13T10:48:40.944Z",
  "method": "GET",
  "url": "/api/finance/projects/associate/6915ac6cef39f6566a85fa4f",
  "statusCode": 200,
  "responseTime": "18ms",
  "userId": "690c4c43be8f36eb0f3c17b9"
}
[2025-11-13T10:48:40.952Z] [INFO] {
  "timestamp": "2025-11-13T10:48:40.952Z",
  "method": "GET",
  "url": "/api/finance/projects/associate/6915ac6cef39f6566a85fa4f",
  "ip": "::1",
  "userId": "anonymous",
  "userAgent": "Mozilla/5.0 (Windows NT 10.0; Win64; x64) AppleWebKit/537.36 (KHTML, like Gecko) Chrome/142.0.0.0 Safari/537.36"
}
[2025-11-13T10:48:40.966Z] [INFO] {
  "timestamp": "2025-11-13T10:48:40.966Z",
  "method": "GET",
  "url": "/api/finance/projects/associate/6915ac6cef39f6566a85fa4f",
  "statusCode": 200,
  "responseTime": "14ms",
  "userId": "690c4c43be8f36eb0f3c17b9"
}
[2025-11-13T10:48:41.231Z] [INFO] {
  "timestamp": "2025-11-13T10:48:41.231Z",
  "method": "GET",
  "url": "/favicon.ico",
  "ip": "127.0.0.1",
  "userId": "anonymous",
  "userAgent": "Mozilla/5.0 (Windows NT 10.0; Win64; x64) AppleWebKit/537.36 (KHTML, like Gecko) Chrome/142.0.0.0 Safari/537.36"
}
[2025-11-13T10:48:41.233Z] [INFO] {
  "timestamp": "2025-11-13T10:48:41.233Z",
  "method": "GET",
  "url": "/favicon.ico",
  "statusCode": 200,
  "responseTime": "2ms",
  "userId": "anonymous"
}
[2025-11-13T10:48:44.235Z] [INFO] {
  "timestamp": "2025-11-13T10:48:44.235Z",
  "method": "GET",
  "url": "/favicon.ico",
  "ip": "127.0.0.1",
  "userId": "anonymous",
  "userAgent": "Mozilla/5.0 (Windows NT 10.0; Win64; x64) AppleWebKit/537.36 (KHTML, like Gecko) Chrome/142.0.0.0 Safari/537.36"
}
[2025-11-13T10:48:44.236Z] [INFO] {
  "timestamp": "2025-11-13T10:48:44.236Z",
  "method": "GET",
  "url": "/favicon.ico",
  "statusCode": 200,
  "responseTime": "1ms",
  "userId": "anonymous"
}
[2025-11-13T10:48:44.244Z] [INFO] {
  "timestamp": "2025-11-13T10:48:44.244Z",
  "method": "GET",
  "url": "/api/associates",
  "ip": "::1",
  "userId": "anonymous",
  "userAgent": "Mozilla/5.0 (Windows NT 10.0; Win64; x64) AppleWebKit/537.36 (KHTML, like Gecko) Chrome/142.0.0.0 Safari/537.36"
}
[2025-11-13T10:48:44.261Z] [INFO] {
  "timestamp": "2025-11-13T10:48:44.261Z",
  "method": "GET",
  "url": "/api/associates",
  "statusCode": 200,
  "responseTime": "17ms",
  "userId": "690c4c43be8f36eb0f3c17b9"
}
[2025-11-13T10:48:44.275Z] [INFO] {
  "timestamp": "2025-11-13T10:48:44.275Z",
  "method": "GET",
  "url": "/api/associates",
  "ip": "::1",
  "userId": "anonymous",
  "userAgent": "Mozilla/5.0 (Windows NT 10.0; Win64; x64) AppleWebKit/537.36 (KHTML, like Gecko) Chrome/142.0.0.0 Safari/537.36"
}
[2025-11-13T10:48:44.285Z] [INFO] {
  "timestamp": "2025-11-13T10:48:44.285Z",
  "method": "GET",
  "url": "/api/associates",
  "statusCode": 200,
  "responseTime": "10ms",
  "userId": "690c4c43be8f36eb0f3c17b9"
}
[2025-11-13T10:50:11.593Z] [INFO] {
  "timestamp": "2025-11-13T10:50:11.593Z",
  "method": "GET",
  "url": "/favicon.ico",
  "ip": "127.0.0.1",
  "userId": "anonymous",
  "userAgent": "Mozilla/5.0 (Windows NT 10.0; Win64; x64) AppleWebKit/537.36 (KHTML, like Gecko) Chrome/142.0.0.0 Safari/537.36"
}
[2025-11-13T10:50:11.594Z] [INFO] {
  "timestamp": "2025-11-13T10:50:11.594Z",
  "method": "GET",
  "url": "/favicon.ico",
  "statusCode": 200,
  "responseTime": "1ms",
  "userId": "anonymous"
}
[2025-11-13T10:50:11.602Z] [INFO] {
  "timestamp": "2025-11-13T10:50:11.602Z",
  "method": "GET",
  "url": "/api/finance/projects/associate/6915ac6cef39f6566a85fa4f",
  "ip": "::1",
  "userId": "anonymous",
  "userAgent": "Mozilla/5.0 (Windows NT 10.0; Win64; x64) AppleWebKit/537.36 (KHTML, like Gecko) Chrome/142.0.0.0 Safari/537.36"
}
[2025-11-13T10:50:11.618Z] [INFO] {
  "timestamp": "2025-11-13T10:50:11.618Z",
  "method": "GET",
  "url": "/api/finance/projects/associate/6915ac6cef39f6566a85fa4f",
  "statusCode": 200,
  "responseTime": "16ms",
  "userId": "690c4c43be8f36eb0f3c17b9"
}
[2025-11-13T10:50:11.623Z] [INFO] {
  "timestamp": "2025-11-13T10:50:11.623Z",
  "method": "GET",
  "url": "/api/finance/projects/associate/6915ac6cef39f6566a85fa4f",
  "ip": "::1",
  "userId": "anonymous",
  "userAgent": "Mozilla/5.0 (Windows NT 10.0; Win64; x64) AppleWebKit/537.36 (KHTML, like Gecko) Chrome/142.0.0.0 Safari/537.36"
}
[2025-11-13T10:50:11.645Z] [INFO] {
  "timestamp": "2025-11-13T10:50:11.645Z",
  "method": "GET",
  "url": "/api/finance/projects/associate/6915ac6cef39f6566a85fa4f",
  "statusCode": 200,
  "responseTime": "22ms",
  "userId": "690c4c43be8f36eb0f3c17b9"
}
[2025-11-13T10:50:13.656Z] [INFO] {
  "timestamp": "2025-11-13T10:50:13.656Z",
  "method": "GET",
  "url": "/api/configuration-versions/current",
  "ip": "::1",
  "userId": "anonymous",
  "userAgent": "Mozilla/5.0 (Windows NT 10.0; Win64; x64) AppleWebKit/537.36 (KHTML, like Gecko) Chrome/142.0.0.0 Safari/537.36"
}
[2025-11-13T10:50:13.660Z] [INFO] {
  "timestamp": "2025-11-13T10:50:13.660Z",
  "method": "GET",
  "url": "/api/clients",
  "ip": "::1",
  "userId": "anonymous",
  "userAgent": "Mozilla/5.0 (Windows NT 10.0; Win64; x64) AppleWebKit/537.36 (KHTML, like Gecko) Chrome/142.0.0.0 Safari/537.36"
}
[2025-11-13T10:50:13.665Z] [INFO] {
  "timestamp": "2025-11-13T10:50:13.665Z",
  "method": "GET",
  "url": "/api/associates",
  "ip": "::1",
  "userId": "anonymous",
  "userAgent": "Mozilla/5.0 (Windows NT 10.0; Win64; x64) AppleWebKit/537.36 (KHTML, like Gecko) Chrome/142.0.0.0 Safari/537.36"
}
[2025-11-13T10:50:13.689Z] [INFO] {
  "timestamp": "2025-11-13T10:50:13.689Z",
  "method": "GET",
  "url": "/favicon.ico",
  "ip": "127.0.0.1",
  "userId": "anonymous",
  "userAgent": "Mozilla/5.0 (Windows NT 10.0; Win64; x64) AppleWebKit/537.36 (KHTML, like Gecko) Chrome/142.0.0.0 Safari/537.36"
}
[2025-11-13T10:50:13.690Z] [INFO] {
  "timestamp": "2025-11-13T10:50:13.690Z",
  "method": "GET",
  "url": "/favicon.ico",
  "statusCode": 200,
  "responseTime": "1ms",
  "userId": "anonymous"
}
[2025-11-13T10:50:13.694Z] [INFO] {
  "timestamp": "2025-11-13T10:50:13.694Z",
  "method": "GET",
  "url": "/api/finance/projects?search=&status=all&year=2025",
  "ip": "::1",
  "userId": "anonymous",
  "userAgent": "Mozilla/5.0 (Windows NT 10.0; Win64; x64) AppleWebKit/537.36 (KHTML, like Gecko) Chrome/142.0.0.0 Safari/537.36"
}
[2025-11-13T10:50:13.703Z] [INFO] {
  "timestamp": "2025-11-13T10:50:13.703Z",
  "method": "GET",
  "url": "/api/finance/stats?year=2025",
  "ip": "::1",
  "userId": "anonymous",
  "userAgent": "Mozilla/5.0 (Windows NT 10.0; Win64; x64) AppleWebKit/537.36 (KHTML, like Gecko) Chrome/142.0.0.0 Safari/537.36"
}
[2025-11-13T10:50:13.708Z] [INFO] {
  "timestamp": "2025-11-13T10:50:13.708Z",
  "method": "GET",
  "url": "/api/clients",
  "statusCode": 200,
  "responseTime": "48ms",
  "userId": "690c4c43be8f36eb0f3c17b9"
}
[2025-11-13T10:50:13.716Z] [INFO] {
  "timestamp": "2025-11-13T10:50:13.716Z",
  "method": "GET",
  "url": "/api/associates",
  "statusCode": 200,
  "responseTime": "51ms",
  "userId": "690c4c43be8f36eb0f3c17b9"
}
[2025-11-13T10:50:13.723Z] [INFO] {
  "timestamp": "2025-11-13T10:50:13.722Z",
  "method": "GET",
  "url": "/api/clients",
  "ip": "::1",
  "userId": "anonymous",
  "userAgent": "Mozilla/5.0 (Windows NT 10.0; Win64; x64) AppleWebKit/537.36 (KHTML, like Gecko) Chrome/142.0.0.0 Safari/537.36"
}
[2025-11-13T10:50:13.731Z] [INFO] {
  "timestamp": "2025-11-13T10:50:13.731Z",
  "method": "GET",
  "url": "/api/associates",
  "ip": "::1",
  "userId": "anonymous",
  "userAgent": "Mozilla/5.0 (Windows NT 10.0; Win64; x64) AppleWebKit/537.36 (KHTML, like Gecko) Chrome/142.0.0.0 Safari/537.36"
}
[2025-11-13T10:50:13.737Z] [INFO] {
  "timestamp": "2025-11-13T10:50:13.737Z",
  "method": "GET",
  "url": "/api/configuration-versions/current",
  "statusCode": 200,
  "responseTime": "81ms",
  "userId": "690c4c43be8f36eb0f3c17b9"
}
[2025-11-13T10:50:13.749Z] [INFO] {
  "timestamp": "2025-11-13T10:50:13.749Z",
  "method": "GET",
  "url": "/api/configuration-versions/current",
  "ip": "::1",
  "userId": "anonymous",
  "userAgent": "Mozilla/5.0 (Windows NT 10.0; Win64; x64) AppleWebKit/537.36 (KHTML, like Gecko) Chrome/142.0.0.0 Safari/537.36"
}
[2025-11-13T10:50:13.766Z] [INFO] {
  "timestamp": "2025-11-13T10:50:13.766Z",
  "method": "GET",
  "url": "/api/clients",
  "statusCode": 200,
  "responseTime": "44ms",
  "userId": "690c4c43be8f36eb0f3c17b9"
}
[2025-11-13T10:50:13.777Z] [INFO] {
  "timestamp": "2025-11-13T10:50:13.777Z",
  "method": "GET",
  "url": "/api/associates",
  "statusCode": 200,
  "responseTime": "46ms",
  "userId": "690c4c43be8f36eb0f3c17b9"
}
[2025-11-13T10:50:13.786Z] [INFO] {
  "timestamp": "2025-11-13T10:50:13.786Z",
  "method": "GET",
  "url": "/api/finance/projects?search=&status=all&year=2025",
  "statusCode": 200,
  "responseTime": "92ms",
  "userId": "690c4c43be8f36eb0f3c17b9"
}
[2025-11-13T10:50:13.801Z] [INFO] {
  "timestamp": "2025-11-13T10:50:13.801Z",
  "method": "GET",
  "url": "/api/configuration-versions/current",
  "statusCode": 200,
  "responseTime": "52ms",
  "userId": "690c4c43be8f36eb0f3c17b9"
}
[2025-11-13T10:50:13.804Z] [INFO] {
  "timestamp": "2025-11-13T10:50:13.804Z",
  "method": "GET",
  "url": "/api/finance/projects?search=&status=all&year=2025",
  "ip": "::1",
  "userId": "anonymous",
  "userAgent": "Mozilla/5.0 (Windows NT 10.0; Win64; x64) AppleWebKit/537.36 (KHTML, like Gecko) Chrome/142.0.0.0 Safari/537.36"
}
[2025-11-13T10:50:13.813Z] [INFO] {
  "timestamp": "2025-11-13T10:50:13.813Z",
  "method": "GET",
  "url": "/api/finance/stats?year=2025",
  "statusCode": 200,
  "responseTime": "110ms",
  "userId": "690c4c43be8f36eb0f3c17b9"
}
[2025-11-13T10:50:13.829Z] [INFO] {
  "timestamp": "2025-11-13T10:50:13.829Z",
  "method": "GET",
  "url": "/api/finance/stats?year=2025",
  "ip": "::1",
  "userId": "anonymous",
  "userAgent": "Mozilla/5.0 (Windows NT 10.0; Win64; x64) AppleWebKit/537.36 (KHTML, like Gecko) Chrome/142.0.0.0 Safari/537.36"
}
[2025-11-13T10:50:13.862Z] [INFO] {
  "timestamp": "2025-11-13T10:50:13.862Z",
  "method": "GET",
  "url": "/api/finance/projects?search=&status=all&year=2025",
  "statusCode": 200,
  "responseTime": "58ms",
  "userId": "690c4c43be8f36eb0f3c17b9"
}
[2025-11-13T10:50:13.885Z] [INFO] {
  "timestamp": "2025-11-13T10:50:13.885Z",
  "method": "GET",
  "url": "/api/finance/stats?year=2025",
  "statusCode": 200,
  "responseTime": "56ms",
  "userId": "690c4c43be8f36eb0f3c17b9"
}
[2025-11-13T10:51:02.056Z] [INFO] {
  "timestamp": "2025-11-13T10:51:02.056Z",
  "method": "GET",
  "url": "/api/auth/me",
  "ip": "::1",
  "userId": "anonymous",
  "userAgent": "Mozilla/5.0 (Windows NT 10.0; Win64; x64) AppleWebKit/537.36 (KHTML, like Gecko) Chrome/142.0.0.0 Safari/537.36"
}
[2025-11-13T10:51:02.078Z] [INFO] {
  "timestamp": "2025-11-13T10:51:02.078Z",
  "method": "GET",
  "url": "/api/auth/me",
  "statusCode": 200,
  "responseTime": "22ms",
  "userId": "690c4c43be8f36eb0f3c17b9"
}
[2025-11-13T10:51:02.093Z] [INFO] {
  "timestamp": "2025-11-13T10:51:02.093Z",
  "method": "GET",
  "url": "/api/auth/me",
  "ip": "::1",
  "userId": "anonymous",
  "userAgent": "Mozilla/5.0 (Windows NT 10.0; Win64; x64) AppleWebKit/537.36 (KHTML, like Gecko) Chrome/142.0.0.0 Safari/537.36"
}
[2025-11-13T10:51:02.120Z] [INFO] {
  "timestamp": "2025-11-13T10:51:02.120Z",
  "method": "GET",
  "url": "/api/auth/me",
  "statusCode": 200,
  "responseTime": "27ms",
  "userId": "690c4c43be8f36eb0f3c17b9"
}
[2025-11-13T10:51:02.130Z] [INFO] {
  "timestamp": "2025-11-13T10:51:02.130Z",
  "method": "GET",
  "url": "/api/configuration-versions/current",
  "ip": "::1",
  "userId": "anonymous",
  "userAgent": "Mozilla/5.0 (Windows NT 10.0; Win64; x64) AppleWebKit/537.36 (KHTML, like Gecko) Chrome/142.0.0.0 Safari/537.36"
}
[2025-11-13T10:51:02.137Z] [INFO] {
  "timestamp": "2025-11-13T10:51:02.137Z",
  "method": "GET",
  "url": "/api/clients",
  "ip": "::1",
  "userId": "anonymous",
  "userAgent": "Mozilla/5.0 (Windows NT 10.0; Win64; x64) AppleWebKit/537.36 (KHTML, like Gecko) Chrome/142.0.0.0 Safari/537.36"
}
[2025-11-13T10:51:02.143Z] [INFO] {
  "timestamp": "2025-11-13T10:51:02.143Z",
  "method": "GET",
  "url": "/api/associates",
  "ip": "::1",
  "userId": "anonymous",
  "userAgent": "Mozilla/5.0 (Windows NT 10.0; Win64; x64) AppleWebKit/537.36 (KHTML, like Gecko) Chrome/142.0.0.0 Safari/537.36"
}
[2025-11-13T10:51:02.174Z] [INFO] {
  "timestamp": "2025-11-13T10:51:02.174Z",
  "method": "GET",
  "url": "/api/finance/projects?search=&status=all&year=2025",
  "ip": "::1",
  "userId": "anonymous",
  "userAgent": "Mozilla/5.0 (Windows NT 10.0; Win64; x64) AppleWebKit/537.36 (KHTML, like Gecko) Chrome/142.0.0.0 Safari/537.36"
}
[2025-11-13T10:51:02.179Z] [INFO] {
  "timestamp": "2025-11-13T10:51:02.179Z",
  "method": "GET",
  "url": "/api/finance/stats?year=2025",
  "ip": "::1",
  "userId": "anonymous",
  "userAgent": "Mozilla/5.0 (Windows NT 10.0; Win64; x64) AppleWebKit/537.36 (KHTML, like Gecko) Chrome/142.0.0.0 Safari/537.36"
}
[2025-11-13T10:51:02.187Z] [INFO] {
  "timestamp": "2025-11-13T10:51:02.187Z",
  "method": "GET",
  "url": "/api/clients",
  "statusCode": 200,
  "responseTime": "50ms",
  "userId": "690c4c43be8f36eb0f3c17b9"
}
[2025-11-13T10:51:02.191Z] [INFO] {
  "timestamp": "2025-11-13T10:51:02.191Z",
  "method": "GET",
  "url": "/api/associates",
  "statusCode": 200,
  "responseTime": "48ms",
  "userId": "690c4c43be8f36eb0f3c17b9"
}
[2025-11-13T10:51:02.200Z] [INFO] {
  "timestamp": "2025-11-13T10:51:02.200Z",
  "method": "GET",
  "url": "/api/clients",
  "ip": "::1",
  "userId": "anonymous",
  "userAgent": "Mozilla/5.0 (Windows NT 10.0; Win64; x64) AppleWebKit/537.36 (KHTML, like Gecko) Chrome/142.0.0.0 Safari/537.36"
}
[2025-11-13T10:51:02.207Z] [INFO] {
  "timestamp": "2025-11-13T10:51:02.207Z",
  "method": "GET",
  "url": "/api/associates",
  "ip": "::1",
  "userId": "anonymous",
  "userAgent": "Mozilla/5.0 (Windows NT 10.0; Win64; x64) AppleWebKit/537.36 (KHTML, like Gecko) Chrome/142.0.0.0 Safari/537.36"
}
[2025-11-13T10:51:02.220Z] [INFO] {
  "timestamp": "2025-11-13T10:51:02.220Z",
  "method": "GET",
  "url": "/api/configuration-versions/current",
  "statusCode": 200,
  "responseTime": "90ms",
  "userId": "690c4c43be8f36eb0f3c17b9"
}
[2025-11-13T10:51:02.230Z] [INFO] {
  "timestamp": "2025-11-13T10:51:02.230Z",
  "method": "GET",
  "url": "/api/configuration-versions/current",
  "ip": "::1",
  "userId": "anonymous",
  "userAgent": "Mozilla/5.0 (Windows NT 10.0; Win64; x64) AppleWebKit/537.36 (KHTML, like Gecko) Chrome/142.0.0.0 Safari/537.36"
}
[2025-11-13T10:51:02.249Z] [INFO] {
  "timestamp": "2025-11-13T10:51:02.249Z",
  "method": "GET",
  "url": "/api/clients",
  "statusCode": 200,
  "responseTime": "49ms",
  "userId": "690c4c43be8f36eb0f3c17b9"
}
[2025-11-13T10:51:02.255Z] [INFO] {
  "timestamp": "2025-11-13T10:51:02.255Z",
  "method": "GET",
  "url": "/api/associates",
  "statusCode": 200,
  "responseTime": "48ms",
  "userId": "690c4c43be8f36eb0f3c17b9"
}
[2025-11-13T10:51:02.271Z] [INFO] {
  "timestamp": "2025-11-13T10:51:02.271Z",
  "method": "GET",
  "url": "/api/finance/projects?search=&status=all&year=2025",
  "statusCode": 200,
  "responseTime": "97ms",
  "userId": "690c4c43be8f36eb0f3c17b9"
}
[2025-11-13T10:51:02.288Z] [INFO] {
  "timestamp": "2025-11-13T10:51:02.288Z",
  "method": "GET",
  "url": "/api/configuration-versions/current",
  "statusCode": 200,
  "responseTime": "58ms",
  "userId": "690c4c43be8f36eb0f3c17b9"
}
[2025-11-13T10:51:02.291Z] [INFO] {
  "timestamp": "2025-11-13T10:51:02.291Z",
  "method": "GET",
  "url": "/api/finance/projects?search=&status=all&year=2025",
  "ip": "::1",
  "userId": "anonymous",
  "userAgent": "Mozilla/5.0 (Windows NT 10.0; Win64; x64) AppleWebKit/537.36 (KHTML, like Gecko) Chrome/142.0.0.0 Safari/537.36"
}
[2025-11-13T10:51:02.296Z] [INFO] {
  "timestamp": "2025-11-13T10:51:02.296Z",
  "method": "GET",
  "url": "/api/finance/stats?year=2025",
  "statusCode": 200,
  "responseTime": "117ms",
  "userId": "690c4c43be8f36eb0f3c17b9"
}
[2025-11-13T10:51:02.303Z] [INFO] {
  "timestamp": "2025-11-13T10:51:02.303Z",
  "method": "GET",
  "url": "/api/finance/stats?year=2025",
  "ip": "::1",
  "userId": "anonymous",
  "userAgent": "Mozilla/5.0 (Windows NT 10.0; Win64; x64) AppleWebKit/537.36 (KHTML, like Gecko) Chrome/142.0.0.0 Safari/537.36"
}
[2025-11-13T10:51:02.323Z] [INFO] {
  "timestamp": "2025-11-13T10:51:02.323Z",
  "method": "GET",
  "url": "/api/finance/projects?search=&status=all&year=2025",
  "statusCode": 200,
  "responseTime": "32ms",
  "userId": "690c4c43be8f36eb0f3c17b9"
}
[2025-11-13T10:51:02.345Z] [INFO] {
  "timestamp": "2025-11-13T10:51:02.345Z",
  "method": "GET",
  "url": "/api/finance/stats?year=2025",
  "statusCode": 200,
  "responseTime": "42ms",
  "userId": "690c4c43be8f36eb0f3c17b9"
}
[2025-11-13T10:51:08.815Z] [INFO] {
  "timestamp": "2025-11-13T10:51:08.815Z",
  "method": "GET",
  "url": "/api/configuration-versions/current",
  "ip": "::1",
  "userId": "anonymous",
  "userAgent": "Mozilla/5.0 (Windows NT 10.0; Win64; x64) AppleWebKit/537.36 (KHTML, like Gecko) Chrome/142.0.0.0 Safari/537.36"
}
[2025-11-13T10:51:08.840Z] [INFO] {
  "timestamp": "2025-11-13T10:51:08.840Z",
  "method": "GET",
  "url": "/api/clients",
  "ip": "::1",
  "userId": "anonymous",
  "userAgent": "Mozilla/5.0 (Windows NT 10.0; Win64; x64) AppleWebKit/537.36 (KHTML, like Gecko) Chrome/142.0.0.0 Safari/537.36"
}
[2025-11-13T10:51:08.848Z] [INFO] {
  "timestamp": "2025-11-13T10:51:08.848Z",
  "method": "GET",
  "url": "/api/associates",
  "ip": "::1",
  "userId": "anonymous",
  "userAgent": "Mozilla/5.0 (Windows NT 10.0; Win64; x64) AppleWebKit/537.36 (KHTML, like Gecko) Chrome/142.0.0.0 Safari/537.36"
}
[2025-11-13T10:51:08.860Z] [INFO] {
  "timestamp": "2025-11-13T10:51:08.860Z",
  "method": "GET",
  "url": "/api/finance/projects?search=&status=all&year=2025",
  "ip": "::1",
  "userId": "anonymous",
  "userAgent": "Mozilla/5.0 (Windows NT 10.0; Win64; x64) AppleWebKit/537.36 (KHTML, like Gecko) Chrome/142.0.0.0 Safari/537.36"
}
[2025-11-13T10:51:08.880Z] [INFO] {
  "timestamp": "2025-11-13T10:51:08.880Z",
  "method": "GET",
  "url": "/api/finance/stats?year=2025",
  "ip": "::1",
  "userId": "anonymous",
  "userAgent": "Mozilla/5.0 (Windows NT 10.0; Win64; x64) AppleWebKit/537.36 (KHTML, like Gecko) Chrome/142.0.0.0 Safari/537.36"
}
[2025-11-13T10:51:08.960Z] [INFO] {
  "timestamp": "2025-11-13T10:51:08.960Z",
  "method": "GET",
  "url": "/api/associates",
  "statusCode": 200,
  "responseTime": "112ms",
  "userId": "690c4c43be8f36eb0f3c17b9"
}
[2025-11-13T10:51:08.964Z] [INFO] {
  "timestamp": "2025-11-13T10:51:08.964Z",
  "method": "GET",
  "url": "/api/clients",
  "statusCode": 200,
  "responseTime": "124ms",
  "userId": "690c4c43be8f36eb0f3c17b9"
}
[2025-11-13T10:51:09.100Z] [INFO] {
  "timestamp": "2025-11-13T10:51:09.100Z",
  "method": "GET",
  "url": "/api/configuration-versions/current",
  "statusCode": 200,
  "responseTime": "285ms",
  "userId": "690c4c43be8f36eb0f3c17b9"
}
[2025-11-13T10:51:09.130Z] [INFO] {
  "timestamp": "2025-11-13T10:51:09.130Z",
  "method": "GET",
  "url": "/api/finance/projects?search=&status=all&year=2025",
  "statusCode": 200,
  "responseTime": "269ms",
  "userId": "690c4c43be8f36eb0f3c17b9"
}
[2025-11-13T10:51:09.156Z] [INFO] {
  "timestamp": "2025-11-13T10:51:09.156Z",
  "method": "GET",
  "url": "/api/finance/stats?year=2025",
  "statusCode": 200,
  "responseTime": "276ms",
  "userId": "690c4c43be8f36eb0f3c17b9"
}
[2025-11-13T11:03:04.115Z] [INFO] {
  "timestamp": "2025-11-13T11:03:04.115Z",
  "method": "GET",
  "url": "/api/configuration-versions/current",
  "ip": "::1",
  "userId": "anonymous",
  "userAgent": "Mozilla/5.0 (Windows NT 10.0; Win64; x64) AppleWebKit/537.36 (KHTML, like Gecko) Chrome/142.0.0.0 Safari/537.36"
}
[2025-11-13T11:03:04.136Z] [INFO] {
  "timestamp": "2025-11-13T11:03:04.136Z",
  "method": "GET",
  "url": "/api/finance/stats?year=2025",
  "ip": "::1",
  "userId": "anonymous",
  "userAgent": "Mozilla/5.0 (Windows NT 10.0; Win64; x64) AppleWebKit/537.36 (KHTML, like Gecko) Chrome/142.0.0.0 Safari/537.36"
}
[2025-11-13T11:03:04.148Z] [INFO] {
  "timestamp": "2025-11-13T11:03:04.148Z",
  "method": "GET",
  "url": "/api/clients",
  "ip": "::1",
  "userId": "anonymous",
  "userAgent": "Mozilla/5.0 (Windows NT 10.0; Win64; x64) AppleWebKit/537.36 (KHTML, like Gecko) Chrome/142.0.0.0 Safari/537.36"
}
[2025-11-13T11:03:04.162Z] [INFO] {
  "timestamp": "2025-11-13T11:03:04.162Z",
  "method": "GET",
  "url": "/api/associates",
  "ip": "::1",
  "userId": "anonymous",
  "userAgent": "Mozilla/5.0 (Windows NT 10.0; Win64; x64) AppleWebKit/537.36 (KHTML, like Gecko) Chrome/142.0.0.0 Safari/537.36"
}
[2025-11-13T11:03:04.176Z] [INFO] {
  "timestamp": "2025-11-13T11:03:04.176Z",
  "method": "GET",
  "url": "/api/finance/projects?search=&status=all&year=2025",
  "ip": "::1",
  "userId": "anonymous",
  "userAgent": "Mozilla/5.0 (Windows NT 10.0; Win64; x64) AppleWebKit/537.36 (KHTML, like Gecko) Chrome/142.0.0.0 Safari/537.36"
}
[2025-11-13T11:03:04.249Z] [INFO] {
  "timestamp": "2025-11-13T11:03:04.248Z",
  "method": "GET",
  "url": "/api/clients",
  "statusCode": 200,
  "responseTime": "100ms",
  "userId": "690c4c43be8f36eb0f3c17b9"
}
[2025-11-13T11:03:04.262Z] [INFO] {
  "timestamp": "2025-11-13T11:03:04.261Z",
  "method": "GET",
  "url": "/api/associates",
  "statusCode": 200,
  "responseTime": "99ms",
  "userId": "690c4c43be8f36eb0f3c17b9"
}
[2025-11-13T11:03:04.288Z] [INFO] {
  "timestamp": "2025-11-13T11:03:04.288Z",
  "method": "GET",
  "url": "/api/configuration-versions/current",
  "statusCode": 200,
  "responseTime": "173ms",
  "userId": "690c4c43be8f36eb0f3c17b9"
}
[2025-11-13T11:03:04.329Z] [INFO] {
  "timestamp": "2025-11-13T11:03:04.329Z",
  "method": "GET",
  "url": "/api/finance/projects?search=&status=all&year=2025",
  "statusCode": 200,
  "responseTime": "153ms",
  "userId": "690c4c43be8f36eb0f3c17b9"
}
[2025-11-13T11:03:04.361Z] [INFO] {
  "timestamp": "2025-11-13T11:03:04.361Z",
  "method": "GET",
  "url": "/api/finance/stats?year=2025",
  "statusCode": 200,
  "responseTime": "225ms",
  "userId": "690c4c43be8f36eb0f3c17b9"
}
[2025-11-13T11:03:15.108Z] [INFO] {
  "timestamp": "2025-11-13T11:03:15.108Z",
  "method": "GET",
  "url": "/api/configuration-versions/current",
  "ip": "::1",
  "userId": "anonymous",
  "userAgent": "Mozilla/5.0 (Windows NT 10.0; Win64; x64) AppleWebKit/537.36 (KHTML, like Gecko) Chrome/142.0.0.0 Safari/537.36"
}
[2025-11-13T11:03:15.127Z] [INFO] {
  "timestamp": "2025-11-13T11:03:15.127Z",
  "method": "GET",
  "url": "/api/clients",
  "ip": "::1",
  "userId": "anonymous",
  "userAgent": "Mozilla/5.0 (Windows NT 10.0; Win64; x64) AppleWebKit/537.36 (KHTML, like Gecko) Chrome/142.0.0.0 Safari/537.36"
}
[2025-11-13T11:03:15.145Z] [INFO] {
  "timestamp": "2025-11-13T11:03:15.145Z",
  "method": "GET",
  "url": "/api/associates",
  "ip": "::1",
  "userId": "anonymous",
  "userAgent": "Mozilla/5.0 (Windows NT 10.0; Win64; x64) AppleWebKit/537.36 (KHTML, like Gecko) Chrome/142.0.0.0 Safari/537.36"
}
[2025-11-13T11:03:15.161Z] [INFO] {
  "timestamp": "2025-11-13T11:03:15.161Z",
  "method": "GET",
  "url": "/api/finance/projects?search=&status=all&year=2025",
  "ip": "::1",
  "userId": "anonymous",
  "userAgent": "Mozilla/5.0 (Windows NT 10.0; Win64; x64) AppleWebKit/537.36 (KHTML, like Gecko) Chrome/142.0.0.0 Safari/537.36"
}
[2025-11-13T11:03:15.175Z] [INFO] {
  "timestamp": "2025-11-13T11:03:15.175Z",
  "method": "GET",
  "url": "/api/finance/stats?year=2025",
  "ip": "::1",
  "userId": "anonymous",
  "userAgent": "Mozilla/5.0 (Windows NT 10.0; Win64; x64) AppleWebKit/537.36 (KHTML, like Gecko) Chrome/142.0.0.0 Safari/537.36"
}
[2025-11-13T11:03:15.201Z] [INFO] {
  "timestamp": "2025-11-13T11:03:15.201Z",
  "method": "GET",
  "url": "/api/clients",
  "statusCode": 200,
  "responseTime": "74ms",
  "userId": "690c4c43be8f36eb0f3c17b9"
}
[2025-11-13T11:03:15.208Z] [INFO] {
  "timestamp": "2025-11-13T11:03:15.208Z",
  "method": "GET",
  "url": "/api/associates",
  "statusCode": 200,
  "responseTime": "63ms",
  "userId": "690c4c43be8f36eb0f3c17b9"
}
[2025-11-13T11:03:15.231Z] [INFO] {
  "timestamp": "2025-11-13T11:03:15.231Z",
  "method": "GET",
  "url": "/api/configuration-versions/current",
  "statusCode": 200,
  "responseTime": "123ms",
  "userId": "690c4c43be8f36eb0f3c17b9"
}
[2025-11-13T11:03:15.246Z] [INFO] {
  "timestamp": "2025-11-13T11:03:15.246Z",
  "method": "GET",
  "url": "/api/finance/projects?search=&status=all&year=2025",
  "statusCode": 200,
  "responseTime": "85ms",
  "userId": "690c4c43be8f36eb0f3c17b9"
}
[2025-11-13T11:03:15.270Z] [INFO] {
  "timestamp": "2025-11-13T11:03:15.270Z",
  "method": "GET",
  "url": "/api/finance/stats?year=2025",
  "statusCode": 200,
  "responseTime": "95ms",
  "userId": "690c4c43be8f36eb0f3c17b9"
}
[2025-11-13T11:10:21.825Z] [INFO] {
  "timestamp": "2025-11-13T11:10:21.825Z",
  "method": "POST",
  "url": "/api/finance/projects",
  "ip": "::1",
  "userId": "anonymous",
  "userAgent": "Mozilla/5.0 (Windows NT 10.0; Win64; x64) AppleWebKit/537.36 (KHTML, like Gecko) Chrome/142.0.0.0 Safari/537.36"
}
[2025-11-13T11:10:21.867Z] [INFO] {
  "timestamp": "2025-11-13T11:10:21.867Z",
  "method": "POST",
  "url": "/api/finance/projects",
  "statusCode": 200,
  "responseTime": "42ms",
  "userId": "690c4c43be8f36eb0f3c17b9"
}
[2025-11-13T11:10:21.886Z] [INFO] {
  "timestamp": "2025-11-13T11:10:21.886Z",
  "method": "GET",
  "url": "/api/finance/projects?search=&status=all&year=2025",
  "ip": "::1",
  "userId": "anonymous",
  "userAgent": "Mozilla/5.0 (Windows NT 10.0; Win64; x64) AppleWebKit/537.36 (KHTML, like Gecko) Chrome/142.0.0.0 Safari/537.36"
}
[2025-11-13T11:10:21.891Z] [INFO] {
  "timestamp": "2025-11-13T11:10:21.891Z",
  "method": "GET",
  "url": "/api/finance/stats?year=2025",
  "ip": "::1",
  "userId": "anonymous",
  "userAgent": "Mozilla/5.0 (Windows NT 10.0; Win64; x64) AppleWebKit/537.36 (KHTML, like Gecko) Chrome/142.0.0.0 Safari/537.36"
}
[2025-11-13T11:10:21.930Z] [INFO] {
  "timestamp": "2025-11-13T11:10:21.930Z",
  "method": "GET",
  "url": "/api/finance/projects?search=&status=all&year=2025",
  "statusCode": 200,
  "responseTime": "44ms",
  "userId": "690c4c43be8f36eb0f3c17b9"
}
[2025-11-13T11:10:21.945Z] [INFO] {
  "timestamp": "2025-11-13T11:10:21.945Z",
  "method": "GET",
  "url": "/api/finance/stats?year=2025",
  "statusCode": 200,
  "responseTime": "54ms",
  "userId": "690c4c43be8f36eb0f3c17b9"
}
[2025-11-13T11:10:41.119Z] [INFO] {
  "timestamp": "2025-11-13T11:10:41.119Z",
  "method": "GET",
  "url": "/favicon.ico",
  "ip": "127.0.0.1",
  "userId": "anonymous",
  "userAgent": "Mozilla/5.0 (Windows NT 10.0; Win64; x64) AppleWebKit/537.36 (KHTML, like Gecko) Chrome/142.0.0.0 Safari/537.36"
}
[2025-11-13T11:10:41.122Z] [INFO] {
  "timestamp": "2025-11-13T11:10:41.122Z",
  "method": "GET",
  "url": "/favicon.ico",
  "statusCode": 200,
  "responseTime": "3ms",
  "userId": "anonymous"
}
[2025-11-13T11:10:41.127Z] [INFO] {
  "timestamp": "2025-11-13T11:10:41.127Z",
  "method": "GET",
  "url": "/api/associates",
  "ip": "::1",
  "userId": "anonymous",
  "userAgent": "Mozilla/5.0 (Windows NT 10.0; Win64; x64) AppleWebKit/537.36 (KHTML, like Gecko) Chrome/142.0.0.0 Safari/537.36"
}
[2025-11-13T11:10:41.137Z] [INFO] {
  "timestamp": "2025-11-13T11:10:41.136Z",
  "method": "GET",
  "url": "/api/associates",
  "statusCode": 200,
  "responseTime": "9ms",
  "userId": "690c4c43be8f36eb0f3c17b9"
}
[2025-11-13T11:10:41.141Z] [INFO] {
  "timestamp": "2025-11-13T11:10:41.141Z",
  "method": "GET",
  "url": "/api/associates",
  "ip": "::1",
  "userId": "anonymous",
  "userAgent": "Mozilla/5.0 (Windows NT 10.0; Win64; x64) AppleWebKit/537.36 (KHTML, like Gecko) Chrome/142.0.0.0 Safari/537.36"
}
[2025-11-13T11:10:41.151Z] [INFO] {
  "timestamp": "2025-11-13T11:10:41.151Z",
  "method": "GET",
  "url": "/api/associates",
  "statusCode": 200,
  "responseTime": "10ms",
  "userId": "690c4c43be8f36eb0f3c17b9"
}
[2025-11-13T11:10:42.562Z] [INFO] {
  "timestamp": "2025-11-13T11:10:42.562Z",
  "method": "GET",
  "url": "/api/finance/projects/associate/6915ac6cef39f6566a85fa4f",
  "ip": "::1",
  "userId": "anonymous",
  "userAgent": "Mozilla/5.0 (Windows NT 10.0; Win64; x64) AppleWebKit/537.36 (KHTML, like Gecko) Chrome/142.0.0.0 Safari/537.36"
}
[2025-11-13T11:10:42.588Z] [INFO] {
  "timestamp": "2025-11-13T11:10:42.588Z",
  "method": "GET",
  "url": "/api/finance/projects/associate/6915ac6cef39f6566a85fa4f",
  "statusCode": 200,
  "responseTime": "26ms",
  "userId": "690c4c43be8f36eb0f3c17b9"
}
[2025-11-13T11:10:42.598Z] [INFO] {
  "timestamp": "2025-11-13T11:10:42.598Z",
  "method": "GET",
  "url": "/api/finance/projects/associate/6915ac6cef39f6566a85fa4f",
  "ip": "::1",
  "userId": "anonymous",
  "userAgent": "Mozilla/5.0 (Windows NT 10.0; Win64; x64) AppleWebKit/537.36 (KHTML, like Gecko) Chrome/142.0.0.0 Safari/537.36"
}
[2025-11-13T11:10:42.625Z] [INFO] {
  "timestamp": "2025-11-13T11:10:42.625Z",
  "method": "GET",
  "url": "/api/finance/projects/associate/6915ac6cef39f6566a85fa4f",
  "statusCode": 200,
  "responseTime": "27ms",
  "userId": "690c4c43be8f36eb0f3c17b9"
}
[2025-11-13T11:10:42.875Z] [INFO] {
  "timestamp": "2025-11-13T11:10:42.875Z",
  "method": "GET",
  "url": "/favicon.ico",
  "ip": "127.0.0.1",
  "userId": "anonymous",
  "userAgent": "Mozilla/5.0 (Windows NT 10.0; Win64; x64) AppleWebKit/537.36 (KHTML, like Gecko) Chrome/142.0.0.0 Safari/537.36"
}
[2025-11-13T11:10:42.877Z] [INFO] {
  "timestamp": "2025-11-13T11:10:42.877Z",
  "method": "GET",
  "url": "/favicon.ico",
  "statusCode": 200,
  "responseTime": "2ms",
  "userId": "anonymous"
}
[2025-11-13T11:11:54.696Z] [INFO] {
  "timestamp": "2025-11-13T11:11:54.696Z",
  "method": "GET",
  "url": "/favicon.ico",
  "ip": "127.0.0.1",
  "userId": "anonymous",
  "userAgent": "Mozilla/5.0 (Windows NT 10.0; Win64; x64) AppleWebKit/537.36 (KHTML, like Gecko) Chrome/142.0.0.0 Safari/537.36"
}
[2025-11-13T11:11:54.699Z] [INFO] {
  "timestamp": "2025-11-13T11:11:54.699Z",
  "method": "GET",
  "url": "/favicon.ico",
  "statusCode": 200,
  "responseTime": "4ms",
  "userId": "anonymous"
}
[2025-11-13T11:11:54.714Z] [INFO] {
  "timestamp": "2025-11-13T11:11:54.714Z",
  "method": "GET",
  "url": "/api/associates",
  "ip": "::1",
  "userId": "anonymous",
  "userAgent": "Mozilla/5.0 (Windows NT 10.0; Win64; x64) AppleWebKit/537.36 (KHTML, like Gecko) Chrome/142.0.0.0 Safari/537.36"
}
[2025-11-13T11:11:54.747Z] [INFO] {
  "timestamp": "2025-11-13T11:11:54.747Z",
  "method": "GET",
  "url": "/api/associates",
  "statusCode": 200,
  "responseTime": "33ms",
  "userId": "690c4c43be8f36eb0f3c17b9"
}
[2025-11-13T11:11:54.764Z] [INFO] {
  "timestamp": "2025-11-13T11:11:54.764Z",
  "method": "GET",
  "url": "/api/associates",
  "ip": "::1",
  "userId": "anonymous",
  "userAgent": "Mozilla/5.0 (Windows NT 10.0; Win64; x64) AppleWebKit/537.36 (KHTML, like Gecko) Chrome/142.0.0.0 Safari/537.36"
}
[2025-11-13T11:11:54.783Z] [INFO] {
  "timestamp": "2025-11-13T11:11:54.783Z",
  "method": "GET",
  "url": "/api/associates",
  "statusCode": 200,
  "responseTime": "19ms",
  "userId": "690c4c43be8f36eb0f3c17b9"
}
[2025-11-13T11:12:10.733Z] [INFO] {
  "timestamp": "2025-11-13T11:12:10.733Z",
  "method": "GET",
  "url": "/api/configuration-versions/current",
  "ip": "::1",
  "userId": "anonymous",
  "userAgent": "Mozilla/5.0 (Windows NT 10.0; Win64; x64) AppleWebKit/537.36 (KHTML, like Gecko) Chrome/142.0.0.0 Safari/537.36"
}
[2025-11-13T11:12:10.737Z] [INFO] {
  "timestamp": "2025-11-13T11:12:10.737Z",
  "method": "GET",
  "url": "/api/clients",
  "ip": "::1",
  "userId": "anonymous",
  "userAgent": "Mozilla/5.0 (Windows NT 10.0; Win64; x64) AppleWebKit/537.36 (KHTML, like Gecko) Chrome/142.0.0.0 Safari/537.36"
}
[2025-11-13T11:12:10.741Z] [INFO] {
  "timestamp": "2025-11-13T11:12:10.741Z",
  "method": "GET",
  "url": "/api/associates",
  "ip": "::1",
  "userId": "anonymous",
  "userAgent": "Mozilla/5.0 (Windows NT 10.0; Win64; x64) AppleWebKit/537.36 (KHTML, like Gecko) Chrome/142.0.0.0 Safari/537.36"
}
[2025-11-13T11:12:10.754Z] [INFO] {
  "timestamp": "2025-11-13T11:12:10.754Z",
  "method": "GET",
  "url": "/favicon.ico",
  "ip": "127.0.0.1",
  "userId": "anonymous",
  "userAgent": "Mozilla/5.0 (Windows NT 10.0; Win64; x64) AppleWebKit/537.36 (KHTML, like Gecko) Chrome/142.0.0.0 Safari/537.36"
}
[2025-11-13T11:12:10.756Z] [INFO] {
  "timestamp": "2025-11-13T11:12:10.756Z",
  "method": "GET",
  "url": "/favicon.ico",
  "statusCode": 200,
  "responseTime": "2ms",
  "userId": "anonymous"
}
[2025-11-13T11:12:10.774Z] [INFO] {
  "timestamp": "2025-11-13T11:12:10.774Z",
  "method": "GET",
  "url": "/api/finance/projects?search=&status=all&year=2025",
  "ip": "::1",
  "userId": "anonymous",
  "userAgent": "Mozilla/5.0 (Windows NT 10.0; Win64; x64) AppleWebKit/537.36 (KHTML, like Gecko) Chrome/142.0.0.0 Safari/537.36"
}
[2025-11-13T11:12:10.777Z] [INFO] {
  "timestamp": "2025-11-13T11:12:10.777Z",
  "method": "GET",
  "url": "/api/finance/stats?year=2025",
  "ip": "::1",
  "userId": "anonymous",
  "userAgent": "Mozilla/5.0 (Windows NT 10.0; Win64; x64) AppleWebKit/537.36 (KHTML, like Gecko) Chrome/142.0.0.0 Safari/537.36"
}
[2025-11-13T11:12:10.787Z] [INFO] {
  "timestamp": "2025-11-13T11:12:10.787Z",
  "method": "GET",
  "url": "/api/clients",
  "statusCode": 200,
  "responseTime": "50ms",
  "userId": "690c4c43be8f36eb0f3c17b9"
}
[2025-11-13T11:12:10.799Z] [INFO] {
  "timestamp": "2025-11-13T11:12:10.799Z",
  "method": "GET",
  "url": "/api/clients",
  "ip": "::1",
  "userId": "anonymous",
  "userAgent": "Mozilla/5.0 (Windows NT 10.0; Win64; x64) AppleWebKit/537.36 (KHTML, like Gecko) Chrome/142.0.0.0 Safari/537.36"
}
[2025-11-13T11:12:10.803Z] [INFO] {
  "timestamp": "2025-11-13T11:12:10.803Z",
  "method": "GET",
  "url": "/api/associates",
  "statusCode": 200,
  "responseTime": "62ms",
  "userId": "690c4c43be8f36eb0f3c17b9"
}
[2025-11-13T11:12:10.814Z] [INFO] {
  "timestamp": "2025-11-13T11:12:10.814Z",
  "method": "GET",
  "url": "/api/configuration-versions/current",
  "statusCode": 200,
  "responseTime": "81ms",
  "userId": "690c4c43be8f36eb0f3c17b9"
}
[2025-11-13T11:12:10.820Z] [INFO] {
  "timestamp": "2025-11-13T11:12:10.820Z",
  "method": "GET",
  "url": "/api/associates",
  "ip": "::1",
  "userId": "anonymous",
  "userAgent": "Mozilla/5.0 (Windows NT 10.0; Win64; x64) AppleWebKit/537.36 (KHTML, like Gecko) Chrome/142.0.0.0 Safari/537.36"
}
[2025-11-13T11:12:10.829Z] [INFO] {
  "timestamp": "2025-11-13T11:12:10.829Z",
  "method": "GET",
  "url": "/api/configuration-versions/current",
  "ip": "::1",
  "userId": "anonymous",
  "userAgent": "Mozilla/5.0 (Windows NT 10.0; Win64; x64) AppleWebKit/537.36 (KHTML, like Gecko) Chrome/142.0.0.0 Safari/537.36"
}
[2025-11-13T11:12:10.847Z] [INFO] {
  "timestamp": "2025-11-13T11:12:10.847Z",
  "method": "GET",
  "url": "/api/clients",
  "statusCode": 200,
  "responseTime": "48ms",
  "userId": "690c4c43be8f36eb0f3c17b9"
}
[2025-11-13T11:12:10.870Z] [INFO] {
  "timestamp": "2025-11-13T11:12:10.870Z",
  "method": "GET",
  "url": "/api/finance/projects?search=&status=all&year=2025",
  "statusCode": 200,
  "responseTime": "96ms",
  "userId": "690c4c43be8f36eb0f3c17b9"
}
[2025-11-13T11:12:10.877Z] [INFO] {
  "timestamp": "2025-11-13T11:12:10.876Z",
  "method": "GET",
  "url": "/api/associates",
  "statusCode": 200,
  "responseTime": "56ms",
  "userId": "690c4c43be8f36eb0f3c17b9"
}
[2025-11-13T11:12:10.893Z] [INFO] {
  "timestamp": "2025-11-13T11:12:10.893Z",
  "method": "GET",
  "url": "/api/configuration-versions/current",
  "statusCode": 200,
  "responseTime": "64ms",
  "userId": "690c4c43be8f36eb0f3c17b9"
}
[2025-11-13T11:12:10.898Z] [INFO] {
  "timestamp": "2025-11-13T11:12:10.898Z",
  "method": "GET",
  "url": "/api/finance/projects?search=&status=all&year=2025",
  "ip": "::1",
  "userId": "anonymous",
  "userAgent": "Mozilla/5.0 (Windows NT 10.0; Win64; x64) AppleWebKit/537.36 (KHTML, like Gecko) Chrome/142.0.0.0 Safari/537.36"
}
[2025-11-13T11:12:10.904Z] [INFO] {
  "timestamp": "2025-11-13T11:12:10.904Z",
  "method": "GET",
  "url": "/api/finance/stats?year=2025",
  "statusCode": 200,
  "responseTime": "127ms",
  "userId": "690c4c43be8f36eb0f3c17b9"
}
[2025-11-13T11:12:10.913Z] [INFO] {
  "timestamp": "2025-11-13T11:12:10.913Z",
  "method": "GET",
  "url": "/api/finance/stats?year=2025",
  "ip": "::1",
  "userId": "anonymous",
  "userAgent": "Mozilla/5.0 (Windows NT 10.0; Win64; x64) AppleWebKit/537.36 (KHTML, like Gecko) Chrome/142.0.0.0 Safari/537.36"
}
[2025-11-13T11:12:10.943Z] [INFO] {
  "timestamp": "2025-11-13T11:12:10.943Z",
  "method": "GET",
  "url": "/api/finance/projects?search=&status=all&year=2025",
  "statusCode": 200,
  "responseTime": "45ms",
  "userId": "690c4c43be8f36eb0f3c17b9"
}
[2025-11-13T11:12:10.968Z] [INFO] {
  "timestamp": "2025-11-13T11:12:10.968Z",
  "method": "GET",
  "url": "/api/finance/stats?year=2025",
  "statusCode": 200,
  "responseTime": "55ms",
  "userId": "690c4c43be8f36eb0f3c17b9"
}
[2025-11-13T11:20:19.031Z] [INFO] {
  "timestamp": "2025-11-13T11:20:19.031Z",
  "method": "POST",
  "url": "/api/finance/projects",
  "ip": "::1",
  "userId": "anonymous",
  "userAgent": "Mozilla/5.0 (Windows NT 10.0; Win64; x64) AppleWebKit/537.36 (KHTML, like Gecko) Chrome/142.0.0.0 Safari/537.36"
}
[2025-11-13T11:20:19.064Z] [INFO] {
  "timestamp": "2025-11-13T11:20:19.064Z",
  "method": "POST",
  "url": "/api/finance/projects",
  "statusCode": 200,
  "responseTime": "33ms",
  "userId": "690c4c43be8f36eb0f3c17b9"
}
[2025-11-13T11:20:19.084Z] [INFO] {
  "timestamp": "2025-11-13T11:20:19.084Z",
  "method": "GET",
  "url": "/api/finance/projects?search=&status=all&year=2025",
  "ip": "::1",
  "userId": "anonymous",
  "userAgent": "Mozilla/5.0 (Windows NT 10.0; Win64; x64) AppleWebKit/537.36 (KHTML, like Gecko) Chrome/142.0.0.0 Safari/537.36"
}
[2025-11-13T11:20:19.096Z] [INFO] {
  "timestamp": "2025-11-13T11:20:19.096Z",
  "method": "GET",
  "url": "/api/finance/stats?year=2025",
  "ip": "::1",
  "userId": "anonymous",
  "userAgent": "Mozilla/5.0 (Windows NT 10.0; Win64; x64) AppleWebKit/537.36 (KHTML, like Gecko) Chrome/142.0.0.0 Safari/537.36"
}
[2025-11-13T11:20:19.132Z] [INFO] {
  "timestamp": "2025-11-13T11:20:19.132Z",
  "method": "GET",
  "url": "/api/finance/projects?search=&status=all&year=2025",
  "statusCode": 200,
  "responseTime": "48ms",
  "userId": "690c4c43be8f36eb0f3c17b9"
}
[2025-11-13T11:20:19.145Z] [INFO] {
  "timestamp": "2025-11-13T11:20:19.145Z",
  "method": "GET",
  "url": "/api/finance/stats?year=2025",
  "statusCode": 200,
  "responseTime": "49ms",
  "userId": "690c4c43be8f36eb0f3c17b9"
}
[2025-11-13T11:20:56.927Z] [INFO] {
  "timestamp": "2025-11-13T11:20:56.927Z",
  "method": "PUT",
  "url": "/api/finance/projects/6915bef3d044d6416414d600",
  "ip": "::1",
  "userId": "anonymous",
  "userAgent": "Mozilla/5.0 (Windows NT 10.0; Win64; x64) AppleWebKit/537.36 (KHTML, like Gecko) Chrome/142.0.0.0 Safari/537.36"
}
[2025-11-13T11:20:56.964Z] [INFO] {
  "timestamp": "2025-11-13T11:20:56.964Z",
  "method": "PUT",
  "url": "/api/finance/projects/6915bef3d044d6416414d600",
  "statusCode": 200,
  "responseTime": "37ms",
  "userId": "690c4c43be8f36eb0f3c17b9"
}
[2025-11-13T11:20:56.976Z] [INFO] {
  "timestamp": "2025-11-13T11:20:56.976Z",
  "method": "GET",
  "url": "/api/finance/projects?search=&status=all&year=2025",
  "ip": "::1",
  "userId": "anonymous",
  "userAgent": "Mozilla/5.0 (Windows NT 10.0; Win64; x64) AppleWebKit/537.36 (KHTML, like Gecko) Chrome/142.0.0.0 Safari/537.36"
}
[2025-11-13T11:20:56.983Z] [INFO] {
  "timestamp": "2025-11-13T11:20:56.983Z",
  "method": "GET",
  "url": "/api/finance/stats?year=2025",
  "ip": "::1",
  "userId": "anonymous",
  "userAgent": "Mozilla/5.0 (Windows NT 10.0; Win64; x64) AppleWebKit/537.36 (KHTML, like Gecko) Chrome/142.0.0.0 Safari/537.36"
}
[2025-11-13T11:20:57.009Z] [INFO] {
  "timestamp": "2025-11-13T11:20:57.009Z",
  "method": "GET",
  "url": "/api/finance/projects?search=&status=all&year=2025",
  "statusCode": 200,
  "responseTime": "33ms",
  "userId": "690c4c43be8f36eb0f3c17b9"
}
[2025-11-13T11:20:57.024Z] [INFO] {
  "timestamp": "2025-11-13T11:20:57.024Z",
  "method": "GET",
  "url": "/api/finance/stats?year=2025",
  "statusCode": 200,
  "responseTime": "41ms",
  "userId": "690c4c43be8f36eb0f3c17b9"
}
[2025-11-13T11:25:02.990Z] [INFO] {
  "timestamp": "2025-11-13T11:25:02.990Z",
  "method": "PUT",
  "url": "/api/finance/projects/6915bef3d044d6416414d600",
  "ip": "::1",
  "userId": "anonymous",
  "userAgent": "Mozilla/5.0 (Windows NT 10.0; Win64; x64) AppleWebKit/537.36 (KHTML, like Gecko) Chrome/142.0.0.0 Safari/537.36"
}
[2025-11-13T11:25:03.031Z] [INFO] {
  "timestamp": "2025-11-13T11:25:03.031Z",
  "method": "PUT",
  "url": "/api/finance/projects/6915bef3d044d6416414d600",
  "statusCode": 200,
  "responseTime": "41ms",
  "userId": "690c4c43be8f36eb0f3c17b9"
}
[2025-11-13T11:25:03.045Z] [INFO] {
  "timestamp": "2025-11-13T11:25:03.045Z",
  "method": "GET",
  "url": "/api/finance/projects?search=&status=all&year=2025",
  "ip": "::1",
  "userId": "anonymous",
  "userAgent": "Mozilla/5.0 (Windows NT 10.0; Win64; x64) AppleWebKit/537.36 (KHTML, like Gecko) Chrome/142.0.0.0 Safari/537.36"
}
[2025-11-13T11:25:03.052Z] [INFO] {
  "timestamp": "2025-11-13T11:25:03.052Z",
  "method": "GET",
  "url": "/api/finance/stats?year=2025",
  "ip": "::1",
  "userId": "anonymous",
  "userAgent": "Mozilla/5.0 (Windows NT 10.0; Win64; x64) AppleWebKit/537.36 (KHTML, like Gecko) Chrome/142.0.0.0 Safari/537.36"
}
[2025-11-13T11:25:03.082Z] [INFO] {
  "timestamp": "2025-11-13T11:25:03.082Z",
  "method": "GET",
  "url": "/api/finance/projects?search=&status=all&year=2025",
  "statusCode": 200,
  "responseTime": "37ms",
  "userId": "690c4c43be8f36eb0f3c17b9"
}
[2025-11-13T11:25:03.102Z] [INFO] {
  "timestamp": "2025-11-13T11:25:03.102Z",
  "method": "GET",
  "url": "/api/finance/stats?year=2025",
  "statusCode": 200,
  "responseTime": "50ms",
  "userId": "690c4c43be8f36eb0f3c17b9"
}
[2025-11-13T12:25:02.863Z] [INFO] {
  "timestamp": "2025-11-13T12:25:02.863Z",
  "method": "GET",
  "url": "/api/associates",
  "ip": "::1",
  "userId": "anonymous",
  "userAgent": "Mozilla/5.0 (Windows NT 10.0; Win64; x64) AppleWebKit/537.36 (KHTML, like Gecko) Chrome/142.0.0.0 Safari/537.36"
}
[2025-11-13T12:25:02.873Z] [INFO] {
  "timestamp": "2025-11-13T12:25:02.873Z",
  "method": "GET",
  "url": "/api/associates",
  "statusCode": 200,
  "responseTime": "10ms",
  "userId": "690c4c43be8f36eb0f3c17b9"
}
[2025-11-13T12:25:02.877Z] [INFO] {
  "timestamp": "2025-11-13T12:25:02.877Z",
  "method": "GET",
  "url": "/api/associates",
  "ip": "::1",
  "userId": "anonymous",
  "userAgent": "Mozilla/5.0 (Windows NT 10.0; Win64; x64) AppleWebKit/537.36 (KHTML, like Gecko) Chrome/142.0.0.0 Safari/537.36"
}
[2025-11-13T12:25:02.886Z] [INFO] {
  "timestamp": "2025-11-13T12:25:02.886Z",
  "method": "GET",
  "url": "/api/associates",
  "statusCode": 200,
  "responseTime": "9ms",
  "userId": "690c4c43be8f36eb0f3c17b9"
}
[2025-11-13T12:27:43.819Z] [INFO] {
  "timestamp": "2025-11-13T12:27:43.819Z",
  "method": "GET",
  "url": "/api/configuration-versions/current",
  "ip": "::1",
  "userId": "anonymous",
  "userAgent": "Mozilla/5.0 (Windows NT 10.0; Win64; x64) AppleWebKit/537.36 (KHTML, like Gecko) Chrome/142.0.0.0 Safari/537.36"
}
[2025-11-13T12:27:43.826Z] [INFO] {
  "timestamp": "2025-11-13T12:27:43.826Z",
  "method": "GET",
  "url": "/api/clients",
  "ip": "::1",
  "userId": "anonymous",
  "userAgent": "Mozilla/5.0 (Windows NT 10.0; Win64; x64) AppleWebKit/537.36 (KHTML, like Gecko) Chrome/142.0.0.0 Safari/537.36"
}
[2025-11-13T12:27:43.832Z] [INFO] {
  "timestamp": "2025-11-13T12:27:43.832Z",
  "method": "GET",
  "url": "/api/associates",
  "ip": "::1",
  "userId": "anonymous",
  "userAgent": "Mozilla/5.0 (Windows NT 10.0; Win64; x64) AppleWebKit/537.36 (KHTML, like Gecko) Chrome/142.0.0.0 Safari/537.36"
}
[2025-11-13T12:27:43.851Z] [INFO] {
  "timestamp": "2025-11-13T12:27:43.851Z",
  "method": "GET",
  "url": "/api/finance/projects?search=&status=all&year=2025",
  "ip": "::1",
  "userId": "anonymous",
  "userAgent": "Mozilla/5.0 (Windows NT 10.0; Win64; x64) AppleWebKit/537.36 (KHTML, like Gecko) Chrome/142.0.0.0 Safari/537.36"
}
[2025-11-13T12:27:43.856Z] [INFO] {
  "timestamp": "2025-11-13T12:27:43.856Z",
  "method": "GET",
  "url": "/api/finance/stats?year=2025",
  "ip": "::1",
  "userId": "anonymous",
  "userAgent": "Mozilla/5.0 (Windows NT 10.0; Win64; x64) AppleWebKit/537.36 (KHTML, like Gecko) Chrome/142.0.0.0 Safari/537.36"
}
[2025-11-13T12:27:43.868Z] [INFO] {
  "timestamp": "2025-11-13T12:27:43.868Z",
  "method": "GET",
  "url": "/api/clients",
  "statusCode": 200,
  "responseTime": "42ms",
  "userId": "690c4c43be8f36eb0f3c17b9"
}
[2025-11-13T12:27:43.885Z] [INFO] {
  "timestamp": "2025-11-13T12:27:43.885Z",
  "method": "GET",
  "url": "/api/clients",
  "ip": "::1",
  "userId": "anonymous",
  "userAgent": "Mozilla/5.0 (Windows NT 10.0; Win64; x64) AppleWebKit/537.36 (KHTML, like Gecko) Chrome/142.0.0.0 Safari/537.36"
}
[2025-11-13T12:27:43.889Z] [INFO] {
  "timestamp": "2025-11-13T12:27:43.889Z",
  "method": "GET",
  "url": "/api/associates",
  "statusCode": 200,
  "responseTime": "57ms",
  "userId": "690c4c43be8f36eb0f3c17b9"
}
[2025-11-13T12:27:43.894Z] [INFO] {
  "timestamp": "2025-11-13T12:27:43.894Z",
  "method": "GET",
  "url": "/api/configuration-versions/current",
  "statusCode": 200,
  "responseTime": "75ms",
  "userId": "690c4c43be8f36eb0f3c17b9"
}
[2025-11-13T12:27:43.909Z] [INFO] {
  "timestamp": "2025-11-13T12:27:43.909Z",
  "method": "GET",
  "url": "/api/associates",
  "ip": "::1",
  "userId": "anonymous",
  "userAgent": "Mozilla/5.0 (Windows NT 10.0; Win64; x64) AppleWebKit/537.36 (KHTML, like Gecko) Chrome/142.0.0.0 Safari/537.36"
}
[2025-11-13T12:27:43.917Z] [INFO] {
  "timestamp": "2025-11-13T12:27:43.917Z",
  "method": "GET",
  "url": "/api/configuration-versions/current",
  "ip": "::1",
  "userId": "anonymous",
  "userAgent": "Mozilla/5.0 (Windows NT 10.0; Win64; x64) AppleWebKit/537.36 (KHTML, like Gecko) Chrome/142.0.0.0 Safari/537.36"
}
[2025-11-13T12:27:43.949Z] [INFO] {
  "timestamp": "2025-11-13T12:27:43.949Z",
  "method": "GET",
  "url": "/api/clients",
  "statusCode": 200,
  "responseTime": "64ms",
  "userId": "690c4c43be8f36eb0f3c17b9"
}
[2025-11-13T12:27:43.963Z] [INFO] {
  "timestamp": "2025-11-13T12:27:43.963Z",
  "method": "GET",
  "url": "/api/finance/projects?search=&status=all&year=2025",
  "statusCode": 200,
  "responseTime": "112ms",
  "userId": "690c4c43be8f36eb0f3c17b9"
}
[2025-11-13T12:27:43.980Z] [INFO] {
  "timestamp": "2025-11-13T12:27:43.980Z",
  "method": "GET",
  "url": "/api/associates",
  "statusCode": 200,
  "responseTime": "71ms",
  "userId": "690c4c43be8f36eb0f3c17b9"
}
[2025-11-13T12:27:43.995Z] [INFO] {
  "timestamp": "2025-11-13T12:27:43.995Z",
  "method": "GET",
  "url": "/api/configuration-versions/current",
  "statusCode": 200,
  "responseTime": "77ms",
  "userId": "690c4c43be8f36eb0f3c17b9"
}
[2025-11-13T12:27:43.998Z] [INFO] {
  "timestamp": "2025-11-13T12:27:43.998Z",
  "method": "GET",
  "url": "/api/finance/projects?search=&status=all&year=2025",
  "ip": "::1",
  "userId": "anonymous",
  "userAgent": "Mozilla/5.0 (Windows NT 10.0; Win64; x64) AppleWebKit/537.36 (KHTML, like Gecko) Chrome/142.0.0.0 Safari/537.36"
}
[2025-11-13T12:27:44.010Z] [INFO] {
  "timestamp": "2025-11-13T12:27:44.010Z",
  "method": "GET",
  "url": "/api/finance/stats?year=2025",
  "statusCode": 200,
  "responseTime": "154ms",
  "userId": "690c4c43be8f36eb0f3c17b9"
}
[2025-11-13T12:27:44.023Z] [INFO] {
  "timestamp": "2025-11-13T12:27:44.023Z",
  "method": "GET",
  "url": "/api/finance/stats?year=2025",
  "ip": "::1",
  "userId": "anonymous",
  "userAgent": "Mozilla/5.0 (Windows NT 10.0; Win64; x64) AppleWebKit/537.36 (KHTML, like Gecko) Chrome/142.0.0.0 Safari/537.36"
}
[2025-11-13T12:27:44.038Z] [INFO] {
  "timestamp": "2025-11-13T12:27:44.038Z",
  "method": "GET",
  "url": "/api/finance/projects?search=&status=all&year=2025",
  "statusCode": 200,
  "responseTime": "40ms",
  "userId": "690c4c43be8f36eb0f3c17b9"
}
[2025-11-13T12:27:44.059Z] [INFO] {
  "timestamp": "2025-11-13T12:27:44.058Z",
  "method": "GET",
  "url": "/api/finance/stats?year=2025",
  "statusCode": 200,
  "responseTime": "35ms",
  "userId": "690c4c43be8f36eb0f3c17b9"
}
[2025-11-13T12:38:50.380Z] [INFO] {
  "timestamp": "2025-11-13T12:38:50.380Z",
  "method": "GET",
  "url": "/api/auth/me",
  "ip": "::1",
  "userId": "anonymous",
  "userAgent": "Mozilla/5.0 (Windows NT 10.0; Win64; x64) AppleWebKit/537.36 (KHTML, like Gecko) Chrome/142.0.0.0 Safari/537.36"
}
[2025-11-13T12:38:50.390Z] [INFO] {
  "timestamp": "2025-11-13T12:38:50.390Z",
  "method": "GET",
  "url": "/api/auth/me",
  "ip": "::1",
  "userId": "anonymous",
  "userAgent": "Mozilla/5.0 (Windows NT 10.0; Win64; x64) AppleWebKit/537.36 (KHTML, like Gecko) Chrome/142.0.0.0 Safari/537.36"
}
[2025-11-13T12:38:50.409Z] [INFO] {
  "timestamp": "2025-11-13T12:38:50.409Z",
  "method": "GET",
  "url": "/favicon.ico",
  "ip": "127.0.0.1",
  "userId": "anonymous",
  "userAgent": "Mozilla/5.0 (Windows NT 10.0; Win64; x64) AppleWebKit/537.36 (KHTML, like Gecko) Chrome/142.0.0.0 Safari/537.36"
}
[2025-11-13T12:38:50.415Z] [INFO] {
  "timestamp": "2025-11-13T12:38:50.415Z",
  "method": "GET",
  "url": "/favicon.ico",
  "statusCode": 200,
  "responseTime": "6ms",
  "userId": "anonymous"
}
[2025-11-13T12:38:50.430Z] [INFO] {
  "timestamp": "2025-11-13T12:38:50.430Z",
  "method": "GET",
  "url": "/api/auth/me",
  "statusCode": 200,
  "responseTime": "50ms",
  "userId": "690c4c43be8f36eb0f3c17b9"
}
[2025-11-13T12:38:50.439Z] [INFO] {
  "timestamp": "2025-11-13T12:38:50.439Z",
  "method": "GET",
  "url": "/api/auth/me",
  "statusCode": 200,
  "responseTime": "49ms",
  "userId": "690c4c43be8f36eb0f3c17b9"
}
[2025-11-13T12:38:50.467Z] [INFO] {
  "timestamp": "2025-11-13T12:38:50.467Z",
  "method": "GET",
  "url": "/api/configuration-versions/current",
  "ip": "::1",
  "userId": "anonymous",
  "userAgent": "Mozilla/5.0 (Windows NT 10.0; Win64; x64) AppleWebKit/537.36 (KHTML, like Gecko) Chrome/142.0.0.0 Safari/537.36"
}
[2025-11-13T12:38:50.472Z] [INFO] {
  "timestamp": "2025-11-13T12:38:50.472Z",
  "method": "GET",
  "url": "/api/clients",
  "ip": "::1",
  "userId": "anonymous",
  "userAgent": "Mozilla/5.0 (Windows NT 10.0; Win64; x64) AppleWebKit/537.36 (KHTML, like Gecko) Chrome/142.0.0.0 Safari/537.36"
}
[2025-11-13T12:38:50.475Z] [INFO] {
  "timestamp": "2025-11-13T12:38:50.475Z",
  "method": "GET",
  "url": "/api/associates",
  "ip": "::1",
  "userId": "anonymous",
  "userAgent": "Mozilla/5.0 (Windows NT 10.0; Win64; x64) AppleWebKit/537.36 (KHTML, like Gecko) Chrome/142.0.0.0 Safari/537.36"
}
[2025-11-13T12:38:50.502Z] [INFO] {
  "timestamp": "2025-11-13T12:38:50.502Z",
  "method": "GET",
  "url": "/api/finance/projects?search=&status=all&year=2025",
  "ip": "::1",
  "userId": "anonymous",
  "userAgent": "Mozilla/5.0 (Windows NT 10.0; Win64; x64) AppleWebKit/537.36 (KHTML, like Gecko) Chrome/142.0.0.0 Safari/537.36"
}
[2025-11-13T12:38:50.509Z] [INFO] {
  "timestamp": "2025-11-13T12:38:50.509Z",
  "method": "GET",
  "url": "/api/clients",
  "statusCode": 200,
  "responseTime": "37ms",
  "userId": "690c4c43be8f36eb0f3c17b9"
}
[2025-11-13T12:38:50.511Z] [INFO] {
  "timestamp": "2025-11-13T12:38:50.511Z",
  "method": "GET",
  "url": "/api/finance/stats?year=2025",
  "ip": "::1",
  "userId": "anonymous",
  "userAgent": "Mozilla/5.0 (Windows NT 10.0; Win64; x64) AppleWebKit/537.36 (KHTML, like Gecko) Chrome/142.0.0.0 Safari/537.36"
}
[2025-11-13T12:38:50.525Z] [INFO] {
  "timestamp": "2025-11-13T12:38:50.525Z",
  "method": "GET",
  "url": "/api/clients",
  "ip": "::1",
  "userId": "anonymous",
  "userAgent": "Mozilla/5.0 (Windows NT 10.0; Win64; x64) AppleWebKit/537.36 (KHTML, like Gecko) Chrome/142.0.0.0 Safari/537.36"
}
[2025-11-13T12:38:50.529Z] [INFO] {
  "timestamp": "2025-11-13T12:38:50.529Z",
  "method": "GET",
  "url": "/api/associates",
  "statusCode": 200,
  "responseTime": "54ms",
  "userId": "690c4c43be8f36eb0f3c17b9"
}
[2025-11-13T12:38:50.541Z] [INFO] {
  "timestamp": "2025-11-13T12:38:50.541Z",
  "method": "GET",
  "url": "/api/configuration-versions/current",
  "statusCode": 200,
  "responseTime": "74ms",
  "userId": "690c4c43be8f36eb0f3c17b9"
}
[2025-11-13T12:38:50.550Z] [INFO] {
  "timestamp": "2025-11-13T12:38:50.550Z",
  "method": "GET",
  "url": "/api/associates",
  "ip": "::1",
  "userId": "anonymous",
  "userAgent": "Mozilla/5.0 (Windows NT 10.0; Win64; x64) AppleWebKit/537.36 (KHTML, like Gecko) Chrome/142.0.0.0 Safari/537.36"
}
[2025-11-13T12:38:50.558Z] [INFO] {
  "timestamp": "2025-11-13T12:38:50.558Z",
  "method": "GET",
  "url": "/api/configuration-versions/current",
  "ip": "::1",
  "userId": "anonymous",
  "userAgent": "Mozilla/5.0 (Windows NT 10.0; Win64; x64) AppleWebKit/537.36 (KHTML, like Gecko) Chrome/142.0.0.0 Safari/537.36"
}
[2025-11-13T12:38:50.565Z] [INFO] {
  "timestamp": "2025-11-13T12:38:50.565Z",
  "method": "GET",
  "url": "/api/clients",
  "statusCode": 200,
  "responseTime": "40ms",
  "userId": "690c4c43be8f36eb0f3c17b9"
}
[2025-11-13T12:38:50.592Z] [INFO] {
  "timestamp": "2025-11-13T12:38:50.592Z",
  "method": "GET",
  "url": "/api/finance/projects?search=&status=all&year=2025",
  "statusCode": 200,
  "responseTime": "90ms",
  "userId": "690c4c43be8f36eb0f3c17b9"
}
[2025-11-13T12:38:50.602Z] [INFO] {
  "timestamp": "2025-11-13T12:38:50.602Z",
  "method": "GET",
  "url": "/api/associates",
  "statusCode": 200,
  "responseTime": "52ms",
  "userId": "690c4c43be8f36eb0f3c17b9"
}
[2025-11-13T12:38:50.612Z] [INFO] {
  "timestamp": "2025-11-13T12:38:50.612Z",
  "method": "GET",
  "url": "/api/configuration-versions/current",
  "statusCode": 200,
  "responseTime": "54ms",
  "userId": "690c4c43be8f36eb0f3c17b9"
}
[2025-11-13T12:38:50.616Z] [INFO] {
  "timestamp": "2025-11-13T12:38:50.616Z",
  "method": "GET",
  "url": "/api/finance/projects?search=&status=all&year=2025",
  "ip": "::1",
  "userId": "anonymous",
  "userAgent": "Mozilla/5.0 (Windows NT 10.0; Win64; x64) AppleWebKit/537.36 (KHTML, like Gecko) Chrome/142.0.0.0 Safari/537.36"
}
[2025-11-13T12:38:50.629Z] [INFO] {
  "timestamp": "2025-11-13T12:38:50.629Z",
  "method": "GET",
  "url": "/api/finance/stats?year=2025",
  "statusCode": 200,
  "responseTime": "118ms",
  "userId": "690c4c43be8f36eb0f3c17b9"
}
[2025-11-13T12:38:50.635Z] [INFO] {
  "timestamp": "2025-11-13T12:38:50.635Z",
  "method": "GET",
  "url": "/api/finance/stats?year=2025",
  "ip": "::1",
  "userId": "anonymous",
  "userAgent": "Mozilla/5.0 (Windows NT 10.0; Win64; x64) AppleWebKit/537.36 (KHTML, like Gecko) Chrome/142.0.0.0 Safari/537.36"
}
[2025-11-13T12:38:50.656Z] [INFO] {
  "timestamp": "2025-11-13T12:38:50.656Z",
  "method": "GET",
  "url": "/api/finance/projects?search=&status=all&year=2025",
  "statusCode": 200,
  "responseTime": "40ms",
  "userId": "690c4c43be8f36eb0f3c17b9"
}
[2025-11-13T12:38:50.680Z] [INFO] {
  "timestamp": "2025-11-13T12:38:50.680Z",
  "method": "GET",
  "url": "/api/finance/stats?year=2025",
  "statusCode": 200,
  "responseTime": "45ms",
  "userId": "690c4c43be8f36eb0f3c17b9"
}
[2025-11-13T12:39:18.015Z] [INFO] {
  "timestamp": "2025-11-13T12:39:18.015Z",
  "method": "GET",
  "url": "/api/configuration-versions/current",
  "ip": "::1",
  "userId": "anonymous",
  "userAgent": "Mozilla/5.0 (Windows NT 10.0; Win64; x64) AppleWebKit/537.36 (KHTML, like Gecko) Chrome/142.0.0.0 Safari/537.36"
}
[2025-11-13T12:39:18.024Z] [INFO] {
  "timestamp": "2025-11-13T12:39:18.024Z",
  "method": "GET",
  "url": "/api/clients",
  "ip": "::1",
  "userId": "anonymous",
  "userAgent": "Mozilla/5.0 (Windows NT 10.0; Win64; x64) AppleWebKit/537.36 (KHTML, like Gecko) Chrome/142.0.0.0 Safari/537.36"
}
[2025-11-13T12:39:18.038Z] [INFO] {
  "timestamp": "2025-11-13T12:39:18.038Z",
  "method": "GET",
  "url": "/api/associates",
  "ip": "::1",
  "userId": "anonymous",
  "userAgent": "Mozilla/5.0 (Windows NT 10.0; Win64; x64) AppleWebKit/537.36 (KHTML, like Gecko) Chrome/142.0.0.0 Safari/537.36"
}
[2025-11-13T12:39:18.058Z] [INFO] {
  "timestamp": "2025-11-13T12:39:18.057Z",
  "method": "GET",
  "url": "/api/finance/projects?search=&status=all&year=2025",
  "ip": "::1",
  "userId": "anonymous",
  "userAgent": "Mozilla/5.0 (Windows NT 10.0; Win64; x64) AppleWebKit/537.36 (KHTML, like Gecko) Chrome/142.0.0.0 Safari/537.36"
}
[2025-11-13T12:39:18.072Z] [INFO] {
  "timestamp": "2025-11-13T12:39:18.072Z",
  "method": "GET",
  "url": "/api/finance/stats?year=2025",
  "ip": "::1",
  "userId": "anonymous",
  "userAgent": "Mozilla/5.0 (Windows NT 10.0; Win64; x64) AppleWebKit/537.36 (KHTML, like Gecko) Chrome/142.0.0.0 Safari/537.36"
}
[2025-11-13T12:39:18.174Z] [INFO] {
  "timestamp": "2025-11-13T12:39:18.174Z",
  "method": "GET",
  "url": "/api/clients",
  "statusCode": 200,
  "responseTime": "150ms",
  "userId": "690c4c43be8f36eb0f3c17b9"
}
[2025-11-13T12:39:18.223Z] [INFO] {
  "timestamp": "2025-11-13T12:39:18.223Z",
  "method": "GET",
  "url": "/api/configuration-versions/current",
  "statusCode": 200,
  "responseTime": "208ms",
  "userId": "690c4c43be8f36eb0f3c17b9"
}
[2025-11-13T12:39:18.287Z] [INFO] {
  "timestamp": "2025-11-13T12:39:18.287Z",
  "method": "GET",
  "url": "/api/associates",
  "statusCode": 200,
  "responseTime": "249ms",
  "userId": "690c4c43be8f36eb0f3c17b9"
}
[2025-11-13T12:39:18.343Z] [INFO] {
  "timestamp": "2025-11-13T12:39:18.343Z",
  "method": "GET",
  "url": "/api/finance/projects?search=&status=all&year=2025",
  "statusCode": 200,
  "responseTime": "286ms",
  "userId": "690c4c43be8f36eb0f3c17b9"
}
[2025-11-13T12:39:18.374Z] [INFO] {
  "timestamp": "2025-11-13T12:39:18.374Z",
  "method": "GET",
  "url": "/api/finance/stats?year=2025",
  "statusCode": 200,
  "responseTime": "302ms",
  "userId": "690c4c43be8f36eb0f3c17b9"
}
[2025-11-13T12:41:31.880Z] [INFO] {
  "timestamp": "2025-11-13T12:41:31.880Z",
  "method": "GET",
  "url": "/api/configuration-versions/current",
  "ip": "::1",
  "userId": "anonymous",
  "userAgent": "Mozilla/5.0 (Windows NT 10.0; Win64; x64) AppleWebKit/537.36 (KHTML, like Gecko) Chrome/142.0.0.0 Safari/537.36"
}
[2025-11-13T12:41:31.885Z] [INFO] {
  "timestamp": "2025-11-13T12:41:31.885Z",
  "method": "GET",
  "url": "/api/clients",
  "ip": "::1",
  "userId": "anonymous",
  "userAgent": "Mozilla/5.0 (Windows NT 10.0; Win64; x64) AppleWebKit/537.36 (KHTML, like Gecko) Chrome/142.0.0.0 Safari/537.36"
}
[2025-11-13T12:41:31.888Z] [INFO] {
  "timestamp": "2025-11-13T12:41:31.888Z",
  "method": "GET",
  "url": "/api/associates",
  "ip": "::1",
  "userId": "anonymous",
  "userAgent": "Mozilla/5.0 (Windows NT 10.0; Win64; x64) AppleWebKit/537.36 (KHTML, like Gecko) Chrome/142.0.0.0 Safari/537.36"
}
[2025-11-13T12:41:31.894Z] [INFO] {
  "timestamp": "2025-11-13T12:41:31.894Z",
  "method": "GET",
  "url": "/api/finance/projects?search=&status=all&year=2025",
  "ip": "::1",
  "userId": "anonymous",
  "userAgent": "Mozilla/5.0 (Windows NT 10.0; Win64; x64) AppleWebKit/537.36 (KHTML, like Gecko) Chrome/142.0.0.0 Safari/537.36"
}
[2025-11-13T12:41:31.914Z] [INFO] {
  "timestamp": "2025-11-13T12:41:31.914Z",
  "method": "GET",
  "url": "/api/finance/stats?year=2025",
  "ip": "::1",
  "userId": "anonymous",
  "userAgent": "Mozilla/5.0 (Windows NT 10.0; Win64; x64) AppleWebKit/537.36 (KHTML, like Gecko) Chrome/142.0.0.0 Safari/537.36"
}
[2025-11-13T12:41:31.942Z] [INFO] {
  "timestamp": "2025-11-13T12:41:31.942Z",
  "method": "GET",
  "url": "/api/clients",
  "statusCode": 200,
  "responseTime": "57ms",
  "userId": "690c4c43be8f36eb0f3c17b9"
}
[2025-11-13T12:41:31.964Z] [INFO] {
  "timestamp": "2025-11-13T12:41:31.964Z",
  "method": "GET",
  "url": "/api/associates",
  "statusCode": 200,
  "responseTime": "76ms",
  "userId": "690c4c43be8f36eb0f3c17b9"
}
[2025-11-13T12:41:31.975Z] [INFO] {
  "timestamp": "2025-11-13T12:41:31.975Z",
  "method": "GET",
  "url": "/api/configuration-versions/current",
  "statusCode": 200,
  "responseTime": "95ms",
  "userId": "690c4c43be8f36eb0f3c17b9"
}
[2025-11-13T12:41:31.999Z] [INFO] {
  "timestamp": "2025-11-13T12:41:31.999Z",
  "method": "GET",
  "url": "/api/finance/projects?search=&status=all&year=2025",
  "statusCode": 200,
  "responseTime": "105ms",
  "userId": "690c4c43be8f36eb0f3c17b9"
}
[2025-11-13T12:41:32.031Z] [INFO] {
  "timestamp": "2025-11-13T12:41:32.031Z",
  "method": "GET",
  "url": "/api/finance/stats?year=2025",
  "statusCode": 200,
  "responseTime": "117ms",
  "userId": "690c4c43be8f36eb0f3c17b9"
}
[2025-11-13T12:42:07.470Z] [INFO] {
  "timestamp": "2025-11-13T12:42:07.470Z",
  "method": "GET",
  "url": "/api/configuration-versions/current",
  "ip": "::1",
  "userId": "anonymous",
  "userAgent": "Mozilla/5.0 (Windows NT 10.0; Win64; x64) AppleWebKit/537.36 (KHTML, like Gecko) Chrome/142.0.0.0 Safari/537.36"
}
[2025-11-13T12:42:07.475Z] [INFO] {
  "timestamp": "2025-11-13T12:42:07.475Z",
  "method": "GET",
  "url": "/api/clients",
  "ip": "::1",
  "userId": "anonymous",
  "userAgent": "Mozilla/5.0 (Windows NT 10.0; Win64; x64) AppleWebKit/537.36 (KHTML, like Gecko) Chrome/142.0.0.0 Safari/537.36"
}
[2025-11-13T12:42:07.491Z] [INFO] {
  "timestamp": "2025-11-13T12:42:07.491Z",
  "method": "GET",
  "url": "/api/associates",
  "ip": "::1",
  "userId": "anonymous",
  "userAgent": "Mozilla/5.0 (Windows NT 10.0; Win64; x64) AppleWebKit/537.36 (KHTML, like Gecko) Chrome/142.0.0.0 Safari/537.36"
}
[2025-11-13T12:42:07.497Z] [INFO] {
  "timestamp": "2025-11-13T12:42:07.497Z",
  "method": "GET",
  "url": "/api/finance/projects?search=&status=all&year=2025",
  "ip": "::1",
  "userId": "anonymous",
  "userAgent": "Mozilla/5.0 (Windows NT 10.0; Win64; x64) AppleWebKit/537.36 (KHTML, like Gecko) Chrome/142.0.0.0 Safari/537.36"
}
[2025-11-13T12:42:07.505Z] [INFO] {
  "timestamp": "2025-11-13T12:42:07.505Z",
  "method": "GET",
  "url": "/api/finance/stats?year=2025",
  "ip": "::1",
  "userId": "anonymous",
  "userAgent": "Mozilla/5.0 (Windows NT 10.0; Win64; x64) AppleWebKit/537.36 (KHTML, like Gecko) Chrome/142.0.0.0 Safari/537.36"
}
[2025-11-13T12:42:07.511Z] [INFO] {
  "timestamp": "2025-11-13T12:42:07.511Z",
  "method": "GET",
  "url": "/api/clients",
  "statusCode": 200,
  "responseTime": "36ms",
  "userId": "690c4c43be8f36eb0f3c17b9"
}
[2025-11-13T12:42:07.527Z] [INFO] {
  "timestamp": "2025-11-13T12:42:07.527Z",
  "method": "GET",
  "url": "/api/configuration-versions/current",
  "statusCode": 200,
  "responseTime": "57ms",
  "userId": "690c4c43be8f36eb0f3c17b9"
}
[2025-11-13T12:42:07.560Z] [INFO] {
  "timestamp": "2025-11-13T12:42:07.560Z",
  "method": "GET",
  "url": "/api/associates",
  "statusCode": 200,
  "responseTime": "69ms",
  "userId": "690c4c43be8f36eb0f3c17b9"
}
[2025-11-13T12:42:07.575Z] [INFO] {
  "timestamp": "2025-11-13T12:42:07.575Z",
  "method": "GET",
  "url": "/api/finance/projects?search=&status=all&year=2025",
  "statusCode": 200,
  "responseTime": "78ms",
  "userId": "690c4c43be8f36eb0f3c17b9"
}
[2025-11-13T12:42:07.631Z] [INFO] {
  "timestamp": "2025-11-13T12:42:07.631Z",
  "method": "GET",
  "url": "/api/finance/stats?year=2025",
  "statusCode": 200,
  "responseTime": "126ms",
  "userId": "690c4c43be8f36eb0f3c17b9"
}
[2025-11-13T12:43:34.388Z] [INFO] {
  "timestamp": "2025-11-13T12:43:34.388Z",
  "method": "GET",
  "url": "/api/clients",
  "ip": "::1",
  "userId": "anonymous",
  "userAgent": "Mozilla/5.0 (Windows NT 10.0; Win64; x64) AppleWebKit/537.36 (KHTML, like Gecko) Chrome/142.0.0.0 Safari/537.36"
}
[2025-11-13T12:43:34.398Z] [INFO] {
  "timestamp": "2025-11-13T12:43:34.398Z",
  "method": "GET",
  "url": "/api/clients",
  "statusCode": 200,
  "responseTime": "10ms",
  "userId": "690c4c43be8f36eb0f3c17b9"
}
[2025-11-13T12:43:34.403Z] [INFO] {
  "timestamp": "2025-11-13T12:43:34.403Z",
  "method": "GET",
  "url": "/api/clients",
  "ip": "::1",
  "userId": "anonymous",
  "userAgent": "Mozilla/5.0 (Windows NT 10.0; Win64; x64) AppleWebKit/537.36 (KHTML, like Gecko) Chrome/142.0.0.0 Safari/537.36"
}
[2025-11-13T12:43:34.416Z] [INFO] {
  "timestamp": "2025-11-13T12:43:34.416Z",
  "method": "GET",
  "url": "/api/clients",
  "statusCode": 200,
  "responseTime": "13ms",
  "userId": "690c4c43be8f36eb0f3c17b9"
}
[2025-11-13T12:43:34.556Z] [INFO] {
  "timestamp": "2025-11-13T12:43:34.556Z",
  "method": "GET",
  "url": "/favicon.ico",
  "ip": "127.0.0.1",
  "userId": "anonymous",
  "userAgent": "Mozilla/5.0 (Windows NT 10.0; Win64; x64) AppleWebKit/537.36 (KHTML, like Gecko) Chrome/142.0.0.0 Safari/537.36"
}
[2025-11-13T12:43:34.557Z] [INFO] {
  "timestamp": "2025-11-13T12:43:34.557Z",
  "method": "GET",
  "url": "/favicon.ico",
  "statusCode": 200,
  "responseTime": "1ms",
  "userId": "anonymous"
}
[2025-11-13T12:47:04.697Z] [INFO] {
  "timestamp": "2025-11-13T12:47:04.697Z",
  "method": "GET",
  "url": "/api/configuration-versions/current",
  "ip": "::1",
  "userId": "anonymous",
  "userAgent": "Mozilla/5.0 (Windows NT 10.0; Win64; x64) AppleWebKit/537.36 (KHTML, like Gecko) Chrome/142.0.0.0 Safari/537.36"
}
[2025-11-13T12:47:04.731Z] [INFO] {
  "timestamp": "2025-11-13T12:47:04.731Z",
  "method": "GET",
  "url": "/api/clients",
  "ip": "::1",
  "userId": "anonymous",
  "userAgent": "Mozilla/5.0 (Windows NT 10.0; Win64; x64) AppleWebKit/537.36 (KHTML, like Gecko) Chrome/142.0.0.0 Safari/537.36"
}
[2025-11-13T12:47:04.751Z] [INFO] {
  "timestamp": "2025-11-13T12:47:04.751Z",
  "method": "GET",
  "url": "/api/associates",
  "ip": "::1",
  "userId": "anonymous",
  "userAgent": "Mozilla/5.0 (Windows NT 10.0; Win64; x64) AppleWebKit/537.36 (KHTML, like Gecko) Chrome/142.0.0.0 Safari/537.36"
}
[2025-11-13T12:47:04.762Z] [INFO] {
  "timestamp": "2025-11-13T12:47:04.762Z",
  "method": "GET",
  "url": "/api/finance/projects?search=&status=all&year=2025",
  "ip": "::1",
  "userId": "anonymous",
  "userAgent": "Mozilla/5.0 (Windows NT 10.0; Win64; x64) AppleWebKit/537.36 (KHTML, like Gecko) Chrome/142.0.0.0 Safari/537.36"
}
[2025-11-13T12:47:04.773Z] [INFO] {
  "timestamp": "2025-11-13T12:47:04.773Z",
  "method": "GET",
  "url": "/api/finance/stats?year=2025",
  "ip": "::1",
  "userId": "anonymous",
  "userAgent": "Mozilla/5.0 (Windows NT 10.0; Win64; x64) AppleWebKit/537.36 (KHTML, like Gecko) Chrome/142.0.0.0 Safari/537.36"
}
[2025-11-13T12:47:04.807Z] [INFO] {
  "timestamp": "2025-11-13T12:47:04.807Z",
  "method": "GET",
  "url": "/api/clients",
  "statusCode": 200,
  "responseTime": "76ms",
  "userId": "690c4c43be8f36eb0f3c17b9"
}
[2025-11-13T12:47:04.821Z] [INFO] {
  "timestamp": "2025-11-13T12:47:04.821Z",
  "method": "GET",
  "url": "/api/clients",
  "ip": "::1",
  "userId": "anonymous",
  "userAgent": "Mozilla/5.0 (Windows NT 10.0; Win64; x64) AppleWebKit/537.36 (KHTML, like Gecko) Chrome/142.0.0.0 Safari/537.36"
}
[2025-11-13T12:47:04.827Z] [INFO] {
  "timestamp": "2025-11-13T12:47:04.827Z",
  "method": "GET",
  "url": "/api/configuration-versions/current",
  "statusCode": 200,
  "responseTime": "130ms",
  "userId": "690c4c43be8f36eb0f3c17b9"
}
[2025-11-13T12:47:04.838Z] [INFO] {
  "timestamp": "2025-11-13T12:47:04.838Z",
  "method": "GET",
  "url": "/api/associates",
  "statusCode": 200,
  "responseTime": "87ms",
  "userId": "690c4c43be8f36eb0f3c17b9"
}
[2025-11-13T12:47:04.843Z] [INFO] {
  "timestamp": "2025-11-13T12:47:04.843Z",
  "method": "GET",
  "url": "/api/configuration-versions/current",
  "ip": "::1",
  "userId": "anonymous",
  "userAgent": "Mozilla/5.0 (Windows NT 10.0; Win64; x64) AppleWebKit/537.36 (KHTML, like Gecko) Chrome/142.0.0.0 Safari/537.36"
}
[2025-11-13T12:47:04.862Z] [INFO] {
  "timestamp": "2025-11-13T12:47:04.862Z",
  "method": "GET",
  "url": "/api/associates",
  "ip": "::1",
  "userId": "anonymous",
  "userAgent": "Mozilla/5.0 (Windows NT 10.0; Win64; x64) AppleWebKit/537.36 (KHTML, like Gecko) Chrome/142.0.0.0 Safari/537.36"
}
[2025-11-13T12:47:04.876Z] [INFO] {
  "timestamp": "2025-11-13T12:47:04.876Z",
  "method": "GET",
  "url": "/api/finance/projects?search=&status=all&year=2025",
  "statusCode": 200,
  "responseTime": "114ms",
  "userId": "690c4c43be8f36eb0f3c17b9"
}
[2025-11-13T12:47:04.890Z] [INFO] {
  "timestamp": "2025-11-13T12:47:04.890Z",
  "method": "GET",
  "url": "/api/clients",
  "statusCode": 200,
  "responseTime": "69ms",
  "userId": "690c4c43be8f36eb0f3c17b9"
}
[2025-11-13T12:47:04.917Z] [INFO] {
  "timestamp": "2025-11-13T12:47:04.917Z",
  "method": "GET",
  "url": "/api/finance/projects?search=&status=all&year=2025",
  "ip": "::1",
  "userId": "anonymous",
  "userAgent": "Mozilla/5.0 (Windows NT 10.0; Win64; x64) AppleWebKit/537.36 (KHTML, like Gecko) Chrome/142.0.0.0 Safari/537.36"
}
[2025-11-13T12:47:04.922Z] [INFO] {
  "timestamp": "2025-11-13T12:47:04.922Z",
  "method": "GET",
  "url": "/api/associates",
  "statusCode": 200,
  "responseTime": "60ms",
  "userId": "690c4c43be8f36eb0f3c17b9"
}
[2025-11-13T12:47:04.935Z] [INFO] {
  "timestamp": "2025-11-13T12:47:04.935Z",
  "method": "GET",
  "url": "/api/configuration-versions/current",
  "statusCode": 200,
  "responseTime": "92ms",
  "userId": "690c4c43be8f36eb0f3c17b9"
}
[2025-11-13T12:47:04.940Z] [INFO] {
  "timestamp": "2025-11-13T12:47:04.940Z",
  "method": "GET",
  "url": "/api/finance/stats?year=2025",
  "statusCode": 200,
  "responseTime": "167ms",
  "userId": "690c4c43be8f36eb0f3c17b9"
}
[2025-11-13T12:47:04.952Z] [INFO] {
  "timestamp": "2025-11-13T12:47:04.951Z",
  "method": "GET",
  "url": "/api/finance/stats?year=2025",
  "ip": "::1",
  "userId": "anonymous",
  "userAgent": "Mozilla/5.0 (Windows NT 10.0; Win64; x64) AppleWebKit/537.36 (KHTML, like Gecko) Chrome/142.0.0.0 Safari/537.36"
}
[2025-11-13T12:47:04.975Z] [INFO] {
  "timestamp": "2025-11-13T12:47:04.975Z",
  "method": "GET",
  "url": "/api/finance/projects?search=&status=all&year=2025",
  "statusCode": 200,
  "responseTime": "58ms",
  "userId": "690c4c43be8f36eb0f3c17b9"
}
[2025-11-13T12:47:05.006Z] [INFO] {
  "timestamp": "2025-11-13T12:47:05.006Z",
  "method": "GET",
  "url": "/api/finance/stats?year=2025",
  "statusCode": 200,
  "responseTime": "55ms",
  "userId": "690c4c43be8f36eb0f3c17b9"
}
[2025-11-13T12:47:05.017Z] [INFO] {
  "timestamp": "2025-11-13T12:47:05.017Z",
  "method": "GET",
  "url": "/favicon.ico",
  "ip": "127.0.0.1",
  "userId": "anonymous",
  "userAgent": "Mozilla/5.0 (Windows NT 10.0; Win64; x64) AppleWebKit/537.36 (KHTML, like Gecko) Chrome/142.0.0.0 Safari/537.36"
}
[2025-11-13T12:47:05.018Z] [INFO] {
  "timestamp": "2025-11-13T12:47:05.018Z",
  "method": "GET",
  "url": "/favicon.ico",
  "statusCode": 200,
  "responseTime": "1ms",
  "userId": "anonymous"
}
[2025-11-13T12:47:14.943Z] [INFO] {
  "timestamp": "2025-11-13T12:47:14.943Z",
  "method": "GET",
  "url": "/api/associates",
  "ip": "::1",
  "userId": "anonymous",
  "userAgent": "Mozilla/5.0 (Windows NT 10.0; Win64; x64) AppleWebKit/537.36 (KHTML, like Gecko) Chrome/142.0.0.0 Safari/537.36"
}
[2025-11-13T12:47:14.952Z] [INFO] {
  "timestamp": "2025-11-13T12:47:14.952Z",
  "method": "GET",
  "url": "/api/associates",
  "statusCode": 200,
  "responseTime": "9ms",
  "userId": "690c4c43be8f36eb0f3c17b9"
}
[2025-11-13T12:47:14.956Z] [INFO] {
  "timestamp": "2025-11-13T12:47:14.956Z",
  "method": "GET",
  "url": "/api/associates",
  "ip": "::1",
  "userId": "anonymous",
  "userAgent": "Mozilla/5.0 (Windows NT 10.0; Win64; x64) AppleWebKit/537.36 (KHTML, like Gecko) Chrome/142.0.0.0 Safari/537.36"
}
[2025-11-13T12:47:14.967Z] [INFO] {
  "timestamp": "2025-11-13T12:47:14.966Z",
  "method": "GET",
  "url": "/api/associates",
  "statusCode": 200,
  "responseTime": "10ms",
  "userId": "690c4c43be8f36eb0f3c17b9"
}
[2025-11-13T12:47:40.010Z] [INFO] {
  "timestamp": "2025-11-13T12:47:40.010Z",
  "method": "GET",
  "url": "/api/clients",
  "ip": "::1",
  "userId": "anonymous",
  "userAgent": "Mozilla/5.0 (Windows NT 10.0; Win64; x64) AppleWebKit/537.36 (KHTML, like Gecko) Chrome/142.0.0.0 Safari/537.36"
}
[2025-11-13T12:47:40.017Z] [INFO] {
  "timestamp": "2025-11-13T12:47:40.017Z",
  "method": "GET",
  "url": "/favicon.ico",
  "ip": "127.0.0.1",
  "userId": "anonymous",
  "userAgent": "Mozilla/5.0 (Windows NT 10.0; Win64; x64) AppleWebKit/537.36 (KHTML, like Gecko) Chrome/142.0.0.0 Safari/537.36"
}
[2025-11-13T12:47:40.018Z] [INFO] {
  "timestamp": "2025-11-13T12:47:40.018Z",
  "method": "GET",
  "url": "/favicon.ico",
  "statusCode": 200,
  "responseTime": "1ms",
  "userId": "anonymous"
}
[2025-11-13T12:47:40.027Z] [INFO] {
  "timestamp": "2025-11-13T12:47:40.027Z",
  "method": "GET",
  "url": "/api/clients",
  "statusCode": 200,
  "responseTime": "17ms",
  "userId": "690c4c43be8f36eb0f3c17b9"
}
[2025-11-13T12:47:40.034Z] [INFO] {
  "timestamp": "2025-11-13T12:47:40.034Z",
  "method": "GET",
  "url": "/api/clients",
  "ip": "::1",
  "userId": "anonymous",
  "userAgent": "Mozilla/5.0 (Windows NT 10.0; Win64; x64) AppleWebKit/537.36 (KHTML, like Gecko) Chrome/142.0.0.0 Safari/537.36"
}
[2025-11-13T12:47:40.044Z] [INFO] {
  "timestamp": "2025-11-13T12:47:40.044Z",
  "method": "GET",
  "url": "/api/clients",
  "statusCode": 200,
  "responseTime": "10ms",
  "userId": "690c4c43be8f36eb0f3c17b9"
}
[2025-11-13T12:48:26.300Z] [INFO] {
  "timestamp": "2025-11-13T12:48:26.300Z",
  "method": "GET",
  "url": "/favicon.ico",
  "ip": "127.0.0.1",
  "userId": "anonymous",
  "userAgent": "Mozilla/5.0 (Windows NT 10.0; Win64; x64) AppleWebKit/537.36 (KHTML, like Gecko) Chrome/142.0.0.0 Safari/537.36"
}
[2025-11-13T12:48:26.308Z] [INFO] {
  "timestamp": "2025-11-13T12:48:26.308Z",
  "method": "GET",
  "url": "/favicon.ico",
  "statusCode": 200,
  "responseTime": "9ms",
  "userId": "anonymous"
}
[2025-11-13T12:48:26.330Z] [INFO] {
  "timestamp": "2025-11-13T12:48:26.330Z",
  "method": "GET",
  "url": "/api/finance/clients/6914ae63df5def56065fa5e0/projects",
  "ip": "::1",
  "userId": "anonymous",
  "userAgent": "Mozilla/5.0 (Windows NT 10.0; Win64; x64) AppleWebKit/537.36 (KHTML, like Gecko) Chrome/142.0.0.0 Safari/537.36"
}
[2025-11-13T12:48:26.388Z] [INFO] {
  "timestamp": "2025-11-13T12:48:26.388Z",
  "method": "GET",
  "url": "/api/finance/clients/6914ae63df5def56065fa5e0/projects",
  "statusCode": 200,
  "responseTime": "58ms",
  "userId": "690c4c43be8f36eb0f3c17b9"
}
[2025-11-13T12:48:26.396Z] [INFO] {
  "timestamp": "2025-11-13T12:48:26.396Z",
  "method": "GET",
  "url": "/api/finance/clients/6914ae63df5def56065fa5e0/projects",
  "ip": "::1",
  "userId": "anonymous",
  "userAgent": "Mozilla/5.0 (Windows NT 10.0; Win64; x64) AppleWebKit/537.36 (KHTML, like Gecko) Chrome/142.0.0.0 Safari/537.36"
}
[2025-11-13T12:48:26.423Z] [INFO] {
  "timestamp": "2025-11-13T12:48:26.423Z",
  "method": "GET",
  "url": "/api/finance/clients/6914ae63df5def56065fa5e0/projects",
  "statusCode": 200,
  "responseTime": "27ms",
  "userId": "690c4c43be8f36eb0f3c17b9"
}
[2025-11-13T12:48:34.268Z] [INFO] {
  "timestamp": "2025-11-13T12:48:34.268Z",
  "method": "GET",
  "url": "/favicon.ico",
  "ip": "127.0.0.1",
  "userId": "anonymous",
  "userAgent": "Mozilla/5.0 (Windows NT 10.0; Win64; x64) AppleWebKit/537.36 (KHTML, like Gecko) Chrome/142.0.0.0 Safari/537.36"
}
[2025-11-13T12:48:34.269Z] [INFO] {
  "timestamp": "2025-11-13T12:48:34.269Z",
  "method": "GET",
  "url": "/favicon.ico",
  "statusCode": 200,
  "responseTime": "1ms",
  "userId": "anonymous"
}
[2025-11-13T12:48:34.276Z] [INFO] {
  "timestamp": "2025-11-13T12:48:34.276Z",
  "method": "GET",
  "url": "/api/configuration-versions/current",
  "ip": "::1",
  "userId": "anonymous",
  "userAgent": "Mozilla/5.0 (Windows NT 10.0; Win64; x64) AppleWebKit/537.36 (KHTML, like Gecko) Chrome/142.0.0.0 Safari/537.36"
}
[2025-11-13T12:48:34.281Z] [INFO] {
  "timestamp": "2025-11-13T12:48:34.281Z",
  "method": "GET",
  "url": "/api/clients",
  "ip": "::1",
  "userId": "anonymous",
  "userAgent": "Mozilla/5.0 (Windows NT 10.0; Win64; x64) AppleWebKit/537.36 (KHTML, like Gecko) Chrome/142.0.0.0 Safari/537.36"
}
[2025-11-13T12:48:34.288Z] [INFO] {
  "timestamp": "2025-11-13T12:48:34.288Z",
  "method": "GET",
  "url": "/api/associates",
  "ip": "::1",
  "userId": "anonymous",
  "userAgent": "Mozilla/5.0 (Windows NT 10.0; Win64; x64) AppleWebKit/537.36 (KHTML, like Gecko) Chrome/142.0.0.0 Safari/537.36"
}
[2025-11-13T12:48:34.310Z] [INFO] {
  "timestamp": "2025-11-13T12:48:34.310Z",
  "method": "GET",
  "url": "/api/finance/projects?search=&status=all&year=2025",
  "ip": "::1",
  "userId": "anonymous",
  "userAgent": "Mozilla/5.0 (Windows NT 10.0; Win64; x64) AppleWebKit/537.36 (KHTML, like Gecko) Chrome/142.0.0.0 Safari/537.36"
}
[2025-11-13T12:48:34.318Z] [INFO] {
  "timestamp": "2025-11-13T12:48:34.318Z",
  "method": "GET",
  "url": "/api/finance/stats?year=2025",
  "ip": "::1",
  "userId": "anonymous",
  "userAgent": "Mozilla/5.0 (Windows NT 10.0; Win64; x64) AppleWebKit/537.36 (KHTML, like Gecko) Chrome/142.0.0.0 Safari/537.36"
}
[2025-11-13T12:48:34.326Z] [INFO] {
  "timestamp": "2025-11-13T12:48:34.326Z",
  "method": "GET",
  "url": "/api/clients",
  "statusCode": 200,
  "responseTime": "45ms",
  "userId": "690c4c43be8f36eb0f3c17b9"
}
[2025-11-13T12:48:34.339Z] [INFO] {
  "timestamp": "2025-11-13T12:48:34.339Z",
  "method": "GET",
  "url": "/api/clients",
  "ip": "::1",
  "userId": "anonymous",
  "userAgent": "Mozilla/5.0 (Windows NT 10.0; Win64; x64) AppleWebKit/537.36 (KHTML, like Gecko) Chrome/142.0.0.0 Safari/537.36"
}
[2025-11-13T12:48:34.342Z] [INFO] {
  "timestamp": "2025-11-13T12:48:34.342Z",
  "method": "GET",
  "url": "/api/associates",
  "statusCode": 200,
  "responseTime": "54ms",
  "userId": "690c4c43be8f36eb0f3c17b9"
}
[2025-11-13T12:48:34.352Z] [INFO] {
  "timestamp": "2025-11-13T12:48:34.352Z",
  "method": "GET",
  "url": "/api/configuration-versions/current",
  "statusCode": 200,
  "responseTime": "76ms",
  "userId": "690c4c43be8f36eb0f3c17b9"
}
[2025-11-13T12:48:34.360Z] [INFO] {
  "timestamp": "2025-11-13T12:48:34.360Z",
  "method": "GET",
  "url": "/api/associates",
  "ip": "::1",
  "userId": "anonymous",
  "userAgent": "Mozilla/5.0 (Windows NT 10.0; Win64; x64) AppleWebKit/537.36 (KHTML, like Gecko) Chrome/142.0.0.0 Safari/537.36"
}
[2025-11-13T12:48:34.364Z] [INFO] {
  "timestamp": "2025-11-13T12:48:34.364Z",
  "method": "GET",
  "url": "/api/configuration-versions/current",
  "ip": "::1",
  "userId": "anonymous",
  "userAgent": "Mozilla/5.0 (Windows NT 10.0; Win64; x64) AppleWebKit/537.36 (KHTML, like Gecko) Chrome/142.0.0.0 Safari/537.36"
}
[2025-11-13T12:48:34.386Z] [INFO] {
  "timestamp": "2025-11-13T12:48:34.386Z",
  "method": "GET",
  "url": "/api/clients",
  "statusCode": 200,
  "responseTime": "47ms",
  "userId": "690c4c43be8f36eb0f3c17b9"
}
[2025-11-13T12:48:34.396Z] [INFO] {
  "timestamp": "2025-11-13T12:48:34.396Z",
  "method": "GET",
  "url": "/api/finance/projects?search=&status=all&year=2025",
  "statusCode": 200,
  "responseTime": "86ms",
  "userId": "690c4c43be8f36eb0f3c17b9"
}
[2025-11-13T12:48:34.407Z] [INFO] {
  "timestamp": "2025-11-13T12:48:34.407Z",
  "method": "GET",
  "url": "/api/associates",
  "statusCode": 200,
  "responseTime": "47ms",
  "userId": "690c4c43be8f36eb0f3c17b9"
}
[2025-11-13T12:48:34.418Z] [INFO] {
  "timestamp": "2025-11-13T12:48:34.418Z",
  "method": "GET",
  "url": "/api/configuration-versions/current",
  "statusCode": 200,
  "responseTime": "54ms",
  "userId": "690c4c43be8f36eb0f3c17b9"
}
[2025-11-13T12:48:34.424Z] [INFO] {
  "timestamp": "2025-11-13T12:48:34.424Z",
  "method": "GET",
  "url": "/api/finance/projects?search=&status=all&year=2025",
  "ip": "::1",
  "userId": "anonymous",
  "userAgent": "Mozilla/5.0 (Windows NT 10.0; Win64; x64) AppleWebKit/537.36 (KHTML, like Gecko) Chrome/142.0.0.0 Safari/537.36"
}
[2025-11-13T12:48:34.430Z] [INFO] {
  "timestamp": "2025-11-13T12:48:34.430Z",
  "method": "GET",
  "url": "/api/finance/stats?year=2025",
  "statusCode": 200,
  "responseTime": "112ms",
  "userId": "690c4c43be8f36eb0f3c17b9"
}
[2025-11-13T12:48:34.439Z] [INFO] {
  "timestamp": "2025-11-13T12:48:34.439Z",
  "method": "GET",
  "url": "/api/finance/stats?year=2025",
  "ip": "::1",
  "userId": "anonymous",
  "userAgent": "Mozilla/5.0 (Windows NT 10.0; Win64; x64) AppleWebKit/537.36 (KHTML, like Gecko) Chrome/142.0.0.0 Safari/537.36"
}
[2025-11-13T12:48:34.468Z] [INFO] {
  "timestamp": "2025-11-13T12:48:34.467Z",
  "method": "GET",
  "url": "/api/finance/projects?search=&status=all&year=2025",
  "statusCode": 200,
  "responseTime": "43ms",
  "userId": "690c4c43be8f36eb0f3c17b9"
}
[2025-11-13T12:48:34.491Z] [INFO] {
  "timestamp": "2025-11-13T12:48:34.491Z",
  "method": "GET",
  "url": "/api/finance/stats?year=2025",
  "statusCode": 200,
  "responseTime": "52ms",
  "userId": "690c4c43be8f36eb0f3c17b9"
}
[2025-11-13T12:48:40.359Z] [INFO] {
  "timestamp": "2025-11-13T12:48:40.359Z",
  "method": "GET",
  "url": "/api/clients",
  "ip": "::1",
  "userId": "anonymous",
  "userAgent": "Mozilla/5.0 (Windows NT 10.0; Win64; x64) AppleWebKit/537.36 (KHTML, like Gecko) Chrome/142.0.0.0 Safari/537.36"
}
[2025-11-13T12:48:40.369Z] [INFO] {
  "timestamp": "2025-11-13T12:48:40.369Z",
  "method": "GET",
  "url": "/api/clients",
  "statusCode": 200,
  "responseTime": "10ms",
  "userId": "690c4c43be8f36eb0f3c17b9"
}
[2025-11-13T12:48:40.378Z] [INFO] {
  "timestamp": "2025-11-13T12:48:40.378Z",
  "method": "GET",
  "url": "/api/clients",
  "ip": "::1",
  "userId": "anonymous",
  "userAgent": "Mozilla/5.0 (Windows NT 10.0; Win64; x64) AppleWebKit/537.36 (KHTML, like Gecko) Chrome/142.0.0.0 Safari/537.36"
}
[2025-11-13T12:48:40.392Z] [INFO] {
  "timestamp": "2025-11-13T12:48:40.392Z",
  "method": "GET",
  "url": "/api/clients",
  "statusCode": 200,
  "responseTime": "14ms",
  "userId": "690c4c43be8f36eb0f3c17b9"
}
[2025-11-13T12:48:40.689Z] [INFO] {
  "timestamp": "2025-11-13T12:48:40.689Z",
  "method": "GET",
  "url": "/favicon.ico",
  "ip": "127.0.0.1",
  "userId": "anonymous",
  "userAgent": "Mozilla/5.0 (Windows NT 10.0; Win64; x64) AppleWebKit/537.36 (KHTML, like Gecko) Chrome/142.0.0.0 Safari/537.36"
}
[2025-11-13T12:48:40.690Z] [INFO] {
  "timestamp": "2025-11-13T12:48:40.690Z",
  "method": "GET",
  "url": "/favicon.ico",
  "statusCode": 200,
  "responseTime": "1ms",
  "userId": "anonymous"
}
[2025-11-13T12:48:42.212Z] [INFO] {
  "timestamp": "2025-11-13T12:48:42.212Z",
  "method": "GET",
  "url": "/api/finance/clients/6914ae63df5def56065fa5e0/projects",
  "ip": "::1",
  "userId": "anonymous",
  "userAgent": "Mozilla/5.0 (Windows NT 10.0; Win64; x64) AppleWebKit/537.36 (KHTML, like Gecko) Chrome/142.0.0.0 Safari/537.36"
}
[2025-11-13T12:48:42.216Z] [INFO] {
  "timestamp": "2025-11-13T12:48:42.216Z",
  "method": "GET",
  "url": "/favicon.ico",
  "ip": "127.0.0.1",
  "userId": "anonymous",
  "userAgent": "Mozilla/5.0 (Windows NT 10.0; Win64; x64) AppleWebKit/537.36 (KHTML, like Gecko) Chrome/142.0.0.0 Safari/537.36"
}
[2025-11-13T12:48:42.222Z] [INFO] {
  "timestamp": "2025-11-13T12:48:42.222Z",
  "method": "GET",
  "url": "/favicon.ico",
  "statusCode": 200,
  "responseTime": "6ms",
  "userId": "anonymous"
}
[2025-11-13T12:48:42.246Z] [INFO] {
  "timestamp": "2025-11-13T12:48:42.246Z",
  "method": "GET",
  "url": "/api/finance/clients/6914ae63df5def56065fa5e0/projects",
  "statusCode": 200,
  "responseTime": "34ms",
  "userId": "690c4c43be8f36eb0f3c17b9"
}
[2025-11-13T12:48:42.258Z] [INFO] {
  "timestamp": "2025-11-13T12:48:42.258Z",
  "method": "GET",
  "url": "/api/finance/clients/6914ae63df5def56065fa5e0/projects",
  "ip": "::1",
  "userId": "anonymous",
  "userAgent": "Mozilla/5.0 (Windows NT 10.0; Win64; x64) AppleWebKit/537.36 (KHTML, like Gecko) Chrome/142.0.0.0 Safari/537.36"
}
[2025-11-13T12:48:42.276Z] [INFO] {
  "timestamp": "2025-11-13T12:48:42.276Z",
  "method": "GET",
  "url": "/api/finance/clients/6914ae63df5def56065fa5e0/projects",
  "statusCode": 200,
  "responseTime": "18ms",
  "userId": "690c4c43be8f36eb0f3c17b9"
}
[2025-11-13T12:50:44.781Z] [INFO] {
  "timestamp": "2025-11-13T12:50:44.781Z",
  "method": "GET",
  "url": "/api/clients",
  "ip": "::1",
  "userId": "anonymous",
  "userAgent": "Mozilla/5.0 (Windows NT 10.0; Win64; x64) AppleWebKit/537.36 (KHTML, like Gecko) Chrome/142.0.0.0 Safari/537.36"
}
[2025-11-13T12:50:44.790Z] [INFO] {
  "timestamp": "2025-11-13T12:50:44.790Z",
  "method": "GET",
  "url": "/api/clients",
  "statusCode": 200,
  "responseTime": "9ms",
  "userId": "690c4c43be8f36eb0f3c17b9"
}
[2025-11-13T12:50:44.794Z] [INFO] {
  "timestamp": "2025-11-13T12:50:44.794Z",
  "method": "GET",
  "url": "/api/clients",
  "ip": "::1",
  "userId": "anonymous",
  "userAgent": "Mozilla/5.0 (Windows NT 10.0; Win64; x64) AppleWebKit/537.36 (KHTML, like Gecko) Chrome/142.0.0.0 Safari/537.36"
}
[2025-11-13T12:50:44.806Z] [INFO] {
  "timestamp": "2025-11-13T12:50:44.806Z",
  "method": "GET",
  "url": "/api/clients",
  "statusCode": 200,
  "responseTime": "12ms",
  "userId": "690c4c43be8f36eb0f3c17b9"
}
[2025-11-13T12:50:45.126Z] [INFO] {
  "timestamp": "2025-11-13T12:50:45.126Z",
  "method": "GET",
  "url": "/favicon.ico",
  "ip": "127.0.0.1",
  "userId": "anonymous",
  "userAgent": "Mozilla/5.0 (Windows NT 10.0; Win64; x64) AppleWebKit/537.36 (KHTML, like Gecko) Chrome/142.0.0.0 Safari/537.36"
}
[2025-11-13T12:50:45.127Z] [INFO] {
  "timestamp": "2025-11-13T12:50:45.127Z",
  "method": "GET",
  "url": "/favicon.ico",
  "statusCode": 200,
  "responseTime": "1ms",
  "userId": "anonymous"
}
[2025-11-13T12:50:46.151Z] [INFO] {
  "timestamp": "2025-11-13T12:50:46.151Z",
  "method": "GET",
  "url": "/api/clients",
  "ip": "::1",
  "userId": "anonymous",
  "userAgent": "Mozilla/5.0 (Windows NT 10.0; Win64; x64) AppleWebKit/537.36 (KHTML, like Gecko) Chrome/142.0.0.0 Safari/537.36"
}
[2025-11-13T12:50:46.161Z] [INFO] {
  "timestamp": "2025-11-13T12:50:46.161Z",
  "method": "GET",
  "url": "/api/configuration-versions/current",
  "ip": "::1",
  "userId": "anonymous",
  "userAgent": "Mozilla/5.0 (Windows NT 10.0; Win64; x64) AppleWebKit/537.36 (KHTML, like Gecko) Chrome/142.0.0.0 Safari/537.36"
}
[2025-11-13T12:50:46.172Z] [INFO] {
  "timestamp": "2025-11-13T12:50:46.172Z",
  "method": "GET",
  "url": "/api/associates",
  "ip": "::1",
  "userId": "anonymous",
  "userAgent": "Mozilla/5.0 (Windows NT 10.0; Win64; x64) AppleWebKit/537.36 (KHTML, like Gecko) Chrome/142.0.0.0 Safari/537.36"
}
[2025-11-13T12:50:46.192Z] [INFO] {
  "timestamp": "2025-11-13T12:50:46.192Z",
  "method": "GET",
  "url": "/favicon.ico",
  "ip": "127.0.0.1",
  "userId": "anonymous",
  "userAgent": "Mozilla/5.0 (Windows NT 10.0; Win64; x64) AppleWebKit/537.36 (KHTML, like Gecko) Chrome/142.0.0.0 Safari/537.36"
}
[2025-11-13T12:50:46.193Z] [INFO] {
  "timestamp": "2025-11-13T12:50:46.193Z",
  "method": "GET",
  "url": "/favicon.ico",
  "statusCode": 200,
  "responseTime": "1ms",
  "userId": "anonymous"
}
[2025-11-13T12:50:46.195Z] [INFO] {
  "timestamp": "2025-11-13T12:50:46.195Z",
  "method": "GET",
  "url": "/api/finance/projects?search=&status=all&year=2025",
  "ip": "::1",
  "userId": "anonymous",
  "userAgent": "Mozilla/5.0 (Windows NT 10.0; Win64; x64) AppleWebKit/537.36 (KHTML, like Gecko) Chrome/142.0.0.0 Safari/537.36"
}
[2025-11-13T12:50:46.205Z] [INFO] {
  "timestamp": "2025-11-13T12:50:46.205Z",
  "method": "GET",
  "url": "/api/finance/stats?year=2025",
  "ip": "::1",
  "userId": "anonymous",
  "userAgent": "Mozilla/5.0 (Windows NT 10.0; Win64; x64) AppleWebKit/537.36 (KHTML, like Gecko) Chrome/142.0.0.0 Safari/537.36"
}
[2025-11-13T12:50:46.221Z] [INFO] {
  "timestamp": "2025-11-13T12:50:46.221Z",
  "method": "GET",
  "url": "/api/clients",
  "statusCode": 200,
  "responseTime": "70ms",
  "userId": "690c4c43be8f36eb0f3c17b9"
}
[2025-11-13T12:50:46.229Z] [INFO] {
  "timestamp": "2025-11-13T12:50:46.229Z",
  "method": "GET",
  "url": "/api/clients",
  "ip": "::1",
  "userId": "anonymous",
  "userAgent": "Mozilla/5.0 (Windows NT 10.0; Win64; x64) AppleWebKit/537.36 (KHTML, like Gecko) Chrome/142.0.0.0 Safari/537.36"
}
[2025-11-13T12:50:46.239Z] [INFO] {
  "timestamp": "2025-11-13T12:50:46.239Z",
  "method": "GET",
  "url": "/api/associates",
  "statusCode": 200,
  "responseTime": "67ms",
  "userId": "690c4c43be8f36eb0f3c17b9"
}
[2025-11-13T12:50:46.246Z] [INFO] {
  "timestamp": "2025-11-13T12:50:46.246Z",
  "method": "GET",
  "url": "/api/configuration-versions/current",
  "statusCode": 200,
  "responseTime": "85ms",
  "userId": "690c4c43be8f36eb0f3c17b9"
}
[2025-11-13T12:50:46.250Z] [INFO] {
  "timestamp": "2025-11-13T12:50:46.250Z",
  "method": "GET",
  "url": "/api/associates",
  "ip": "::1",
  "userId": "anonymous",
  "userAgent": "Mozilla/5.0 (Windows NT 10.0; Win64; x64) AppleWebKit/537.36 (KHTML, like Gecko) Chrome/142.0.0.0 Safari/537.36"
}
[2025-11-13T12:50:46.259Z] [INFO] {
  "timestamp": "2025-11-13T12:50:46.259Z",
  "method": "GET",
  "url": "/api/configuration-versions/current",
  "ip": "::1",
  "userId": "anonymous",
  "userAgent": "Mozilla/5.0 (Windows NT 10.0; Win64; x64) AppleWebKit/537.36 (KHTML, like Gecko) Chrome/142.0.0.0 Safari/537.36"
}
[2025-11-13T12:50:46.272Z] [INFO] {
  "timestamp": "2025-11-13T12:50:46.272Z",
  "method": "GET",
  "url": "/api/clients",
  "statusCode": 200,
  "responseTime": "43ms",
  "userId": "690c4c43be8f36eb0f3c17b9"
}
[2025-11-13T12:50:46.278Z] [INFO] {
  "timestamp": "2025-11-13T12:50:46.278Z",
  "method": "GET",
  "url": "/api/finance/projects?search=&status=all&year=2025",
  "statusCode": 200,
  "responseTime": "83ms",
  "userId": "690c4c43be8f36eb0f3c17b9"
}
[2025-11-13T12:50:46.295Z] [INFO] {
  "timestamp": "2025-11-13T12:50:46.295Z",
  "method": "GET",
  "url": "/api/associates",
  "statusCode": 200,
  "responseTime": "45ms",
  "userId": "690c4c43be8f36eb0f3c17b9"
}
[2025-11-13T12:50:46.305Z] [INFO] {
  "timestamp": "2025-11-13T12:50:46.305Z",
  "method": "GET",
  "url": "/api/finance/projects?search=&status=all&year=2025",
  "ip": "::1",
  "userId": "anonymous",
  "userAgent": "Mozilla/5.0 (Windows NT 10.0; Win64; x64) AppleWebKit/537.36 (KHTML, like Gecko) Chrome/142.0.0.0 Safari/537.36"
}
[2025-11-13T12:50:46.310Z] [INFO] {
  "timestamp": "2025-11-13T12:50:46.310Z",
  "method": "GET",
  "url": "/api/configuration-versions/current",
  "statusCode": 200,
  "responseTime": "51ms",
  "userId": "690c4c43be8f36eb0f3c17b9"
}
[2025-11-13T12:50:46.315Z] [INFO] {
  "timestamp": "2025-11-13T12:50:46.315Z",
  "method": "GET",
  "url": "/api/finance/stats?year=2025",
  "statusCode": 200,
  "responseTime": "110ms",
  "userId": "690c4c43be8f36eb0f3c17b9"
}
[2025-11-13T12:50:46.324Z] [INFO] {
  "timestamp": "2025-11-13T12:50:46.324Z",
  "method": "GET",
  "url": "/api/finance/stats?year=2025",
  "ip": "::1",
  "userId": "anonymous",
  "userAgent": "Mozilla/5.0 (Windows NT 10.0; Win64; x64) AppleWebKit/537.36 (KHTML, like Gecko) Chrome/142.0.0.0 Safari/537.36"
}
[2025-11-13T12:50:46.343Z] [INFO] {
  "timestamp": "2025-11-13T12:50:46.343Z",
  "method": "GET",
  "url": "/api/finance/projects?search=&status=all&year=2025",
  "statusCode": 200,
  "responseTime": "38ms",
  "userId": "690c4c43be8f36eb0f3c17b9"
}
[2025-11-13T12:50:46.363Z] [INFO] {
  "timestamp": "2025-11-13T12:50:46.363Z",
  "method": "GET",
  "url": "/api/finance/stats?year=2025",
  "statusCode": 200,
  "responseTime": "39ms",
  "userId": "690c4c43be8f36eb0f3c17b9"
}
[2025-11-13T12:50:48.295Z] [INFO] {
  "timestamp": "2025-11-13T12:50:48.295Z",
  "method": "GET",
  "url": "/api/associates",
  "ip": "::1",
  "userId": "anonymous",
  "userAgent": "Mozilla/5.0 (Windows NT 10.0; Win64; x64) AppleWebKit/537.36 (KHTML, like Gecko) Chrome/142.0.0.0 Safari/537.36"
}
[2025-11-13T12:50:48.306Z] [INFO] {
  "timestamp": "2025-11-13T12:50:48.306Z",
  "method": "GET",
  "url": "/api/associates",
  "statusCode": 200,
  "responseTime": "11ms",
  "userId": "690c4c43be8f36eb0f3c17b9"
}
[2025-11-13T12:50:48.310Z] [INFO] {
  "timestamp": "2025-11-13T12:50:48.310Z",
  "method": "GET",
  "url": "/api/associates",
  "ip": "::1",
  "userId": "anonymous",
  "userAgent": "Mozilla/5.0 (Windows NT 10.0; Win64; x64) AppleWebKit/537.36 (KHTML, like Gecko) Chrome/142.0.0.0 Safari/537.36"
}
[2025-11-13T12:50:48.322Z] [INFO] {
  "timestamp": "2025-11-13T12:50:48.322Z",
  "method": "GET",
  "url": "/api/associates",
  "statusCode": 200,
  "responseTime": "12ms",
  "userId": "690c4c43be8f36eb0f3c17b9"
}
[2025-11-13T12:52:23.184Z] [INFO] {
  "timestamp": "2025-11-13T12:52:23.184Z",
  "method": "POST",
  "url": "/api/finance/projects",
  "ip": "::1",
  "userId": "anonymous",
  "userAgent": "Mozilla/5.0 (Windows NT 10.0; Win64; x64) AppleWebKit/537.36 (KHTML, like Gecko) Chrome/142.0.0.0 Safari/537.36"
}
[2025-11-13T12:52:23.214Z] [INFO] {
  "timestamp": "2025-11-13T12:52:23.213Z",
  "method": "POST",
  "url": "/api/finance/projects",
  "statusCode": 200,
  "responseTime": "29ms",
  "userId": "690c4c43be8f36eb0f3c17b9"
}
[2025-11-13T12:52:23.228Z] [INFO] {
  "timestamp": "2025-11-13T12:52:23.228Z",
  "method": "GET",
  "url": "/api/finance/projects?search=&status=all&year=2025",
  "ip": "::1",
  "userId": "anonymous",
  "userAgent": "Mozilla/5.0 (Windows NT 10.0; Win64; x64) AppleWebKit/537.36 (KHTML, like Gecko) Chrome/142.0.0.0 Safari/537.36"
}
[2025-11-13T12:52:23.232Z] [INFO] {
  "timestamp": "2025-11-13T12:52:23.232Z",
  "method": "GET",
  "url": "/api/finance/stats?year=2025",
  "ip": "::1",
  "userId": "anonymous",
  "userAgent": "Mozilla/5.0 (Windows NT 10.0; Win64; x64) AppleWebKit/537.36 (KHTML, like Gecko) Chrome/142.0.0.0 Safari/537.36"
}
[2025-11-13T12:52:23.261Z] [INFO] {
  "timestamp": "2025-11-13T12:52:23.261Z",
  "method": "GET",
  "url": "/api/finance/projects?search=&status=all&year=2025",
  "statusCode": 200,
  "responseTime": "33ms",
  "userId": "690c4c43be8f36eb0f3c17b9"
}
[2025-11-13T12:52:23.275Z] [INFO] {
  "timestamp": "2025-11-13T12:52:23.275Z",
  "method": "GET",
  "url": "/api/finance/stats?year=2025",
  "statusCode": 200,
  "responseTime": "43ms",
  "userId": "690c4c43be8f36eb0f3c17b9"
}
[2025-11-13T12:53:38.828Z] [INFO] {
  "timestamp": "2025-11-13T12:53:38.828Z",
  "method": "GET",
  "url": "/api/clients",
  "ip": "::1",
  "userId": "anonymous",
  "userAgent": "Mozilla/5.0 (Windows NT 10.0; Win64; x64) AppleWebKit/537.36 (KHTML, like Gecko) Chrome/142.0.0.0 Safari/537.36"
}
[2025-11-13T12:53:38.838Z] [INFO] {
  "timestamp": "2025-11-13T12:53:38.838Z",
  "method": "GET",
  "url": "/api/clients",
  "statusCode": 200,
  "responseTime": "10ms",
  "userId": "690c4c43be8f36eb0f3c17b9"
}
[2025-11-13T12:53:38.843Z] [INFO] {
  "timestamp": "2025-11-13T12:53:38.843Z",
  "method": "GET",
  "url": "/api/clients",
  "ip": "::1",
  "userId": "anonymous",
  "userAgent": "Mozilla/5.0 (Windows NT 10.0; Win64; x64) AppleWebKit/537.36 (KHTML, like Gecko) Chrome/142.0.0.0 Safari/537.36"
}
[2025-11-13T12:53:38.852Z] [INFO] {
  "timestamp": "2025-11-13T12:53:38.852Z",
  "method": "GET",
  "url": "/api/clients",
  "statusCode": 200,
  "responseTime": "9ms",
  "userId": "690c4c43be8f36eb0f3c17b9"
}
[2025-11-13T12:53:39.127Z] [INFO] {
  "timestamp": "2025-11-13T12:53:39.127Z",
  "method": "GET",
  "url": "/favicon.ico",
  "ip": "127.0.0.1",
  "userId": "anonymous",
  "userAgent": "Mozilla/5.0 (Windows NT 10.0; Win64; x64) AppleWebKit/537.36 (KHTML, like Gecko) Chrome/142.0.0.0 Safari/537.36"
}
[2025-11-13T12:53:39.127Z] [INFO] {
  "timestamp": "2025-11-13T12:53:39.127Z",
  "method": "GET",
  "url": "/favicon.ico",
  "statusCode": 200,
  "responseTime": "0ms",
  "userId": "anonymous"
}
[2025-11-13T12:53:40.634Z] [INFO] {
  "timestamp": "2025-11-13T12:53:40.634Z",
  "method": "GET",
  "url": "/api/associates",
  "ip": "::1",
  "userId": "anonymous",
  "userAgent": "Mozilla/5.0 (Windows NT 10.0; Win64; x64) AppleWebKit/537.36 (KHTML, like Gecko) Chrome/142.0.0.0 Safari/537.36"
}
[2025-11-13T12:53:40.640Z] [INFO] {
  "timestamp": "2025-11-13T12:53:40.639Z",
  "method": "GET",
  "url": "/favicon.ico",
  "ip": "127.0.0.1",
  "userId": "anonymous",
  "userAgent": "Mozilla/5.0 (Windows NT 10.0; Win64; x64) AppleWebKit/537.36 (KHTML, like Gecko) Chrome/142.0.0.0 Safari/537.36"
}
[2025-11-13T12:53:40.645Z] [INFO] {
  "timestamp": "2025-11-13T12:53:40.645Z",
  "method": "GET",
  "url": "/favicon.ico",
  "statusCode": 200,
  "responseTime": "6ms",
  "userId": "anonymous"
}
[2025-11-13T12:53:40.662Z] [INFO] {
  "timestamp": "2025-11-13T12:53:40.662Z",
  "method": "GET",
  "url": "/api/associates",
  "statusCode": 200,
  "responseTime": "28ms",
  "userId": "690c4c43be8f36eb0f3c17b9"
}
[2025-11-13T12:53:40.672Z] [INFO] {
  "timestamp": "2025-11-13T12:53:40.672Z",
  "method": "GET",
  "url": "/api/associates",
  "ip": "::1",
  "userId": "anonymous",
  "userAgent": "Mozilla/5.0 (Windows NT 10.0; Win64; x64) AppleWebKit/537.36 (KHTML, like Gecko) Chrome/142.0.0.0 Safari/537.36"
}
[2025-11-13T12:53:40.682Z] [INFO] {
  "timestamp": "2025-11-13T12:53:40.682Z",
  "method": "GET",
  "url": "/api/associates",
  "statusCode": 200,
  "responseTime": "10ms",
  "userId": "690c4c43be8f36eb0f3c17b9"
}
[2025-11-13T12:53:42.553Z] [INFO] {
  "timestamp": "2025-11-13T12:53:42.553Z",
  "method": "GET",
  "url": "/api/finance/projects/associate/6915ac6cef39f6566a85fa4f",
  "ip": "::1",
  "userId": "anonymous",
  "userAgent": "Mozilla/5.0 (Windows NT 10.0; Win64; x64) AppleWebKit/537.36 (KHTML, like Gecko) Chrome/142.0.0.0 Safari/537.36"
}
[2025-11-13T12:53:42.574Z] [INFO] {
  "timestamp": "2025-11-13T12:53:42.574Z",
  "method": "GET",
  "url": "/api/finance/projects/associate/6915ac6cef39f6566a85fa4f",
  "statusCode": 200,
  "responseTime": "21ms",
  "userId": "690c4c43be8f36eb0f3c17b9"
}
[2025-11-13T12:53:42.582Z] [INFO] {
  "timestamp": "2025-11-13T12:53:42.582Z",
  "method": "GET",
  "url": "/api/finance/projects/associate/6915ac6cef39f6566a85fa4f",
  "ip": "::1",
  "userId": "anonymous",
  "userAgent": "Mozilla/5.0 (Windows NT 10.0; Win64; x64) AppleWebKit/537.36 (KHTML, like Gecko) Chrome/142.0.0.0 Safari/537.36"
}
[2025-11-13T12:53:42.601Z] [INFO] {
  "timestamp": "2025-11-13T12:53:42.601Z",
  "method": "GET",
  "url": "/api/finance/projects/associate/6915ac6cef39f6566a85fa4f",
  "statusCode": 200,
  "responseTime": "19ms",
  "userId": "690c4c43be8f36eb0f3c17b9"
}
[2025-11-13T12:53:42.860Z] [INFO] {
  "timestamp": "2025-11-13T12:53:42.860Z",
  "method": "GET",
  "url": "/favicon.ico",
  "ip": "127.0.0.1",
  "userId": "anonymous",
  "userAgent": "Mozilla/5.0 (Windows NT 10.0; Win64; x64) AppleWebKit/537.36 (KHTML, like Gecko) Chrome/142.0.0.0 Safari/537.36"
}
[2025-11-13T12:53:42.861Z] [INFO] {
  "timestamp": "2025-11-13T12:53:42.861Z",
  "method": "GET",
  "url": "/favicon.ico",
  "statusCode": 200,
  "responseTime": "1ms",
  "userId": "anonymous"
}
[2025-11-13T12:54:03.375Z] [INFO] {
  "timestamp": "2025-11-13T12:54:03.375Z",
  "method": "GET",
  "url": "/api/configuration-versions/current",
  "ip": "::1",
  "userId": "anonymous",
  "userAgent": "Mozilla/5.0 (Windows NT 10.0; Win64; x64) AppleWebKit/537.36 (KHTML, like Gecko) Chrome/142.0.0.0 Safari/537.36"
}
[2025-11-13T12:54:03.378Z] [INFO] {
  "timestamp": "2025-11-13T12:54:03.378Z",
  "method": "GET",
  "url": "/api/clients",
  "ip": "::1",
  "userId": "anonymous",
  "userAgent": "Mozilla/5.0 (Windows NT 10.0; Win64; x64) AppleWebKit/537.36 (KHTML, like Gecko) Chrome/142.0.0.0 Safari/537.36"
}
[2025-11-13T12:54:03.387Z] [INFO] {
  "timestamp": "2025-11-13T12:54:03.387Z",
  "method": "GET",
  "url": "/api/associates",
  "ip": "::1",
  "userId": "anonymous",
  "userAgent": "Mozilla/5.0 (Windows NT 10.0; Win64; x64) AppleWebKit/537.36 (KHTML, like Gecko) Chrome/142.0.0.0 Safari/537.36"
}
[2025-11-13T12:54:03.408Z] [INFO] {
  "timestamp": "2025-11-13T12:54:03.408Z",
  "method": "GET",
  "url": "/favicon.ico",
  "ip": "127.0.0.1",
  "userId": "anonymous",
  "userAgent": "Mozilla/5.0 (Windows NT 10.0; Win64; x64) AppleWebKit/537.36 (KHTML, like Gecko) Chrome/142.0.0.0 Safari/537.36"
}
[2025-11-13T12:54:03.415Z] [INFO] {
  "timestamp": "2025-11-13T12:54:03.415Z",
  "method": "GET",
  "url": "/favicon.ico",
  "statusCode": 200,
  "responseTime": "7ms",
  "userId": "anonymous"
}
[2025-11-13T12:54:03.428Z] [INFO] {
  "timestamp": "2025-11-13T12:54:03.428Z",
  "method": "GET",
  "url": "/api/finance/projects?search=&status=all&year=2025",
  "ip": "::1",
  "userId": "anonymous",
  "userAgent": "Mozilla/5.0 (Windows NT 10.0; Win64; x64) AppleWebKit/537.36 (KHTML, like Gecko) Chrome/142.0.0.0 Safari/537.36"
}
[2025-11-13T12:54:03.431Z] [INFO] {
  "timestamp": "2025-11-13T12:54:03.431Z",
  "method": "GET",
  "url": "/api/finance/stats?year=2025",
  "ip": "::1",
  "userId": "anonymous",
  "userAgent": "Mozilla/5.0 (Windows NT 10.0; Win64; x64) AppleWebKit/537.36 (KHTML, like Gecko) Chrome/142.0.0.0 Safari/537.36"
}
[2025-11-13T12:54:03.434Z] [INFO] {
  "timestamp": "2025-11-13T12:54:03.434Z",
  "method": "GET",
  "url": "/api/clients",
  "statusCode": 200,
  "responseTime": "56ms",
  "userId": "690c4c43be8f36eb0f3c17b9"
}
[2025-11-13T12:54:03.445Z] [INFO] {
  "timestamp": "2025-11-13T12:54:03.445Z",
  "method": "GET",
  "url": "/api/clients",
  "ip": "::1",
  "userId": "anonymous",
  "userAgent": "Mozilla/5.0 (Windows NT 10.0; Win64; x64) AppleWebKit/537.36 (KHTML, like Gecko) Chrome/142.0.0.0 Safari/537.36"
}
[2025-11-13T12:54:03.448Z] [INFO] {
  "timestamp": "2025-11-13T12:54:03.448Z",
  "method": "GET",
  "url": "/api/associates",
  "statusCode": 200,
  "responseTime": "61ms",
  "userId": "690c4c43be8f36eb0f3c17b9"
}
[2025-11-13T12:54:03.459Z] [INFO] {
  "timestamp": "2025-11-13T12:54:03.459Z",
  "method": "GET",
  "url": "/api/configuration-versions/current",
  "statusCode": 200,
  "responseTime": "84ms",
  "userId": "690c4c43be8f36eb0f3c17b9"
}
[2025-11-13T12:54:03.463Z] [INFO] {
  "timestamp": "2025-11-13T12:54:03.463Z",
  "method": "GET",
  "url": "/api/associates",
  "ip": "::1",
  "userId": "anonymous",
  "userAgent": "Mozilla/5.0 (Windows NT 10.0; Win64; x64) AppleWebKit/537.36 (KHTML, like Gecko) Chrome/142.0.0.0 Safari/537.36"
}
[2025-11-13T12:54:03.471Z] [INFO] {
  "timestamp": "2025-11-13T12:54:03.471Z",
  "method": "GET",
  "url": "/api/configuration-versions/current",
  "ip": "::1",
  "userId": "anonymous",
  "userAgent": "Mozilla/5.0 (Windows NT 10.0; Win64; x64) AppleWebKit/537.36 (KHTML, like Gecko) Chrome/142.0.0.0 Safari/537.36"
}
[2025-11-13T12:54:03.482Z] [INFO] {
  "timestamp": "2025-11-13T12:54:03.482Z",
  "method": "GET",
  "url": "/api/clients",
  "statusCode": 200,
  "responseTime": "37ms",
  "userId": "690c4c43be8f36eb0f3c17b9"
}
[2025-11-13T12:54:03.508Z] [INFO] {
  "timestamp": "2025-11-13T12:54:03.508Z",
  "method": "GET",
  "url": "/api/finance/projects?search=&status=all&year=2025",
  "statusCode": 200,
  "responseTime": "80ms",
  "userId": "690c4c43be8f36eb0f3c17b9"
}
[2025-11-13T12:54:03.513Z] [INFO] {
  "timestamp": "2025-11-13T12:54:03.513Z",
  "method": "GET",
  "url": "/api/associates",
  "statusCode": 200,
  "responseTime": "50ms",
  "userId": "690c4c43be8f36eb0f3c17b9"
}
[2025-11-13T12:54:03.525Z] [INFO] {
  "timestamp": "2025-11-13T12:54:03.525Z",
  "method": "GET",
  "url": "/api/configuration-versions/current",
  "statusCode": 200,
  "responseTime": "54ms",
  "userId": "690c4c43be8f36eb0f3c17b9"
}
[2025-11-13T12:54:03.528Z] [INFO] {
  "timestamp": "2025-11-13T12:54:03.528Z",
  "method": "GET",
  "url": "/api/finance/projects?search=&status=all&year=2025",
  "ip": "::1",
  "userId": "anonymous",
  "userAgent": "Mozilla/5.0 (Windows NT 10.0; Win64; x64) AppleWebKit/537.36 (KHTML, like Gecko) Chrome/142.0.0.0 Safari/537.36"
}
[2025-11-13T12:54:03.532Z] [INFO] {
  "timestamp": "2025-11-13T12:54:03.532Z",
  "method": "GET",
  "url": "/api/finance/stats?year=2025",
  "statusCode": 200,
  "responseTime": "101ms",
  "userId": "690c4c43be8f36eb0f3c17b9"
}
[2025-11-13T12:54:03.540Z] [INFO] {
  "timestamp": "2025-11-13T12:54:03.540Z",
  "method": "GET",
  "url": "/api/finance/stats?year=2025",
  "ip": "::1",
  "userId": "anonymous",
  "userAgent": "Mozilla/5.0 (Windows NT 10.0; Win64; x64) AppleWebKit/537.36 (KHTML, like Gecko) Chrome/142.0.0.0 Safari/537.36"
}
[2025-11-13T12:54:03.559Z] [INFO] {
  "timestamp": "2025-11-13T12:54:03.559Z",
  "method": "GET",
  "url": "/api/finance/projects?search=&status=all&year=2025",
  "statusCode": 200,
  "responseTime": "30ms",
  "userId": "690c4c43be8f36eb0f3c17b9"
}
[2025-11-13T12:54:03.580Z] [INFO] {
  "timestamp": "2025-11-13T12:54:03.580Z",
  "method": "GET",
  "url": "/api/finance/stats?year=2025",
  "statusCode": 200,
  "responseTime": "40ms",
  "userId": "690c4c43be8f36eb0f3c17b9"
}
[2025-11-13T12:55:43.761Z] [INFO] {
  "timestamp": "2025-11-13T12:55:43.761Z",
  "method": "GET",
  "url": "/api/associates",
  "ip": "::1",
  "userId": "anonymous",
  "userAgent": "Mozilla/5.0 (Windows NT 10.0; Win64; x64) AppleWebKit/537.36 (KHTML, like Gecko) Chrome/142.0.0.0 Safari/537.36"
}
[2025-11-13T12:55:43.765Z] [INFO] {
  "timestamp": "2025-11-13T12:55:43.765Z",
  "method": "GET",
  "url": "/api/configuration-versions/current",
  "ip": "::1",
  "userId": "anonymous",
  "userAgent": "Mozilla/5.0 (Windows NT 10.0; Win64; x64) AppleWebKit/537.36 (KHTML, like Gecko) Chrome/142.0.0.0 Safari/537.36"
}
[2025-11-13T12:55:43.770Z] [INFO] {
  "timestamp": "2025-11-13T12:55:43.770Z",
  "method": "GET",
  "url": "/api/clients",
  "ip": "::1",
  "userId": "anonymous",
  "userAgent": "Mozilla/5.0 (Windows NT 10.0; Win64; x64) AppleWebKit/537.36 (KHTML, like Gecko) Chrome/142.0.0.0 Safari/537.36"
}
[2025-11-13T12:55:43.794Z] [INFO] {
  "timestamp": "2025-11-13T12:55:43.794Z",
  "method": "GET",
  "url": "/api/clients",
  "statusCode": 200,
  "responseTime": "24ms",
  "userId": "690c4c43be8f36eb0f3c17b9"
}
[2025-11-13T12:55:43.799Z] [INFO] {
  "timestamp": "2025-11-13T12:55:43.799Z",
  "method": "GET",
  "url": "/api/associates",
  "statusCode": 200,
  "responseTime": "38ms",
  "userId": "690c4c43be8f36eb0f3c17b9"
}
[2025-11-13T12:55:43.806Z] [INFO] {
  "timestamp": "2025-11-13T12:55:43.806Z",
  "method": "GET",
  "url": "/api/finance/projects?search=&status=all&year=2025",
  "ip": "::1",
  "userId": "anonymous",
  "userAgent": "Mozilla/5.0 (Windows NT 10.0; Win64; x64) AppleWebKit/537.36 (KHTML, like Gecko) Chrome/142.0.0.0 Safari/537.36"
}
[2025-11-13T12:55:43.812Z] [INFO] {
  "timestamp": "2025-11-13T12:55:43.812Z",
  "method": "GET",
  "url": "/api/finance/stats?year=2025",
  "ip": "::1",
  "userId": "anonymous",
  "userAgent": "Mozilla/5.0 (Windows NT 10.0; Win64; x64) AppleWebKit/537.36 (KHTML, like Gecko) Chrome/142.0.0.0 Safari/537.36"
}
[2025-11-13T12:55:43.818Z] [INFO] {
  "timestamp": "2025-11-13T12:55:43.818Z",
  "method": "GET",
  "url": "/api/configuration-versions/current",
  "statusCode": 200,
  "responseTime": "53ms",
  "userId": "690c4c43be8f36eb0f3c17b9"
}
[2025-11-13T12:55:43.855Z] [INFO] {
  "timestamp": "2025-11-13T12:55:43.855Z",
  "method": "GET",
  "url": "/api/finance/projects?search=&status=all&year=2025",
  "statusCode": 200,
  "responseTime": "49ms",
  "userId": "690c4c43be8f36eb0f3c17b9"
}
[2025-11-13T12:55:43.886Z] [INFO] {
  "timestamp": "2025-11-13T12:55:43.886Z",
  "method": "GET",
  "url": "/api/finance/stats?year=2025",
  "statusCode": 200,
  "responseTime": "74ms",
  "userId": "690c4c43be8f36eb0f3c17b9"
}
[2025-11-13T12:56:11.945Z] [INFO] {
  "timestamp": "2025-11-13T12:56:11.945Z",
  "method": "GET",
  "url": "/favicon.ico",
  "ip": "127.0.0.1",
  "userId": "anonymous",
  "userAgent": "Mozilla/5.0 (Windows NT 10.0; Win64; x64) AppleWebKit/537.36 (KHTML, like Gecko) Chrome/142.0.0.0 Safari/537.36"
}
[2025-11-13T12:56:11.946Z] [INFO] {
  "timestamp": "2025-11-13T12:56:11.946Z",
  "method": "GET",
  "url": "/favicon.ico",
  "statusCode": 200,
  "responseTime": "1ms",
  "userId": "anonymous"
}
[2025-11-13T12:56:11.950Z] [INFO] {
  "timestamp": "2025-11-13T12:56:11.950Z",
  "method": "GET",
  "url": "/api/clients",
  "ip": "::1",
  "userId": "anonymous",
  "userAgent": "Mozilla/5.0 (Windows NT 10.0; Win64; x64) AppleWebKit/537.36 (KHTML, like Gecko) Chrome/142.0.0.0 Safari/537.36"
}
[2025-11-13T12:56:11.961Z] [INFO] {
  "timestamp": "2025-11-13T12:56:11.961Z",
  "method": "GET",
  "url": "/api/clients",
  "statusCode": 200,
  "responseTime": "11ms",
  "userId": "690c4c43be8f36eb0f3c17b9"
}
[2025-11-13T12:56:11.967Z] [INFO] {
  "timestamp": "2025-11-13T12:56:11.967Z",
  "method": "GET",
  "url": "/api/clients",
  "ip": "::1",
  "userId": "anonymous",
  "userAgent": "Mozilla/5.0 (Windows NT 10.0; Win64; x64) AppleWebKit/537.36 (KHTML, like Gecko) Chrome/142.0.0.0 Safari/537.36"
}
[2025-11-13T12:56:11.981Z] [INFO] {
  "timestamp": "2025-11-13T12:56:11.981Z",
  "method": "GET",
  "url": "/api/clients",
  "statusCode": 200,
  "responseTime": "14ms",
  "userId": "690c4c43be8f36eb0f3c17b9"
}
[2025-11-13T12:56:13.729Z] [INFO] {
  "timestamp": "2025-11-13T12:56:13.729Z",
  "method": "GET",
  "url": "/api/finance/clients/6914ae63df5def56065fa5e0/projects",
  "ip": "::1",
  "userId": "anonymous",
  "userAgent": "Mozilla/5.0 (Windows NT 10.0; Win64; x64) AppleWebKit/537.36 (KHTML, like Gecko) Chrome/142.0.0.0 Safari/537.36"
}
[2025-11-13T12:56:13.752Z] [INFO] {
  "timestamp": "2025-11-13T12:56:13.752Z",
  "method": "GET",
  "url": "/api/finance/clients/6914ae63df5def56065fa5e0/projects",
  "statusCode": 200,
  "responseTime": "23ms",
  "userId": "690c4c43be8f36eb0f3c17b9"
}
[2025-11-13T12:56:13.763Z] [INFO] {
  "timestamp": "2025-11-13T12:56:13.763Z",
  "method": "GET",
  "url": "/api/finance/clients/6914ae63df5def56065fa5e0/projects",
  "ip": "::1",
  "userId": "anonymous",
  "userAgent": "Mozilla/5.0 (Windows NT 10.0; Win64; x64) AppleWebKit/537.36 (KHTML, like Gecko) Chrome/142.0.0.0 Safari/537.36"
}
[2025-11-13T12:56:13.785Z] [INFO] {
  "timestamp": "2025-11-13T12:56:13.785Z",
  "method": "GET",
  "url": "/api/finance/clients/6914ae63df5def56065fa5e0/projects",
  "statusCode": 200,
  "responseTime": "22ms",
  "userId": "690c4c43be8f36eb0f3c17b9"
}
[2025-11-13T12:56:14.659Z] [INFO] {
  "timestamp": "2025-11-13T12:56:14.659Z",
  "method": "GET",
  "url": "/favicon.ico",
  "ip": "127.0.0.1",
  "userId": "anonymous",
  "userAgent": "Mozilla/5.0 (Windows NT 10.0; Win64; x64) AppleWebKit/537.36 (KHTML, like Gecko) Chrome/142.0.0.0 Safari/537.36"
}
[2025-11-13T12:56:14.660Z] [INFO] {
  "timestamp": "2025-11-13T12:56:14.660Z",
  "method": "GET",
  "url": "/favicon.ico",
  "statusCode": 200,
  "responseTime": "1ms",
  "userId": "anonymous"
}
[2025-11-13T12:57:01.729Z] [INFO] {
  "timestamp": "2025-11-13T12:57:01.729Z",
  "method": "GET",
  "url": "/api/configuration-versions/current",
  "ip": "::1",
  "userId": "anonymous",
  "userAgent": "Mozilla/5.0 (Windows NT 10.0; Win64; x64) AppleWebKit/537.36 (KHTML, like Gecko) Chrome/142.0.0.0 Safari/537.36"
}
[2025-11-13T12:57:01.741Z] [INFO] {
  "timestamp": "2025-11-13T12:57:01.741Z",
  "method": "GET",
  "url": "/api/clients",
  "ip": "::1",
  "userId": "anonymous",
  "userAgent": "Mozilla/5.0 (Windows NT 10.0; Win64; x64) AppleWebKit/537.36 (KHTML, like Gecko) Chrome/142.0.0.0 Safari/537.36"
}
[2025-11-13T12:57:01.749Z] [INFO] {
  "timestamp": "2025-11-13T12:57:01.749Z",
  "method": "GET",
  "url": "/api/associates",
  "ip": "::1",
  "userId": "anonymous",
  "userAgent": "Mozilla/5.0 (Windows NT 10.0; Win64; x64) AppleWebKit/537.36 (KHTML, like Gecko) Chrome/142.0.0.0 Safari/537.36"
}
[2025-11-13T12:57:01.767Z] [INFO] {
  "timestamp": "2025-11-13T12:57:01.767Z",
  "method": "GET",
  "url": "/api/finance/projects?search=&status=all&year=2025",
  "ip": "::1",
  "userId": "anonymous",
  "userAgent": "Mozilla/5.0 (Windows NT 10.0; Win64; x64) AppleWebKit/537.36 (KHTML, like Gecko) Chrome/142.0.0.0 Safari/537.36"
}
[2025-11-13T12:57:01.777Z] [INFO] {
  "timestamp": "2025-11-13T12:57:01.776Z",
  "method": "GET",
  "url": "/api/finance/stats?year=2025",
  "ip": "::1",
  "userId": "anonymous",
  "userAgent": "Mozilla/5.0 (Windows NT 10.0; Win64; x64) AppleWebKit/537.36 (KHTML, like Gecko) Chrome/142.0.0.0 Safari/537.36"
}
[2025-11-13T12:57:01.781Z] [INFO] {
  "timestamp": "2025-11-13T12:57:01.781Z",
  "method": "GET",
  "url": "/api/clients",
  "statusCode": 200,
  "responseTime": "40ms",
  "userId": "690c4c43be8f36eb0f3c17b9"
}
[2025-11-13T12:57:01.795Z] [INFO] {
  "timestamp": "2025-11-13T12:57:01.795Z",
  "method": "GET",
  "url": "/api/clients",
  "ip": "::1",
  "userId": "anonymous",
  "userAgent": "Mozilla/5.0 (Windows NT 10.0; Win64; x64) AppleWebKit/537.36 (KHTML, like Gecko) Chrome/142.0.0.0 Safari/537.36"
}
[2025-11-13T12:57:01.799Z] [INFO] {
  "timestamp": "2025-11-13T12:57:01.799Z",
  "method": "GET",
  "url": "/api/associates",
  "statusCode": 200,
  "responseTime": "50ms",
  "userId": "690c4c43be8f36eb0f3c17b9"
}
[2025-11-13T12:57:01.801Z] [INFO] {
  "timestamp": "2025-11-13T12:57:01.801Z",
  "method": "GET",
  "url": "/api/configuration-versions/current",
  "statusCode": 200,
  "responseTime": "72ms",
  "userId": "690c4c43be8f36eb0f3c17b9"
}
[2025-11-13T12:57:01.811Z] [INFO] {
  "timestamp": "2025-11-13T12:57:01.811Z",
  "method": "GET",
  "url": "/api/associates",
  "ip": "::1",
  "userId": "anonymous",
  "userAgent": "Mozilla/5.0 (Windows NT 10.0; Win64; x64) AppleWebKit/537.36 (KHTML, like Gecko) Chrome/142.0.0.0 Safari/537.36"
}
[2025-11-13T12:57:01.814Z] [INFO] {
  "timestamp": "2025-11-13T12:57:01.814Z",
  "method": "GET",
  "url": "/api/configuration-versions/current",
  "ip": "::1",
  "userId": "anonymous",
  "userAgent": "Mozilla/5.0 (Windows NT 10.0; Win64; x64) AppleWebKit/537.36 (KHTML, like Gecko) Chrome/142.0.0.0 Safari/537.36"
}
[2025-11-13T12:57:01.831Z] [INFO] {
  "timestamp": "2025-11-13T12:57:01.831Z",
  "method": "GET",
  "url": "/api/clients",
  "statusCode": 200,
  "responseTime": "36ms",
  "userId": "690c4c43be8f36eb0f3c17b9"
}
[2025-11-13T12:57:01.841Z] [INFO] {
  "timestamp": "2025-11-13T12:57:01.841Z",
  "method": "GET",
  "url": "/api/finance/projects?search=&status=all&year=2025",
  "statusCode": 200,
  "responseTime": "74ms",
  "userId": "690c4c43be8f36eb0f3c17b9"
}
[2025-11-13T12:57:01.847Z] [INFO] {
  "timestamp": "2025-11-13T12:57:01.847Z",
  "method": "GET",
  "url": "/api/associates",
  "statusCode": 200,
  "responseTime": "36ms",
  "userId": "690c4c43be8f36eb0f3c17b9"
}
[2025-11-13T12:57:01.855Z] [INFO] {
  "timestamp": "2025-11-13T12:57:01.855Z",
  "method": "GET",
  "url": "/api/configuration-versions/current",
  "statusCode": 200,
  "responseTime": "41ms",
  "userId": "690c4c43be8f36eb0f3c17b9"
}
[2025-11-13T12:57:01.859Z] [INFO] {
  "timestamp": "2025-11-13T12:57:01.859Z",
  "method": "GET",
  "url": "/api/finance/projects?search=&status=all&year=2025",
  "ip": "::1",
  "userId": "anonymous",
  "userAgent": "Mozilla/5.0 (Windows NT 10.0; Win64; x64) AppleWebKit/537.36 (KHTML, like Gecko) Chrome/142.0.0.0 Safari/537.36"
}
[2025-11-13T12:57:01.864Z] [INFO] {
  "timestamp": "2025-11-13T12:57:01.864Z",
  "method": "GET",
  "url": "/api/finance/stats?year=2025",
  "statusCode": 200,
  "responseTime": "88ms",
  "userId": "690c4c43be8f36eb0f3c17b9"
}
[2025-11-13T12:57:01.868Z] [INFO] {
  "timestamp": "2025-11-13T12:57:01.868Z",
  "method": "GET",
  "url": "/api/finance/stats?year=2025",
  "ip": "::1",
  "userId": "anonymous",
  "userAgent": "Mozilla/5.0 (Windows NT 10.0; Win64; x64) AppleWebKit/537.36 (KHTML, like Gecko) Chrome/142.0.0.0 Safari/537.36"
}
[2025-11-13T12:57:01.890Z] [INFO] {
  "timestamp": "2025-11-13T12:57:01.890Z",
  "method": "GET",
  "url": "/api/finance/projects?search=&status=all&year=2025",
  "statusCode": 200,
  "responseTime": "31ms",
  "userId": "690c4c43be8f36eb0f3c17b9"
}
[2025-11-13T12:57:01.908Z] [INFO] {
  "timestamp": "2025-11-13T12:57:01.908Z",
  "method": "GET",
  "url": "/api/finance/stats?year=2025",
  "statusCode": 200,
  "responseTime": "40ms",
  "userId": "690c4c43be8f36eb0f3c17b9"
}
[2025-11-13T12:57:02.067Z] [INFO] {
  "timestamp": "2025-11-13T12:57:02.067Z",
  "method": "GET",
  "url": "/favicon.ico",
  "ip": "127.0.0.1",
  "userId": "anonymous",
  "userAgent": "Mozilla/5.0 (Windows NT 10.0; Win64; x64) AppleWebKit/537.36 (KHTML, like Gecko) Chrome/142.0.0.0 Safari/537.36"
}
[2025-11-13T12:57:02.068Z] [INFO] {
  "timestamp": "2025-11-13T12:57:02.068Z",
  "method": "GET",
  "url": "/favicon.ico",
  "statusCode": 200,
  "responseTime": "1ms",
  "userId": "anonymous"
}
[2025-11-13T12:57:14.133Z] [INFO] {
  "timestamp": "2025-11-13T12:57:14.133Z",
  "method": "GET",
  "url": "/api/clients",
  "ip": "::1",
  "userId": "anonymous",
  "userAgent": "Mozilla/5.0 (Windows NT 10.0; Win64; x64) AppleWebKit/537.36 (KHTML, like Gecko) Chrome/142.0.0.0 Safari/537.36"
}
[2025-11-13T12:57:14.139Z] [INFO] {
  "timestamp": "2025-11-13T12:57:14.139Z",
  "method": "GET",
  "url": "/favicon.ico",
  "ip": "127.0.0.1",
  "userId": "anonymous",
  "userAgent": "Mozilla/5.0 (Windows NT 10.0; Win64; x64) AppleWebKit/537.36 (KHTML, like Gecko) Chrome/142.0.0.0 Safari/537.36"
}
[2025-11-13T12:57:14.146Z] [INFO] {
  "timestamp": "2025-11-13T12:57:14.146Z",
  "method": "GET",
  "url": "/favicon.ico",
  "statusCode": 200,
  "responseTime": "7ms",
  "userId": "anonymous"
}
[2025-11-13T12:57:14.161Z] [INFO] {
  "timestamp": "2025-11-13T12:57:14.160Z",
  "method": "GET",
  "url": "/api/clients",
  "statusCode": 200,
  "responseTime": "27ms",
  "userId": "690c4c43be8f36eb0f3c17b9"
}
[2025-11-13T12:57:14.170Z] [INFO] {
  "timestamp": "2025-11-13T12:57:14.170Z",
  "method": "GET",
  "url": "/api/clients",
  "ip": "::1",
  "userId": "anonymous",
  "userAgent": "Mozilla/5.0 (Windows NT 10.0; Win64; x64) AppleWebKit/537.36 (KHTML, like Gecko) Chrome/142.0.0.0 Safari/537.36"
}
[2025-11-13T12:57:14.179Z] [INFO] {
  "timestamp": "2025-11-13T12:57:14.178Z",
  "method": "GET",
  "url": "/api/clients",
  "statusCode": 200,
  "responseTime": "8ms",
  "userId": "690c4c43be8f36eb0f3c17b9"
}
[2025-11-13T12:57:15.631Z] [INFO] {
  "timestamp": "2025-11-13T12:57:15.631Z",
  "method": "GET",
  "url": "/api/finance/clients/691304ec4021687c5ca1a688/projects",
  "ip": "::1",
  "userId": "anonymous",
  "userAgent": "Mozilla/5.0 (Windows NT 10.0; Win64; x64) AppleWebKit/537.36 (KHTML, like Gecko) Chrome/142.0.0.0 Safari/537.36"
}
[2025-11-13T12:57:15.647Z] [INFO] {
  "timestamp": "2025-11-13T12:57:15.647Z",
  "method": "GET",
  "url": "/api/finance/clients/691304ec4021687c5ca1a688/projects",
  "statusCode": 200,
  "responseTime": "16ms",
  "userId": "690c4c43be8f36eb0f3c17b9"
}
[2025-11-13T12:57:15.656Z] [INFO] {
  "timestamp": "2025-11-13T12:57:15.656Z",
  "method": "GET",
  "url": "/api/finance/clients/691304ec4021687c5ca1a688/projects",
  "ip": "::1",
  "userId": "anonymous",
  "userAgent": "Mozilla/5.0 (Windows NT 10.0; Win64; x64) AppleWebKit/537.36 (KHTML, like Gecko) Chrome/142.0.0.0 Safari/537.36"
}
[2025-11-13T12:57:15.674Z] [INFO] {
  "timestamp": "2025-11-13T12:57:15.674Z",
  "method": "GET",
  "url": "/api/finance/clients/691304ec4021687c5ca1a688/projects",
  "statusCode": 200,
  "responseTime": "18ms",
  "userId": "690c4c43be8f36eb0f3c17b9"
}
[2025-11-13T12:57:15.940Z] [INFO] {
  "timestamp": "2025-11-13T12:57:15.940Z",
  "method": "GET",
  "url": "/favicon.ico",
  "ip": "127.0.0.1",
  "userId": "anonymous",
  "userAgent": "Mozilla/5.0 (Windows NT 10.0; Win64; x64) AppleWebKit/537.36 (KHTML, like Gecko) Chrome/142.0.0.0 Safari/537.36"
}
[2025-11-13T12:57:15.941Z] [INFO] {
  "timestamp": "2025-11-13T12:57:15.941Z",
  "method": "GET",
  "url": "/favicon.ico",
  "statusCode": 200,
  "responseTime": "1ms",
  "userId": "anonymous"
}
[2025-11-13T12:57:27.022Z] [INFO] {
  "timestamp": "2025-11-13T12:57:27.022Z",
  "method": "GET",
  "url": "/api/configuration-versions/current",
  "ip": "::1",
  "userId": "anonymous",
  "userAgent": "Mozilla/5.0 (Windows NT 10.0; Win64; x64) AppleWebKit/537.36 (KHTML, like Gecko) Chrome/142.0.0.0 Safari/537.36"
}
[2025-11-13T12:57:27.026Z] [INFO] {
  "timestamp": "2025-11-13T12:57:27.026Z",
  "method": "GET",
  "url": "/api/clients",
  "ip": "::1",
  "userId": "anonymous",
  "userAgent": "Mozilla/5.0 (Windows NT 10.0; Win64; x64) AppleWebKit/537.36 (KHTML, like Gecko) Chrome/142.0.0.0 Safari/537.36"
}
[2025-11-13T12:57:27.035Z] [INFO] {
  "timestamp": "2025-11-13T12:57:27.035Z",
  "method": "GET",
  "url": "/api/associates",
  "ip": "::1",
  "userId": "anonymous",
  "userAgent": "Mozilla/5.0 (Windows NT 10.0; Win64; x64) AppleWebKit/537.36 (KHTML, like Gecko) Chrome/142.0.0.0 Safari/537.36"
}
[2025-11-13T12:57:27.054Z] [INFO] {
  "timestamp": "2025-11-13T12:57:27.054Z",
  "method": "GET",
  "url": "/favicon.ico",
  "ip": "127.0.0.1",
  "userId": "anonymous",
  "userAgent": "Mozilla/5.0 (Windows NT 10.0; Win64; x64) AppleWebKit/537.36 (KHTML, like Gecko) Chrome/142.0.0.0 Safari/537.36"
}
[2025-11-13T12:57:27.060Z] [INFO] {
  "timestamp": "2025-11-13T12:57:27.060Z",
  "method": "GET",
  "url": "/favicon.ico",
  "statusCode": 200,
  "responseTime": "6ms",
  "userId": "anonymous"
}
[2025-11-13T12:57:27.071Z] [INFO] {
  "timestamp": "2025-11-13T12:57:27.071Z",
  "method": "GET",
  "url": "/api/finance/projects?search=&status=all&year=2025",
  "ip": "::1",
  "userId": "anonymous",
  "userAgent": "Mozilla/5.0 (Windows NT 10.0; Win64; x64) AppleWebKit/537.36 (KHTML, like Gecko) Chrome/142.0.0.0 Safari/537.36"
}
[2025-11-13T12:57:27.076Z] [INFO] {
  "timestamp": "2025-11-13T12:57:27.076Z",
  "method": "GET",
  "url": "/api/finance/stats?year=2025",
  "ip": "::1",
  "userId": "anonymous",
  "userAgent": "Mozilla/5.0 (Windows NT 10.0; Win64; x64) AppleWebKit/537.36 (KHTML, like Gecko) Chrome/142.0.0.0 Safari/537.36"
}
[2025-11-13T12:57:27.081Z] [INFO] {
  "timestamp": "2025-11-13T12:57:27.081Z",
  "method": "GET",
  "url": "/api/clients",
  "statusCode": 200,
  "responseTime": "55ms",
  "userId": "690c4c43be8f36eb0f3c17b9"
}
[2025-11-13T12:57:27.094Z] [INFO] {
  "timestamp": "2025-11-13T12:57:27.094Z",
  "method": "GET",
  "url": "/api/clients",
  "ip": "::1",
  "userId": "anonymous",
  "userAgent": "Mozilla/5.0 (Windows NT 10.0; Win64; x64) AppleWebKit/537.36 (KHTML, like Gecko) Chrome/142.0.0.0 Safari/537.36"
}
[2025-11-13T12:57:27.098Z] [INFO] {
  "timestamp": "2025-11-13T12:57:27.098Z",
  "method": "GET",
  "url": "/api/associates",
  "statusCode": 200,
  "responseTime": "63ms",
  "userId": "690c4c43be8f36eb0f3c17b9"
}
[2025-11-13T12:57:27.100Z] [INFO] {
  "timestamp": "2025-11-13T12:57:27.100Z",
  "method": "GET",
  "url": "/api/configuration-versions/current",
  "statusCode": 200,
  "responseTime": "78ms",
  "userId": "690c4c43be8f36eb0f3c17b9"
}
[2025-11-13T12:57:27.110Z] [INFO] {
  "timestamp": "2025-11-13T12:57:27.110Z",
  "method": "GET",
  "url": "/api/associates",
  "ip": "::1",
  "userId": "anonymous",
  "userAgent": "Mozilla/5.0 (Windows NT 10.0; Win64; x64) AppleWebKit/537.36 (KHTML, like Gecko) Chrome/142.0.0.0 Safari/537.36"
}
[2025-11-13T12:57:27.113Z] [INFO] {
  "timestamp": "2025-11-13T12:57:27.113Z",
  "method": "GET",
  "url": "/api/configuration-versions/current",
  "ip": "::1",
  "userId": "anonymous",
  "userAgent": "Mozilla/5.0 (Windows NT 10.0; Win64; x64) AppleWebKit/537.36 (KHTML, like Gecko) Chrome/142.0.0.0 Safari/537.36"
}
[2025-11-13T12:57:27.128Z] [INFO] {
  "timestamp": "2025-11-13T12:57:27.128Z",
  "method": "GET",
  "url": "/api/clients",
  "statusCode": 200,
  "responseTime": "34ms",
  "userId": "690c4c43be8f36eb0f3c17b9"
}
[2025-11-13T12:57:27.137Z] [INFO] {
  "timestamp": "2025-11-13T12:57:27.137Z",
  "method": "GET",
  "url": "/api/finance/projects?search=&status=all&year=2025",
  "statusCode": 200,
  "responseTime": "66ms",
  "userId": "690c4c43be8f36eb0f3c17b9"
}
[2025-11-13T12:57:27.144Z] [INFO] {
  "timestamp": "2025-11-13T12:57:27.144Z",
  "method": "GET",
  "url": "/api/associates",
  "statusCode": 200,
  "responseTime": "34ms",
  "userId": "690c4c43be8f36eb0f3c17b9"
}
[2025-11-13T12:57:27.152Z] [INFO] {
  "timestamp": "2025-11-13T12:57:27.152Z",
  "method": "GET",
  "url": "/api/configuration-versions/current",
  "statusCode": 200,
  "responseTime": "39ms",
  "userId": "690c4c43be8f36eb0f3c17b9"
}
[2025-11-13T12:57:27.156Z] [INFO] {
  "timestamp": "2025-11-13T12:57:27.156Z",
  "method": "GET",
  "url": "/api/finance/projects?search=&status=all&year=2025",
  "ip": "::1",
  "userId": "anonymous",
  "userAgent": "Mozilla/5.0 (Windows NT 10.0; Win64; x64) AppleWebKit/537.36 (KHTML, like Gecko) Chrome/142.0.0.0 Safari/537.36"
}
[2025-11-13T12:57:27.161Z] [INFO] {
  "timestamp": "2025-11-13T12:57:27.161Z",
  "method": "GET",
  "url": "/api/finance/stats?year=2025",
  "statusCode": 200,
  "responseTime": "85ms",
  "userId": "690c4c43be8f36eb0f3c17b9"
}
[2025-11-13T12:57:27.169Z] [INFO] {
  "timestamp": "2025-11-13T12:57:27.169Z",
  "method": "GET",
  "url": "/api/finance/stats?year=2025",
  "ip": "::1",
  "userId": "anonymous",
  "userAgent": "Mozilla/5.0 (Windows NT 10.0; Win64; x64) AppleWebKit/537.36 (KHTML, like Gecko) Chrome/142.0.0.0 Safari/537.36"
}
[2025-11-13T12:57:27.187Z] [INFO] {
  "timestamp": "2025-11-13T12:57:27.187Z",
  "method": "GET",
  "url": "/api/finance/projects?search=&status=all&year=2025",
  "statusCode": 200,
  "responseTime": "31ms",
  "userId": "690c4c43be8f36eb0f3c17b9"
}
[2025-11-13T12:57:27.207Z] [INFO] {
  "timestamp": "2025-11-13T12:57:27.207Z",
  "method": "GET",
  "url": "/api/finance/stats?year=2025",
  "statusCode": 200,
  "responseTime": "38ms",
  "userId": "690c4c43be8f36eb0f3c17b9"
}
[2025-11-13T13:00:44.766Z] [INFO] {
  "timestamp": "2025-11-13T13:00:44.766Z",
  "method": "GET",
  "url": "/api/configuration-versions/current",
  "ip": "::1",
  "userId": "anonymous",
  "userAgent": "Mozilla/5.0 (Windows NT 10.0; Win64; x64) AppleWebKit/537.36 (KHTML, like Gecko) Chrome/142.0.0.0 Safari/537.36"
}
[2025-11-13T13:00:44.771Z] [INFO] {
  "timestamp": "2025-11-13T13:00:44.771Z",
  "method": "GET",
  "url": "/api/clients",
  "ip": "::1",
  "userId": "anonymous",
  "userAgent": "Mozilla/5.0 (Windows NT 10.0; Win64; x64) AppleWebKit/537.36 (KHTML, like Gecko) Chrome/142.0.0.0 Safari/537.36"
}
[2025-11-13T13:00:44.774Z] [INFO] {
  "timestamp": "2025-11-13T13:00:44.774Z",
  "method": "GET",
  "url": "/api/associates",
  "ip": "::1",
  "userId": "anonymous",
  "userAgent": "Mozilla/5.0 (Windows NT 10.0; Win64; x64) AppleWebKit/537.36 (KHTML, like Gecko) Chrome/142.0.0.0 Safari/537.36"
}
[2025-11-13T13:00:44.779Z] [INFO] {
  "timestamp": "2025-11-13T13:00:44.779Z",
  "method": "GET",
  "url": "/api/finance/projects?search=&status=all&year=2025",
  "ip": "::1",
  "userId": "anonymous",
  "userAgent": "Mozilla/5.0 (Windows NT 10.0; Win64; x64) AppleWebKit/537.36 (KHTML, like Gecko) Chrome/142.0.0.0 Safari/537.36"
}
[2025-11-13T13:00:44.788Z] [INFO] {
  "timestamp": "2025-11-13T13:00:44.788Z",
  "method": "GET",
  "url": "/api/finance/stats?year=2025",
  "ip": "::1",
  "userId": "anonymous",
  "userAgent": "Mozilla/5.0 (Windows NT 10.0; Win64; x64) AppleWebKit/537.36 (KHTML, like Gecko) Chrome/142.0.0.0 Safari/537.36"
}
[2025-11-13T13:00:44.796Z] [INFO] {
  "timestamp": "2025-11-13T13:00:44.796Z",
  "method": "GET",
  "url": "/api/clients",
  "statusCode": 200,
  "responseTime": "25ms",
  "userId": "690c4c43be8f36eb0f3c17b9"
}
[2025-11-13T13:00:44.801Z] [INFO] {
  "timestamp": "2025-11-13T13:00:44.801Z",
  "method": "GET",
  "url": "/api/associates",
  "statusCode": 200,
  "responseTime": "27ms",
  "userId": "690c4c43be8f36eb0f3c17b9"
}
[2025-11-13T13:00:44.805Z] [INFO] {
  "timestamp": "2025-11-13T13:00:44.805Z",
  "method": "GET",
  "url": "/api/configuration-versions/current",
  "statusCode": 200,
  "responseTime": "39ms",
  "userId": "690c4c43be8f36eb0f3c17b9"
}
[2025-11-13T13:00:44.818Z] [INFO] {
  "timestamp": "2025-11-13T13:00:44.818Z",
  "method": "GET",
  "url": "/api/finance/projects?search=&status=all&year=2025",
  "statusCode": 200,
  "responseTime": "39ms",
  "userId": "690c4c43be8f36eb0f3c17b9"
}
[2025-11-13T13:00:44.835Z] [INFO] {
  "timestamp": "2025-11-13T13:00:44.835Z",
  "method": "GET",
  "url": "/api/finance/stats?year=2025",
  "statusCode": 200,
  "responseTime": "47ms",
  "userId": "690c4c43be8f36eb0f3c17b9"
}
[2025-11-13T13:01:13.886Z] [INFO] {
  "timestamp": "2025-11-13T13:01:13.886Z",
  "method": "GET",
  "url": "/api/configuration-versions/current",
  "ip": "::1",
  "userId": "anonymous",
  "userAgent": "Mozilla/5.0 (Windows NT 10.0; Win64; x64) AppleWebKit/537.36 (KHTML, like Gecko) Chrome/142.0.0.0 Safari/537.36"
}
[2025-11-13T13:01:13.891Z] [INFO] {
  "timestamp": "2025-11-13T13:01:13.891Z",
  "method": "GET",
  "url": "/api/clients",
  "ip": "::1",
  "userId": "anonymous",
  "userAgent": "Mozilla/5.0 (Windows NT 10.0; Win64; x64) AppleWebKit/537.36 (KHTML, like Gecko) Chrome/142.0.0.0 Safari/537.36"
}
[2025-11-13T13:01:13.896Z] [INFO] {
  "timestamp": "2025-11-13T13:01:13.896Z",
  "method": "GET",
  "url": "/api/associates",
  "ip": "::1",
  "userId": "anonymous",
  "userAgent": "Mozilla/5.0 (Windows NT 10.0; Win64; x64) AppleWebKit/537.36 (KHTML, like Gecko) Chrome/142.0.0.0 Safari/537.36"
}
[2025-11-13T13:01:13.901Z] [INFO] {
  "timestamp": "2025-11-13T13:01:13.901Z",
  "method": "GET",
  "url": "/api/finance/projects?search=&status=all&year=2025",
  "ip": "::1",
  "userId": "anonymous",
  "userAgent": "Mozilla/5.0 (Windows NT 10.0; Win64; x64) AppleWebKit/537.36 (KHTML, like Gecko) Chrome/142.0.0.0 Safari/537.36"
}
[2025-11-13T13:01:13.949Z] [INFO] {
  "timestamp": "2025-11-13T13:01:13.949Z",
  "method": "GET",
  "url": "/api/finance/stats?year=2025",
  "ip": "::1",
  "userId": "anonymous",
  "userAgent": "Mozilla/5.0 (Windows NT 10.0; Win64; x64) AppleWebKit/537.36 (KHTML, like Gecko) Chrome/142.0.0.0 Safari/537.36"
}
[2025-11-13T13:01:13.964Z] [INFO] {
  "timestamp": "2025-11-13T13:01:13.964Z",
  "method": "GET",
  "url": "/api/clients",
  "statusCode": 200,
  "responseTime": "73ms",
  "userId": "690c4c43be8f36eb0f3c17b9"
}
[2025-11-13T13:01:13.974Z] [INFO] {
  "timestamp": "2025-11-13T13:01:13.974Z",
  "method": "GET",
  "url": "/api/associates",
  "statusCode": 200,
  "responseTime": "78ms",
  "userId": "690c4c43be8f36eb0f3c17b9"
}
[2025-11-13T13:01:13.981Z] [INFO] {
  "timestamp": "2025-11-13T13:01:13.981Z",
  "method": "GET",
  "url": "/api/configuration-versions/current",
  "statusCode": 200,
  "responseTime": "95ms",
  "userId": "690c4c43be8f36eb0f3c17b9"
}
[2025-11-13T13:01:13.992Z] [INFO] {
  "timestamp": "2025-11-13T13:01:13.992Z",
  "method": "GET",
  "url": "/api/finance/projects?search=&status=all&year=2025",
  "statusCode": 200,
  "responseTime": "91ms",
  "userId": "690c4c43be8f36eb0f3c17b9"
}
[2025-11-13T13:01:14.011Z] [INFO] {
  "timestamp": "2025-11-13T13:01:14.011Z",
  "method": "GET",
  "url": "/api/finance/stats?year=2025",
  "statusCode": 200,
  "responseTime": "62ms",
  "userId": "690c4c43be8f36eb0f3c17b9"
}
[2025-11-13T13:01:21.291Z] [INFO] {
  "timestamp": "2025-11-13T13:01:21.291Z",
  "method": "GET",
  "url": "/api/associates",
  "ip": "::1",
  "userId": "anonymous",
  "userAgent": "Mozilla/5.0 (Windows NT 10.0; Win64; x64) AppleWebKit/537.36 (KHTML, like Gecko) Chrome/142.0.0.0 Safari/537.36"
}
[2025-11-13T13:01:21.305Z] [INFO] {
  "timestamp": "2025-11-13T13:01:21.305Z",
  "method": "GET",
  "url": "/api/associates",
  "statusCode": 200,
  "responseTime": "14ms",
  "userId": "690c4c43be8f36eb0f3c17b9"
}
[2025-11-13T13:01:21.309Z] [INFO] {
  "timestamp": "2025-11-13T13:01:21.309Z",
  "method": "GET",
  "url": "/api/associates",
  "ip": "::1",
  "userId": "anonymous",
  "userAgent": "Mozilla/5.0 (Windows NT 10.0; Win64; x64) AppleWebKit/537.36 (KHTML, like Gecko) Chrome/142.0.0.0 Safari/537.36"
}
[2025-11-13T13:01:21.320Z] [INFO] {
  "timestamp": "2025-11-13T13:01:21.320Z",
  "method": "GET",
  "url": "/api/associates",
  "statusCode": 200,
  "responseTime": "11ms",
  "userId": "690c4c43be8f36eb0f3c17b9"
}
[2025-11-13T13:05:53.514Z] [INFO] {
  "timestamp": "2025-11-13T13:05:53.514Z",
  "method": "GET",
  "url": "/api/auth/me",
  "ip": "::1",
  "userId": "anonymous",
  "userAgent": "Mozilla/5.0 (Windows NT 10.0; Win64; x64) AppleWebKit/537.36 (KHTML, like Gecko) Chrome/142.0.0.0 Safari/537.36"
}
[2025-11-13T13:05:53.521Z] [INFO] {
  "timestamp": "2025-11-13T13:05:53.520Z",
  "method": "GET",
  "url": "/api/auth/me",
  "ip": "::1",
  "userId": "anonymous",
  "userAgent": "Mozilla/5.0 (Windows NT 10.0; Win64; x64) AppleWebKit/537.36 (KHTML, like Gecko) Chrome/142.0.0.0 Safari/537.36"
}
[2025-11-13T13:05:53.532Z] [INFO] {
  "timestamp": "2025-11-13T13:05:53.532Z",
  "method": "GET",
  "url": "/favicon.ico",
  "ip": "127.0.0.1",
  "userId": "anonymous",
  "userAgent": "Mozilla/5.0 (Windows NT 10.0; Win64; x64) AppleWebKit/537.36 (KHTML, like Gecko) Chrome/142.0.0.0 Safari/537.36"
}
[2025-11-13T13:05:53.534Z] [INFO] {
  "timestamp": "2025-11-13T13:05:53.534Z",
  "method": "GET",
  "url": "/favicon.ico",
  "statusCode": 200,
  "responseTime": "2ms",
  "userId": "anonymous"
}
[2025-11-13T13:05:53.541Z] [INFO] {
  "timestamp": "2025-11-13T13:05:53.541Z",
  "method": "GET",
  "url": "/api/auth/me",
  "statusCode": 200,
  "responseTime": "27ms",
  "userId": "690c4c43be8f36eb0f3c17b9"
}
[2025-11-13T13:05:53.543Z] [INFO] {
  "timestamp": "2025-11-13T13:05:53.543Z",
  "method": "GET",
  "url": "/api/auth/me",
  "statusCode": 200,
  "responseTime": "23ms",
  "userId": "690c4c43be8f36eb0f3c17b9"
}
[2025-11-13T13:05:53.575Z] [INFO] {
  "timestamp": "2025-11-13T13:05:53.575Z",
  "method": "GET",
  "url": "/api/configuration-versions/current",
  "ip": "::1",
  "userId": "anonymous",
  "userAgent": "Mozilla/5.0 (Windows NT 10.0; Win64; x64) AppleWebKit/537.36 (KHTML, like Gecko) Chrome/142.0.0.0 Safari/537.36"
}
[2025-11-13T13:05:53.581Z] [INFO] {
  "timestamp": "2025-11-13T13:05:53.581Z",
  "method": "GET",
  "url": "/api/clients",
  "ip": "::1",
  "userId": "anonymous",
  "userAgent": "Mozilla/5.0 (Windows NT 10.0; Win64; x64) AppleWebKit/537.36 (KHTML, like Gecko) Chrome/142.0.0.0 Safari/537.36"
}
[2025-11-13T13:05:53.588Z] [INFO] {
  "timestamp": "2025-11-13T13:05:53.587Z",
  "method": "GET",
  "url": "/api/associates",
  "ip": "::1",
  "userId": "anonymous",
  "userAgent": "Mozilla/5.0 (Windows NT 10.0; Win64; x64) AppleWebKit/537.36 (KHTML, like Gecko) Chrome/142.0.0.0 Safari/537.36"
}
[2025-11-13T13:05:53.616Z] [INFO] {
  "timestamp": "2025-11-13T13:05:53.616Z",
  "method": "GET",
  "url": "/api/finance/projects?search=&status=all&year=2025",
  "ip": "::1",
  "userId": "anonymous",
  "userAgent": "Mozilla/5.0 (Windows NT 10.0; Win64; x64) AppleWebKit/537.36 (KHTML, like Gecko) Chrome/142.0.0.0 Safari/537.36"
}
[2025-11-13T13:05:53.631Z] [INFO] {
  "timestamp": "2025-11-13T13:05:53.631Z",
  "method": "GET",
  "url": "/api/finance/stats?year=2025",
  "ip": "::1",
  "userId": "anonymous",
  "userAgent": "Mozilla/5.0 (Windows NT 10.0; Win64; x64) AppleWebKit/537.36 (KHTML, like Gecko) Chrome/142.0.0.0 Safari/537.36"
}
[2025-11-13T13:05:53.647Z] [INFO] {
  "timestamp": "2025-11-13T13:05:53.647Z",
  "method": "GET",
  "url": "/api/clients",
  "statusCode": 200,
  "responseTime": "66ms",
  "userId": "690c4c43be8f36eb0f3c17b9"
}
[2025-11-13T13:05:53.662Z] [INFO] {
  "timestamp": "2025-11-13T13:05:53.662Z",
  "method": "GET",
  "url": "/api/clients",
  "ip": "::1",
  "userId": "anonymous",
  "userAgent": "Mozilla/5.0 (Windows NT 10.0; Win64; x64) AppleWebKit/537.36 (KHTML, like Gecko) Chrome/142.0.0.0 Safari/537.36"
}
[2025-11-13T13:05:53.667Z] [INFO] {
  "timestamp": "2025-11-13T13:05:53.667Z",
  "method": "GET",
  "url": "/api/associates",
  "statusCode": 200,
  "responseTime": "80ms",
  "userId": "690c4c43be8f36eb0f3c17b9"
}
[2025-11-13T13:05:53.680Z] [INFO] {
  "timestamp": "2025-11-13T13:05:53.680Z",
  "method": "GET",
  "url": "/api/configuration-versions/current",
  "statusCode": 200,
  "responseTime": "105ms",
  "userId": "690c4c43be8f36eb0f3c17b9"
}
[2025-11-13T13:05:53.687Z] [INFO] {
  "timestamp": "2025-11-13T13:05:53.687Z",
  "method": "GET",
  "url": "/api/associates",
  "ip": "::1",
  "userId": "anonymous",
  "userAgent": "Mozilla/5.0 (Windows NT 10.0; Win64; x64) AppleWebKit/537.36 (KHTML, like Gecko) Chrome/142.0.0.0 Safari/537.36"
}
[2025-11-13T13:05:53.695Z] [INFO] {
  "timestamp": "2025-11-13T13:05:53.695Z",
  "method": "GET",
  "url": "/api/configuration-versions/current",
  "ip": "::1",
  "userId": "anonymous",
  "userAgent": "Mozilla/5.0 (Windows NT 10.0; Win64; x64) AppleWebKit/537.36 (KHTML, like Gecko) Chrome/142.0.0.0 Safari/537.36"
}
[2025-11-13T13:05:53.710Z] [INFO] {
  "timestamp": "2025-11-13T13:05:53.710Z",
  "method": "GET",
  "url": "/api/clients",
  "statusCode": 200,
  "responseTime": "48ms",
  "userId": "690c4c43be8f36eb0f3c17b9"
}
[2025-11-13T13:05:53.731Z] [INFO] {
  "timestamp": "2025-11-13T13:05:53.731Z",
  "method": "GET",
  "url": "/api/finance/projects?search=&status=all&year=2025",
  "statusCode": 200,
  "responseTime": "115ms",
  "userId": "690c4c43be8f36eb0f3c17b9"
}
[2025-11-13T13:05:53.744Z] [INFO] {
  "timestamp": "2025-11-13T13:05:53.744Z",
  "method": "GET",
  "url": "/api/associates",
  "statusCode": 200,
  "responseTime": "57ms",
  "userId": "690c4c43be8f36eb0f3c17b9"
}
[2025-11-13T13:05:53.760Z] [INFO] {
  "timestamp": "2025-11-13T13:05:53.760Z",
  "method": "GET",
  "url": "/api/configuration-versions/current",
  "statusCode": 200,
  "responseTime": "65ms",
  "userId": "690c4c43be8f36eb0f3c17b9"
}
[2025-11-13T13:05:53.763Z] [INFO] {
  "timestamp": "2025-11-13T13:05:53.763Z",
  "method": "GET",
  "url": "/api/finance/projects?search=&status=all&year=2025",
  "ip": "::1",
  "userId": "anonymous",
  "userAgent": "Mozilla/5.0 (Windows NT 10.0; Win64; x64) AppleWebKit/537.36 (KHTML, like Gecko) Chrome/142.0.0.0 Safari/537.36"
}
[2025-11-13T13:05:53.772Z] [INFO] {
  "timestamp": "2025-11-13T13:05:53.772Z",
  "method": "GET",
  "url": "/api/finance/stats?year=2025",
  "statusCode": 200,
  "responseTime": "141ms",
  "userId": "690c4c43be8f36eb0f3c17b9"
}
[2025-11-13T13:05:53.782Z] [INFO] {
  "timestamp": "2025-11-13T13:05:53.782Z",
  "method": "GET",
  "url": "/api/finance/stats?year=2025",
  "ip": "::1",
  "userId": "anonymous",
  "userAgent": "Mozilla/5.0 (Windows NT 10.0; Win64; x64) AppleWebKit/537.36 (KHTML, like Gecko) Chrome/142.0.0.0 Safari/537.36"
}
[2025-11-13T13:05:53.806Z] [INFO] {
  "timestamp": "2025-11-13T13:05:53.806Z",
  "method": "GET",
  "url": "/api/finance/projects?search=&status=all&year=2025",
  "statusCode": 200,
  "responseTime": "43ms",
  "userId": "690c4c43be8f36eb0f3c17b9"
}
[2025-11-13T13:05:53.830Z] [INFO] {
  "timestamp": "2025-11-13T13:05:53.830Z",
  "method": "GET",
  "url": "/api/finance/stats?year=2025",
  "statusCode": 200,
  "responseTime": "48ms",
  "userId": "690c4c43be8f36eb0f3c17b9"
}
[2025-11-13T13:10:13.211Z] [INFO] {
  "timestamp": "2025-11-13T13:10:13.210Z",
  "method": "POST",
  "url": "/api/finance/projects",
  "ip": "::1",
  "userId": "anonymous",
  "userAgent": "Mozilla/5.0 (Windows NT 10.0; Win64; x64) AppleWebKit/537.36 (KHTML, like Gecko) Chrome/142.0.0.0 Safari/537.36"
}
[2025-11-13T13:10:13.237Z] [INFO] {
  "timestamp": "2025-11-13T13:10:13.237Z",
  "method": "POST",
  "url": "/api/finance/projects",
  "statusCode": 200,
  "responseTime": "27ms",
  "userId": "690c4c43be8f36eb0f3c17b9"
}
[2025-11-13T13:10:13.254Z] [INFO] {
  "timestamp": "2025-11-13T13:10:13.254Z",
  "method": "GET",
  "url": "/api/finance/projects?search=&status=all&year=2025",
  "ip": "::1",
  "userId": "anonymous",
  "userAgent": "Mozilla/5.0 (Windows NT 10.0; Win64; x64) AppleWebKit/537.36 (KHTML, like Gecko) Chrome/142.0.0.0 Safari/537.36"
}
[2025-11-13T13:10:13.259Z] [INFO] {
  "timestamp": "2025-11-13T13:10:13.259Z",
  "method": "GET",
  "url": "/api/finance/stats?year=2025",
  "ip": "::1",
  "userId": "anonymous",
  "userAgent": "Mozilla/5.0 (Windows NT 10.0; Win64; x64) AppleWebKit/537.36 (KHTML, like Gecko) Chrome/142.0.0.0 Safari/537.36"
}
[2025-11-13T13:10:13.281Z] [INFO] {
  "timestamp": "2025-11-13T13:10:13.281Z",
  "method": "GET",
  "url": "/api/finance/projects?search=&status=all&year=2025",
  "statusCode": 200,
  "responseTime": "27ms",
  "userId": "690c4c43be8f36eb0f3c17b9"
}
[2025-11-13T13:10:13.294Z] [INFO] {
  "timestamp": "2025-11-13T13:10:13.294Z",
  "method": "GET",
  "url": "/api/finance/stats?year=2025",
  "statusCode": 200,
  "responseTime": "35ms",
  "userId": "690c4c43be8f36eb0f3c17b9"
}
[2025-11-13T13:12:18.766Z] [INFO] {
  "timestamp": "2025-11-13T13:12:18.766Z",
  "method": "GET",
  "url": "/api/configuration-versions/current",
  "ip": "::1",
  "userId": "anonymous",
  "userAgent": "Mozilla/5.0 (Windows NT 10.0; Win64; x64) AppleWebKit/537.36 (KHTML, like Gecko) Chrome/142.0.0.0 Safari/537.36"
}
[2025-11-13T13:12:18.773Z] [INFO] {
  "timestamp": "2025-11-13T13:12:18.773Z",
  "method": "GET",
  "url": "/api/clients",
  "ip": "::1",
  "userId": "anonymous",
  "userAgent": "Mozilla/5.0 (Windows NT 10.0; Win64; x64) AppleWebKit/537.36 (KHTML, like Gecko) Chrome/142.0.0.0 Safari/537.36"
}
[2025-11-13T13:12:18.779Z] [INFO] {
  "timestamp": "2025-11-13T13:12:18.779Z",
  "method": "GET",
  "url": "/api/associates",
  "ip": "::1",
  "userId": "anonymous",
  "userAgent": "Mozilla/5.0 (Windows NT 10.0; Win64; x64) AppleWebKit/537.36 (KHTML, like Gecko) Chrome/142.0.0.0 Safari/537.36"
}
[2025-11-13T13:12:18.786Z] [INFO] {
  "timestamp": "2025-11-13T13:12:18.786Z",
  "method": "GET",
  "url": "/api/finance/projects?search=&status=all&year=2025",
  "ip": "::1",
  "userId": "anonymous",
  "userAgent": "Mozilla/5.0 (Windows NT 10.0; Win64; x64) AppleWebKit/537.36 (KHTML, like Gecko) Chrome/142.0.0.0 Safari/537.36"
}
[2025-11-13T13:12:18.794Z] [INFO] {
  "timestamp": "2025-11-13T13:12:18.794Z",
  "method": "GET",
  "url": "/api/finance/stats?year=2025",
  "ip": "::1",
  "userId": "anonymous",
  "userAgent": "Mozilla/5.0 (Windows NT 10.0; Win64; x64) AppleWebKit/537.36 (KHTML, like Gecko) Chrome/142.0.0.0 Safari/537.36"
}
[2025-11-13T13:12:18.806Z] [INFO] {
  "timestamp": "2025-11-13T13:12:18.806Z",
  "method": "GET",
  "url": "/api/clients",
  "statusCode": 200,
  "responseTime": "33ms",
  "userId": "690c4c43be8f36eb0f3c17b9"
}
[2025-11-13T13:12:18.814Z] [INFO] {
  "timestamp": "2025-11-13T13:12:18.814Z",
  "method": "GET",
  "url": "/api/associates",
  "statusCode": 200,
  "responseTime": "35ms",
  "userId": "690c4c43be8f36eb0f3c17b9"
}
[2025-11-13T13:12:18.818Z] [INFO] {
  "timestamp": "2025-11-13T13:12:18.818Z",
  "method": "GET",
  "url": "/api/configuration-versions/current",
  "statusCode": 200,
  "responseTime": "52ms",
  "userId": "690c4c43be8f36eb0f3c17b9"
}
[2025-11-13T13:12:18.831Z] [INFO] {
  "timestamp": "2025-11-13T13:12:18.831Z",
  "method": "GET",
  "url": "/api/finance/projects?search=&status=all&year=2025",
  "statusCode": 200,
  "responseTime": "45ms",
  "userId": "690c4c43be8f36eb0f3c17b9"
}
[2025-11-13T13:12:18.849Z] [INFO] {
  "timestamp": "2025-11-13T13:12:18.849Z",
  "method": "GET",
  "url": "/api/finance/stats?year=2025",
  "statusCode": 200,
  "responseTime": "55ms",
  "userId": "690c4c43be8f36eb0f3c17b9"
}
[2025-11-13T13:15:01.138Z] [INFO] {
  "timestamp": "2025-11-13T13:15:01.138Z",
  "method": "PUT",
  "url": "/api/finance/projects/6915d8b5a6ea27588145f9ef",
  "ip": "::1",
  "userId": "anonymous",
  "userAgent": "Mozilla/5.0 (Windows NT 10.0; Win64; x64) AppleWebKit/537.36 (KHTML, like Gecko) Chrome/142.0.0.0 Safari/537.36"
}
[2025-11-13T13:15:01.168Z] [INFO] {
  "timestamp": "2025-11-13T13:15:01.168Z",
  "method": "PUT",
  "url": "/api/finance/projects/6915d8b5a6ea27588145f9ef",
  "statusCode": 200,
  "responseTime": "30ms",
  "userId": "690c4c43be8f36eb0f3c17b9"
}
[2025-11-13T13:15:01.184Z] [INFO] {
  "timestamp": "2025-11-13T13:15:01.184Z",
  "method": "GET",
  "url": "/api/finance/projects?search=&status=all&year=2025",
  "ip": "::1",
  "userId": "anonymous",
  "userAgent": "Mozilla/5.0 (Windows NT 10.0; Win64; x64) AppleWebKit/537.36 (KHTML, like Gecko) Chrome/142.0.0.0 Safari/537.36"
}
[2025-11-13T13:15:01.193Z] [INFO] {
  "timestamp": "2025-11-13T13:15:01.193Z",
  "method": "GET",
  "url": "/api/finance/stats?year=2025",
  "ip": "::1",
  "userId": "anonymous",
  "userAgent": "Mozilla/5.0 (Windows NT 10.0; Win64; x64) AppleWebKit/537.36 (KHTML, like Gecko) Chrome/142.0.0.0 Safari/537.36"
}
[2025-11-13T13:15:01.224Z] [INFO] {
  "timestamp": "2025-11-13T13:15:01.224Z",
  "method": "GET",
  "url": "/api/finance/projects?search=&status=all&year=2025",
  "statusCode": 200,
  "responseTime": "40ms",
  "userId": "690c4c43be8f36eb0f3c17b9"
}
[2025-11-13T13:15:01.237Z] [INFO] {
  "timestamp": "2025-11-13T13:15:01.237Z",
  "method": "GET",
  "url": "/api/finance/stats?year=2025",
  "statusCode": 200,
  "responseTime": "44ms",
  "userId": "690c4c43be8f36eb0f3c17b9"
}
[2025-11-13T13:15:08.584Z] [INFO] {
  "timestamp": "2025-11-13T13:15:08.584Z",
  "method": "GET",
  "url": "/api/configuration-versions/current",
  "ip": "::1",
  "userId": "anonymous",
  "userAgent": "Mozilla/5.0 (Windows NT 10.0; Win64; x64) AppleWebKit/537.36 (KHTML, like Gecko) Chrome/142.0.0.0 Safari/537.36"
}
[2025-11-13T13:15:08.591Z] [INFO] {
  "timestamp": "2025-11-13T13:15:08.591Z",
  "method": "GET",
  "url": "/api/clients",
  "ip": "::1",
  "userId": "anonymous",
  "userAgent": "Mozilla/5.0 (Windows NT 10.0; Win64; x64) AppleWebKit/537.36 (KHTML, like Gecko) Chrome/142.0.0.0 Safari/537.36"
}
[2025-11-13T13:15:08.594Z] [INFO] {
  "timestamp": "2025-11-13T13:15:08.594Z",
  "method": "GET",
  "url": "/api/associates",
  "ip": "::1",
  "userId": "anonymous",
  "userAgent": "Mozilla/5.0 (Windows NT 10.0; Win64; x64) AppleWebKit/537.36 (KHTML, like Gecko) Chrome/142.0.0.0 Safari/537.36"
}
[2025-11-13T13:15:08.598Z] [INFO] {
  "timestamp": "2025-11-13T13:15:08.598Z",
  "method": "GET",
  "url": "/api/finance/projects?search=&status=all&year=2025",
  "ip": "::1",
  "userId": "anonymous",
  "userAgent": "Mozilla/5.0 (Windows NT 10.0; Win64; x64) AppleWebKit/537.36 (KHTML, like Gecko) Chrome/142.0.0.0 Safari/537.36"
}
[2025-11-13T13:15:08.602Z] [INFO] {
  "timestamp": "2025-11-13T13:15:08.602Z",
  "method": "GET",
  "url": "/api/finance/stats?year=2025",
  "ip": "::1",
  "userId": "anonymous",
  "userAgent": "Mozilla/5.0 (Windows NT 10.0; Win64; x64) AppleWebKit/537.36 (KHTML, like Gecko) Chrome/142.0.0.0 Safari/537.36"
}
[2025-11-13T13:15:08.629Z] [INFO] {
  "timestamp": "2025-11-13T13:15:08.629Z",
  "method": "GET",
  "url": "/api/clients",
  "statusCode": 200,
  "responseTime": "38ms",
  "userId": "690c4c43be8f36eb0f3c17b9"
}
[2025-11-13T13:15:08.635Z] [INFO] {
  "timestamp": "2025-11-13T13:15:08.635Z",
  "method": "GET",
  "url": "/api/associates",
  "statusCode": 200,
  "responseTime": "41ms",
  "userId": "690c4c43be8f36eb0f3c17b9"
}
[2025-11-13T13:15:08.639Z] [INFO] {
  "timestamp": "2025-11-13T13:15:08.639Z",
  "method": "GET",
  "url": "/api/configuration-versions/current",
  "statusCode": 200,
  "responseTime": "55ms",
  "userId": "690c4c43be8f36eb0f3c17b9"
}
[2025-11-13T13:15:08.660Z] [INFO] {
  "timestamp": "2025-11-13T13:15:08.660Z",
  "method": "GET",
  "url": "/api/finance/projects?search=&status=all&year=2025",
  "statusCode": 200,
  "responseTime": "62ms",
  "userId": "690c4c43be8f36eb0f3c17b9"
}
[2025-11-13T13:15:08.677Z] [INFO] {
  "timestamp": "2025-11-13T13:15:08.677Z",
  "method": "GET",
  "url": "/api/finance/stats?year=2025",
  "statusCode": 200,
  "responseTime": "75ms",
  "userId": "690c4c43be8f36eb0f3c17b9"
}
[2025-11-13T13:15:20.827Z] [INFO] {
  "timestamp": "2025-11-13T13:15:20.827Z",
  "method": "PUT",
  "url": "/api/finance/projects/6915bc9d091090931b784627",
  "ip": "::1",
  "userId": "anonymous",
  "userAgent": "Mozilla/5.0 (Windows NT 10.0; Win64; x64) AppleWebKit/537.36 (KHTML, like Gecko) Chrome/142.0.0.0 Safari/537.36"
}
[2025-11-13T13:15:20.842Z] [INFO] {
  "timestamp": "2025-11-13T13:15:20.842Z",
  "method": "PUT",
  "url": "/api/finance/projects/6915bc9d091090931b784627",
  "statusCode": 200,
  "responseTime": "15ms",
  "userId": "690c4c43be8f36eb0f3c17b9"
}
[2025-11-13T13:15:20.859Z] [INFO] {
  "timestamp": "2025-11-13T13:15:20.859Z",
  "method": "GET",
  "url": "/api/finance/projects?search=&status=all&year=2025",
  "ip": "::1",
  "userId": "anonymous",
  "userAgent": "Mozilla/5.0 (Windows NT 10.0; Win64; x64) AppleWebKit/537.36 (KHTML, like Gecko) Chrome/142.0.0.0 Safari/537.36"
}
[2025-11-13T13:15:20.863Z] [INFO] {
  "timestamp": "2025-11-13T13:15:20.863Z",
  "method": "GET",
  "url": "/api/finance/stats?year=2025",
  "ip": "::1",
  "userId": "anonymous",
  "userAgent": "Mozilla/5.0 (Windows NT 10.0; Win64; x64) AppleWebKit/537.36 (KHTML, like Gecko) Chrome/142.0.0.0 Safari/537.36"
}
[2025-11-13T13:15:20.887Z] [INFO] {
  "timestamp": "2025-11-13T13:15:20.887Z",
  "method": "GET",
  "url": "/api/finance/projects?search=&status=all&year=2025",
  "statusCode": 200,
  "responseTime": "28ms",
  "userId": "690c4c43be8f36eb0f3c17b9"
}
[2025-11-13T13:15:20.898Z] [INFO] {
  "timestamp": "2025-11-13T13:15:20.898Z",
  "method": "GET",
  "url": "/api/finance/stats?year=2025",
  "statusCode": 200,
  "responseTime": "35ms",
  "userId": "690c4c43be8f36eb0f3c17b9"
}
[2025-11-13T13:15:32.544Z] [INFO] {
  "timestamp": "2025-11-13T13:15:32.544Z",
  "method": "PUT",
  "url": "/api/finance/projects/6914afaedf5def56065fa60c",
  "ip": "::1",
  "userId": "anonymous",
  "userAgent": "Mozilla/5.0 (Windows NT 10.0; Win64; x64) AppleWebKit/537.36 (KHTML, like Gecko) Chrome/142.0.0.0 Safari/537.36"
}
[2025-11-13T13:15:32.557Z] [INFO] {
  "timestamp": "2025-11-13T13:15:32.557Z",
  "method": "PUT",
  "url": "/api/finance/projects/6914afaedf5def56065fa60c",
  "statusCode": 200,
  "responseTime": "13ms",
  "userId": "690c4c43be8f36eb0f3c17b9"
}
[2025-11-13T13:15:32.568Z] [INFO] {
  "timestamp": "2025-11-13T13:15:32.568Z",
  "method": "GET",
  "url": "/api/finance/projects?search=&status=all&year=2025",
  "ip": "::1",
  "userId": "anonymous",
  "userAgent": "Mozilla/5.0 (Windows NT 10.0; Win64; x64) AppleWebKit/537.36 (KHTML, like Gecko) Chrome/142.0.0.0 Safari/537.36"
}
[2025-11-13T13:15:32.571Z] [INFO] {
  "timestamp": "2025-11-13T13:15:32.571Z",
  "method": "GET",
  "url": "/api/finance/stats?year=2025",
  "ip": "::1",
  "userId": "anonymous",
  "userAgent": "Mozilla/5.0 (Windows NT 10.0; Win64; x64) AppleWebKit/537.36 (KHTML, like Gecko) Chrome/142.0.0.0 Safari/537.36"
}
[2025-11-13T13:15:32.592Z] [INFO] {
  "timestamp": "2025-11-13T13:15:32.592Z",
  "method": "GET",
  "url": "/api/finance/projects?search=&status=all&year=2025",
  "statusCode": 200,
  "responseTime": "24ms",
  "userId": "690c4c43be8f36eb0f3c17b9"
}
[2025-11-13T13:15:32.607Z] [INFO] {
  "timestamp": "2025-11-13T13:15:32.607Z",
  "method": "GET",
  "url": "/api/finance/stats?year=2025",
  "statusCode": 200,
  "responseTime": "36ms",
  "userId": "690c4c43be8f36eb0f3c17b9"
}
[2025-11-13T13:15:46.726Z] [INFO] {
  "timestamp": "2025-11-13T13:15:46.726Z",
  "method": "GET",
  "url": "/api/configuration-versions/current",
  "ip": "::1",
  "userId": "anonymous",
  "userAgent": "Mozilla/5.0 (Windows NT 10.0; Win64; x64) AppleWebKit/537.36 (KHTML, like Gecko) Chrome/142.0.0.0 Safari/537.36"
}
[2025-11-13T13:15:46.730Z] [INFO] {
  "timestamp": "2025-11-13T13:15:46.730Z",
  "method": "GET",
  "url": "/api/clients",
  "ip": "::1",
  "userId": "anonymous",
  "userAgent": "Mozilla/5.0 (Windows NT 10.0; Win64; x64) AppleWebKit/537.36 (KHTML, like Gecko) Chrome/142.0.0.0 Safari/537.36"
}
[2025-11-13T13:15:46.734Z] [INFO] {
  "timestamp": "2025-11-13T13:15:46.734Z",
  "method": "GET",
  "url": "/api/associates",
  "ip": "::1",
  "userId": "anonymous",
  "userAgent": "Mozilla/5.0 (Windows NT 10.0; Win64; x64) AppleWebKit/537.36 (KHTML, like Gecko) Chrome/142.0.0.0 Safari/537.36"
}
[2025-11-13T13:15:46.743Z] [INFO] {
  "timestamp": "2025-11-13T13:15:46.743Z",
  "method": "GET",
  "url": "/api/finance/projects?search=&status=all&year=2025",
  "ip": "::1",
  "userId": "anonymous",
  "userAgent": "Mozilla/5.0 (Windows NT 10.0; Win64; x64) AppleWebKit/537.36 (KHTML, like Gecko) Chrome/142.0.0.0 Safari/537.36"
}
[2025-11-13T13:15:46.753Z] [INFO] {
  "timestamp": "2025-11-13T13:15:46.753Z",
  "method": "GET",
  "url": "/api/finance/stats?year=2025",
  "ip": "::1",
  "userId": "anonymous",
  "userAgent": "Mozilla/5.0 (Windows NT 10.0; Win64; x64) AppleWebKit/537.36 (KHTML, like Gecko) Chrome/142.0.0.0 Safari/537.36"
}
[2025-11-13T13:15:46.777Z] [INFO] {
  "timestamp": "2025-11-13T13:15:46.777Z",
  "method": "GET",
  "url": "/api/clients",
  "statusCode": 200,
  "responseTime": "47ms",
  "userId": "690c4c43be8f36eb0f3c17b9"
}
[2025-11-13T13:15:46.818Z] [INFO] {
  "timestamp": "2025-11-13T13:15:46.818Z",
  "method": "GET",
  "url": "/api/associates",
  "statusCode": 200,
  "responseTime": "84ms",
  "userId": "690c4c43be8f36eb0f3c17b9"
}
[2025-11-13T13:15:46.825Z] [INFO] {
  "timestamp": "2025-11-13T13:15:46.825Z",
  "method": "GET",
  "url": "/api/configuration-versions/current",
  "statusCode": 200,
  "responseTime": "99ms",
  "userId": "690c4c43be8f36eb0f3c17b9"
}
[2025-11-13T13:15:46.853Z] [INFO] {
  "timestamp": "2025-11-13T13:15:46.853Z",
  "method": "GET",
  "url": "/api/finance/projects?search=&status=all&year=2025",
  "statusCode": 200,
  "responseTime": "110ms",
  "userId": "690c4c43be8f36eb0f3c17b9"
}
[2025-11-13T13:15:46.887Z] [INFO] {
  "timestamp": "2025-11-13T13:15:46.887Z",
  "method": "GET",
  "url": "/api/finance/stats?year=2025",
  "statusCode": 200,
  "responseTime": "134ms",
  "userId": "690c4c43be8f36eb0f3c17b9"
}
[2025-11-13T13:15:48.967Z] [INFO] {
  "timestamp": "2025-11-13T13:15:48.967Z",
  "method": "PUT",
  "url": "/api/finance/projects/6914344281318e1888de2dc5",
  "ip": "::1",
  "userId": "anonymous",
  "userAgent": "Mozilla/5.0 (Windows NT 10.0; Win64; x64) AppleWebKit/537.36 (KHTML, like Gecko) Chrome/142.0.0.0 Safari/537.36"
}
[2025-11-13T13:15:48.986Z] [INFO] {
  "timestamp": "2025-11-13T13:15:48.986Z",
  "method": "PUT",
  "url": "/api/finance/projects/6914344281318e1888de2dc5",
  "statusCode": 200,
  "responseTime": "19ms",
  "userId": "690c4c43be8f36eb0f3c17b9"
}
[2025-11-13T13:15:48.994Z] [INFO] {
  "timestamp": "2025-11-13T13:15:48.994Z",
  "method": "GET",
  "url": "/api/finance/projects?search=&status=all&year=2025",
  "ip": "::1",
  "userId": "anonymous",
  "userAgent": "Mozilla/5.0 (Windows NT 10.0; Win64; x64) AppleWebKit/537.36 (KHTML, like Gecko) Chrome/142.0.0.0 Safari/537.36"
}
[2025-11-13T13:15:48.997Z] [INFO] {
  "timestamp": "2025-11-13T13:15:48.997Z",
  "method": "GET",
  "url": "/api/finance/stats?year=2025",
  "ip": "::1",
  "userId": "anonymous",
  "userAgent": "Mozilla/5.0 (Windows NT 10.0; Win64; x64) AppleWebKit/537.36 (KHTML, like Gecko) Chrome/142.0.0.0 Safari/537.36"
}
[2025-11-13T13:15:49.020Z] [INFO] {
  "timestamp": "2025-11-13T13:15:49.020Z",
  "method": "GET",
  "url": "/api/finance/projects?search=&status=all&year=2025",
  "statusCode": 200,
  "responseTime": "26ms",
  "userId": "690c4c43be8f36eb0f3c17b9"
}
[2025-11-13T13:15:49.031Z] [INFO] {
  "timestamp": "2025-11-13T13:15:49.031Z",
  "method": "GET",
  "url": "/api/finance/stats?year=2025",
  "statusCode": 200,
  "responseTime": "34ms",
  "userId": "690c4c43be8f36eb0f3c17b9"
}
[2025-11-13T13:16:09.858Z] [INFO] {
  "timestamp": "2025-11-13T13:16:09.858Z",
  "method": "PUT",
  "url": "/api/finance/projects/691305374021687c5ca1a6c6",
  "ip": "::1",
  "userId": "anonymous",
  "userAgent": "Mozilla/5.0 (Windows NT 10.0; Win64; x64) AppleWebKit/537.36 (KHTML, like Gecko) Chrome/142.0.0.0 Safari/537.36"
}
[2025-11-13T13:16:09.870Z] [INFO] {
  "timestamp": "2025-11-13T13:16:09.870Z",
  "method": "PUT",
  "url": "/api/finance/projects/691305374021687c5ca1a6c6",
  "statusCode": 200,
  "responseTime": "12ms",
  "userId": "690c4c43be8f36eb0f3c17b9"
}
[2025-11-13T13:16:09.888Z] [INFO] {
  "timestamp": "2025-11-13T13:16:09.888Z",
  "method": "GET",
  "url": "/api/finance/projects?search=&status=all&year=2025",
  "ip": "::1",
  "userId": "anonymous",
  "userAgent": "Mozilla/5.0 (Windows NT 10.0; Win64; x64) AppleWebKit/537.36 (KHTML, like Gecko) Chrome/142.0.0.0 Safari/537.36"
}
[2025-11-13T13:16:09.893Z] [INFO] {
  "timestamp": "2025-11-13T13:16:09.893Z",
  "method": "GET",
  "url": "/api/finance/stats?year=2025",
  "ip": "::1",
  "userId": "anonymous",
  "userAgent": "Mozilla/5.0 (Windows NT 10.0; Win64; x64) AppleWebKit/537.36 (KHTML, like Gecko) Chrome/142.0.0.0 Safari/537.36"
}
[2025-11-13T13:16:09.910Z] [INFO] {
  "timestamp": "2025-11-13T13:16:09.910Z",
  "method": "GET",
  "url": "/api/finance/projects?search=&status=all&year=2025",
  "statusCode": 200,
  "responseTime": "22ms",
  "userId": "690c4c43be8f36eb0f3c17b9"
}
[2025-11-13T13:16:09.921Z] [INFO] {
  "timestamp": "2025-11-13T13:16:09.921Z",
  "method": "GET",
  "url": "/api/finance/stats?year=2025",
  "statusCode": 200,
  "responseTime": "28ms",
  "userId": "690c4c43be8f36eb0f3c17b9"
}
[2025-11-13T13:16:29.570Z] [INFO] {
  "timestamp": "2025-11-13T13:16:29.570Z",
  "method": "PUT",
  "url": "/api/finance/projects/6914da2adf5def56065faa3a",
  "ip": "::1",
  "userId": "anonymous",
  "userAgent": "Mozilla/5.0 (Windows NT 10.0; Win64; x64) AppleWebKit/537.36 (KHTML, like Gecko) Chrome/142.0.0.0 Safari/537.36"
}
[2025-11-13T13:16:29.601Z] [INFO] {
  "timestamp": "2025-11-13T13:16:29.601Z",
  "method": "PUT",
  "url": "/api/finance/projects/6914da2adf5def56065faa3a",
  "statusCode": 200,
  "responseTime": "31ms",
  "userId": "690c4c43be8f36eb0f3c17b9"
}
[2025-11-13T13:16:29.615Z] [INFO] {
  "timestamp": "2025-11-13T13:16:29.615Z",
  "method": "GET",
  "url": "/api/finance/projects?search=&status=all&year=2025",
  "ip": "::1",
  "userId": "anonymous",
  "userAgent": "Mozilla/5.0 (Windows NT 10.0; Win64; x64) AppleWebKit/537.36 (KHTML, like Gecko) Chrome/142.0.0.0 Safari/537.36"
}
[2025-11-13T13:16:29.618Z] [INFO] {
  "timestamp": "2025-11-13T13:16:29.618Z",
  "method": "GET",
  "url": "/api/finance/stats?year=2025",
  "ip": "::1",
  "userId": "anonymous",
  "userAgent": "Mozilla/5.0 (Windows NT 10.0; Win64; x64) AppleWebKit/537.36 (KHTML, like Gecko) Chrome/142.0.0.0 Safari/537.36"
}
[2025-11-13T13:16:29.642Z] [INFO] {
  "timestamp": "2025-11-13T13:16:29.642Z",
  "method": "GET",
  "url": "/api/finance/projects?search=&status=all&year=2025",
  "statusCode": 200,
  "responseTime": "27ms",
  "userId": "690c4c43be8f36eb0f3c17b9"
}
[2025-11-13T13:16:29.656Z] [INFO] {
  "timestamp": "2025-11-13T13:16:29.656Z",
  "method": "GET",
  "url": "/api/finance/stats?year=2025",
  "statusCode": 200,
  "responseTime": "38ms",
  "userId": "690c4c43be8f36eb0f3c17b9"
}
[2025-11-13T13:16:36.850Z] [INFO] {
  "timestamp": "2025-11-13T13:16:36.850Z",
  "method": "PUT",
  "url": "/api/finance/projects/6914da2adf5def56065faa3a",
  "ip": "::1",
  "userId": "anonymous",
  "userAgent": "Mozilla/5.0 (Windows NT 10.0; Win64; x64) AppleWebKit/537.36 (KHTML, like Gecko) Chrome/142.0.0.0 Safari/537.36"
}
[2025-11-13T13:16:36.871Z] [INFO] {
  "timestamp": "2025-11-13T13:16:36.871Z",
  "method": "PUT",
  "url": "/api/finance/projects/6914da2adf5def56065faa3a",
  "statusCode": 200,
  "responseTime": "21ms",
  "userId": "690c4c43be8f36eb0f3c17b9"
}
[2025-11-13T13:16:36.885Z] [INFO] {
  "timestamp": "2025-11-13T13:16:36.885Z",
  "method": "GET",
  "url": "/api/finance/projects?search=&status=all&year=2025",
  "ip": "::1",
  "userId": "anonymous",
  "userAgent": "Mozilla/5.0 (Windows NT 10.0; Win64; x64) AppleWebKit/537.36 (KHTML, like Gecko) Chrome/142.0.0.0 Safari/537.36"
}
[2025-11-13T13:16:36.890Z] [INFO] {
  "timestamp": "2025-11-13T13:16:36.890Z",
  "method": "GET",
  "url": "/api/finance/stats?year=2025",
  "ip": "::1",
  "userId": "anonymous",
  "userAgent": "Mozilla/5.0 (Windows NT 10.0; Win64; x64) AppleWebKit/537.36 (KHTML, like Gecko) Chrome/142.0.0.0 Safari/537.36"
}
[2025-11-13T13:16:36.912Z] [INFO] {
  "timestamp": "2025-11-13T13:16:36.912Z",
  "method": "GET",
  "url": "/api/finance/projects?search=&status=all&year=2025",
  "statusCode": 200,
  "responseTime": "27ms",
  "userId": "690c4c43be8f36eb0f3c17b9"
}
[2025-11-13T13:16:36.924Z] [INFO] {
  "timestamp": "2025-11-13T13:16:36.924Z",
  "method": "GET",
  "url": "/api/finance/stats?year=2025",
  "statusCode": 200,
  "responseTime": "34ms",
  "userId": "690c4c43be8f36eb0f3c17b9"
}
