[2025-11-11T04:30:08.233Z] [INFO] Email service initialized successfully
[2025-11-11T04:30:30.230Z] [INFO] {
  "timestamp": "2025-11-11T04:30:30.229Z",
  "method": "GET",
  "url": "/api/auth/me",
  "ip": "::1",
  "userId": "anonymous",
  "userAgent": "Mozilla/5.0 (Windows NT 10.0; Win64; x64) AppleWebKit/537.36 (KHTML, like Gecko) Chrome/142.0.0.0 Safari/537.36"
}
[2025-11-11T04:30:30.289Z] [INFO] {
  "timestamp": "2025-11-11T04:30:30.289Z",
  "method": "GET",
  "url": "/favicon.ico",
  "ip": "127.0.0.1",
  "userId": "anonymous",
  "userAgent": "Mozilla/5.0 (Windows NT 10.0; Win64; x64) AppleWebKit/537.36 (KHTML, like Gecko) Chrome/142.0.0.0 Safari/537.36"
}
[2025-11-11T04:30:30.296Z] [INFO] {
  "timestamp": "2025-11-11T04:30:30.296Z",
  "method": "GET",
  "url": "/favicon.ico",
  "statusCode": 200,
  "responseTime": "7ms",
  "userId": "anonymous"
}
[2025-11-11T04:30:30.387Z] [INFO] {
  "timestamp": "2025-11-11T04:30:30.386Z",
  "method": "GET",
  "url": "/api/auth/me",
  "statusCode": 200,
  "responseTime": "157ms",
  "userId": "690c4c43be8f36eb0f3c17b9"
}
[2025-11-11T04:30:30.399Z] [INFO] {
  "timestamp": "2025-11-11T04:30:30.399Z",
  "method": "GET",
  "url": "/api/auth/me",
  "ip": "::1",
  "userId": "anonymous",
  "userAgent": "Mozilla/5.0 (Windows NT 10.0; Win64; x64) AppleWebKit/537.36 (KHTML, like Gecko) Chrome/142.0.0.0 Safari/537.36"
}
[2025-11-11T04:30:30.444Z] [INFO] {
  "timestamp": "2025-11-11T04:30:30.444Z",
  "method": "GET",
  "url": "/api/auth/me",
  "statusCode": 200,
  "responseTime": "45ms",
  "userId": "690c4c43be8f36eb0f3c17b9"
}
[2025-11-11T04:30:30.471Z] [INFO] {
  "timestamp": "2025-11-11T04:30:30.471Z",
  "method": "GET",
  "url": "/favicon.ico",
  "ip": "127.0.0.1",
  "userId": "anonymous",
  "userAgent": "Mozilla/5.0 (Windows NT 10.0; Win64; x64) AppleWebKit/537.36 (KHTML, like Gecko) Chrome/142.0.0.0 Safari/537.36"
}
[2025-11-11T04:30:30.475Z] [INFO] {
  "timestamp": "2025-11-11T04:30:30.475Z",
  "method": "GET",
  "url": "/favicon.ico",
  "statusCode": 200,
  "responseTime": "4ms",
  "userId": "anonymous"
}
[2025-11-11T04:30:30.635Z] [INFO] {
  "timestamp": "2025-11-11T04:30:30.635Z",
  "method": "GET",
  "url": "/api/activities/recent?limit=3",
  "ip": "127.0.0.1",
  "userId": "anonymous",
  "userAgent": "Mozilla/5.0 (Windows NT 10.0; Win64; x64) AppleWebKit/537.36 (KHTML, like Gecko) Chrome/142.0.0.0 Safari/537.36"
}
[2025-11-11T04:30:30.666Z] [INFO] {
  "timestamp": "2025-11-11T04:30:30.666Z",
  "method": "GET",
  "url": "/api/activities/recent?limit=3",
  "statusCode": 200,
  "responseTime": "31ms",
  "userId": "690c4c43be8f36eb0f3c17b9"
}
[2025-11-11T04:30:31.002Z] [INFO] {
  "timestamp": "2025-11-11T04:30:31.002Z",
  "method": "GET",
  "url": "/api/activities/recent?limit=3",
  "ip": "127.0.0.1",
  "userId": "anonymous",
  "userAgent": "Mozilla/5.0 (Windows NT 10.0; Win64; x64) AppleWebKit/537.36 (KHTML, like Gecko) Chrome/142.0.0.0 Safari/537.36"
}
[2025-11-11T04:30:31.025Z] [INFO] {
  "timestamp": "2025-11-11T04:30:31.025Z",
  "method": "GET",
  "url": "/api/activities/recent?limit=3",
  "statusCode": 200,
  "responseTime": "23ms",
  "userId": "690c4c43be8f36eb0f3c17b9"
}
[2025-11-11T04:30:34.883Z] [INFO] {
  "timestamp": "2025-11-11T04:30:34.883Z",
  "method": "POST",
  "url": "/api/auth/logout",
  "ip": "::1",
  "userId": "anonymous",
  "userAgent": "Mozilla/5.0 (Windows NT 10.0; Win64; x64) AppleWebKit/537.36 (KHTML, like Gecko) Chrome/142.0.0.0 Safari/537.36"
}
[2025-11-11T04:30:34.903Z] [INFO] {
  "timestamp": "2025-11-11T04:30:34.902Z",
  "method": "POST",
  "url": "/api/auth/logout",
  "statusCode": 200,
  "responseTime": "19ms",
  "userId": "690c4c43be8f36eb0f3c17b9"
}
[2025-11-11T04:30:34.943Z] [INFO] {
  "timestamp": "2025-11-11T04:30:34.943Z",
  "method": "GET",
  "url": "/favicon.ico",
  "ip": "127.0.0.1",
  "userId": "anonymous",
  "userAgent": "Mozilla/5.0 (Windows NT 10.0; Win64; x64) AppleWebKit/537.36 (KHTML, like Gecko) Chrome/142.0.0.0 Safari/537.36"
}
[2025-11-11T04:30:34.946Z] [INFO] {
  "timestamp": "2025-11-11T04:30:34.946Z",
  "method": "GET",
  "url": "/favicon.ico",
  "statusCode": 200,
  "responseTime": "3ms",
  "userId": "anonymous"
}
[2025-11-11T04:30:52.344Z] [INFO] {
  "timestamp": "2025-11-11T04:30:52.344Z",
  "method": "POST",
  "url": "/api/auth/login",
  "ip": "::1",
  "userId": "anonymous",
  "userAgent": "Mozilla/5.0 (Windows NT 10.0; Win64; x64) AppleWebKit/537.36 (KHTML, like Gecko) Chrome/142.0.0.0 Safari/537.36"
}
[2025-11-11T04:30:52.765Z] [INFO] {
  "timestamp": "2025-11-11T04:30:52.765Z",
  "method": "POST",
  "url": "/api/auth/login",
  "statusCode": 200,
  "responseTime": "421ms",
  "userId": "anonymous"
}
[2025-11-11T04:30:53.183Z] [INFO] {
  "timestamp": "2025-11-11T04:30:53.183Z",
  "method": "GET",
  "url": "/api/activities/recent?limit=3",
  "ip": "127.0.0.1",
  "userId": "anonymous",
  "userAgent": "Mozilla/5.0 (Windows NT 10.0; Win64; x64) AppleWebKit/537.36 (KHTML, like Gecko) Chrome/142.0.0.0 Safari/537.36"
}
[2025-11-11T04:30:53.202Z] [INFO] {
  "timestamp": "2025-11-11T04:30:53.202Z",
  "method": "GET",
  "url": "/favicon.ico",
  "ip": "127.0.0.1",
  "userId": "anonymous",
  "userAgent": "Mozilla/5.0 (Windows NT 10.0; Win64; x64) AppleWebKit/537.36 (KHTML, like Gecko) Chrome/142.0.0.0 Safari/537.36"
}
[2025-11-11T04:30:53.206Z] [INFO] {
  "timestamp": "2025-11-11T04:30:53.206Z",
  "method": "GET",
  "url": "/favicon.ico",
  "statusCode": 200,
  "responseTime": "4ms",
  "userId": "anonymous"
}
[2025-11-11T04:30:53.240Z] [INFO] {
  "timestamp": "2025-11-11T04:30:53.240Z",
  "method": "GET",
  "url": "/api/activities/recent?limit=3",
  "statusCode": 200,
  "responseTime": "57ms",
  "userId": "690c4c43be8f36eb0f3c17b9"
}
[2025-11-11T04:30:53.423Z] [INFO] {
  "timestamp": "2025-11-11T04:30:53.423Z",
  "method": "GET",
  "url": "/api/activities/recent?limit=3",
  "ip": "127.0.0.1",
  "userId": "anonymous",
  "userAgent": "Mozilla/5.0 (Windows NT 10.0; Win64; x64) AppleWebKit/537.36 (KHTML, like Gecko) Chrome/142.0.0.0 Safari/537.36"
}
[2025-11-11T04:30:53.471Z] [INFO] {
  "timestamp": "2025-11-11T04:30:53.471Z",
  "method": "GET",
  "url": "/api/activities/recent?limit=3",
  "statusCode": 200,
  "responseTime": "48ms",
  "userId": "690c4c43be8f36eb0f3c17b9"
}
[2025-11-11T04:30:56.640Z] [INFO] {
  "timestamp": "2025-11-11T04:30:56.639Z",
  "method": "POST",
  "url": "/api/auth/logout",
  "ip": "::1",
  "userId": "anonymous",
  "userAgent": "Mozilla/5.0 (Windows NT 10.0; Win64; x64) AppleWebKit/537.36 (KHTML, like Gecko) Chrome/142.0.0.0 Safari/537.36"
}
[2025-11-11T04:30:56.659Z] [INFO] {
  "timestamp": "2025-11-11T04:30:56.659Z",
  "method": "POST",
  "url": "/api/auth/logout",
  "statusCode": 200,
  "responseTime": "20ms",
  "userId": "690c4c43be8f36eb0f3c17b9"
}
[2025-11-11T04:30:56.717Z] [INFO] {
  "timestamp": "2025-11-11T04:30:56.717Z",
  "method": "GET",
  "url": "/favicon.ico",
  "ip": "127.0.0.1",
  "userId": "anonymous",
  "userAgent": "Mozilla/5.0 (Windows NT 10.0; Win64; x64) AppleWebKit/537.36 (KHTML, like Gecko) Chrome/142.0.0.0 Safari/537.36"
}
[2025-11-11T04:30:56.721Z] [INFO] {
  "timestamp": "2025-11-11T04:30:56.721Z",
  "method": "GET",
  "url": "/favicon.ico",
  "statusCode": 200,
  "responseTime": "4ms",
  "userId": "anonymous"
}
[2025-11-11T04:31:03.388Z] [INFO] {
  "timestamp": "2025-11-11T04:31:03.388Z",
  "method": "POST",
  "url": "/api/auth/login",
  "ip": "::1",
  "userId": "anonymous",
  "userAgent": "Mozilla/5.0 (Windows NT 10.0; Win64; x64) AppleWebKit/537.36 (KHTML, like Gecko) Chrome/142.0.0.0 Safari/537.36"
}
[2025-11-11T04:31:03.401Z] [INFO] {
  "timestamp": "2025-11-11T04:31:03.400Z",
  "method": "POST",
  "url": "/api/auth/login",
  "statusCode": 401,
  "responseTime": "12ms",
  "userId": "anonymous"
}
[2025-11-11T04:31:11.692Z] [INFO] {
  "timestamp": "2025-11-11T04:31:11.692Z",
  "method": "POST",
  "url": "/api/auth/login",
  "ip": "::1",
  "userId": "anonymous",
  "userAgent": "Mozilla/5.0 (Windows NT 10.0; Win64; x64) AppleWebKit/537.36 (KHTML, like Gecko) Chrome/142.0.0.0 Safari/537.36"
}
[2025-11-11T04:31:11.703Z] [INFO] {
  "timestamp": "2025-11-11T04:31:11.702Z",
  "method": "POST",
  "url": "/api/auth/login",
  "statusCode": 401,
  "responseTime": "10ms",
  "userId": "anonymous"
}
[2025-11-11T04:31:18.367Z] [INFO] {
  "timestamp": "2025-11-11T04:31:18.367Z",
  "method": "POST",
  "url": "/api/auth/login",
  "ip": "::1",
  "userId": "anonymous",
  "userAgent": "Mozilla/5.0 (Windows NT 10.0; Win64; x64) AppleWebKit/537.36 (KHTML, like Gecko) Chrome/142.0.0.0 Safari/537.36"
}
[2025-11-11T04:31:18.725Z] [INFO] {
  "timestamp": "2025-11-11T04:31:18.725Z",
  "method": "POST",
  "url": "/api/auth/login",
  "statusCode": 200,
  "responseTime": "358ms",
  "userId": "anonymous"
}
[2025-11-11T04:31:19.104Z] [INFO] {
  "timestamp": "2025-11-11T04:31:19.104Z",
  "method": "GET",
  "url": "/api/activities/recent?limit=3",
  "ip": "127.0.0.1",
  "userId": "anonymous",
  "userAgent": "Mozilla/5.0 (Windows NT 10.0; Win64; x64) AppleWebKit/537.36 (KHTML, like Gecko) Chrome/142.0.0.0 Safari/537.36"
}
[2025-11-11T04:31:19.118Z] [INFO] {
  "timestamp": "2025-11-11T04:31:19.118Z",
  "method": "GET",
  "url": "/favicon.ico",
  "ip": "127.0.0.1",
  "userId": "anonymous",
  "userAgent": "Mozilla/5.0 (Windows NT 10.0; Win64; x64) AppleWebKit/537.36 (KHTML, like Gecko) Chrome/142.0.0.0 Safari/537.36"
}
[2025-11-11T04:31:19.121Z] [INFO] {
  "timestamp": "2025-11-11T04:31:19.121Z",
  "method": "GET",
  "url": "/favicon.ico",
  "statusCode": 200,
  "responseTime": "3ms",
  "userId": "anonymous"
}
[2025-11-11T04:31:19.148Z] [INFO] {
  "timestamp": "2025-11-11T04:31:19.148Z",
  "method": "GET",
  "url": "/api/activities/recent?limit=3",
  "statusCode": 200,
  "responseTime": "44ms",
  "userId": "690c4c43be8f36eb0f3c17b9"
}
[2025-11-11T04:31:19.345Z] [INFO] {
  "timestamp": "2025-11-11T04:31:19.345Z",
  "method": "GET",
  "url": "/api/activities/recent?limit=3",
  "ip": "127.0.0.1",
  "userId": "anonymous",
  "userAgent": "Mozilla/5.0 (Windows NT 10.0; Win64; x64) AppleWebKit/537.36 (KHTML, like Gecko) Chrome/142.0.0.0 Safari/537.36"
}
[2025-11-11T04:31:19.362Z] [INFO] {
  "timestamp": "2025-11-11T04:31:19.362Z",
  "method": "GET",
  "url": "/api/activities/recent?limit=3",
  "statusCode": 200,
  "responseTime": "17ms",
  "userId": "690c4c43be8f36eb0f3c17b9"
}
[2025-11-11T04:31:20.914Z] [INFO] {
  "timestamp": "2025-11-11T04:31:20.914Z",
  "method": "GET",
  "url": "/favicon.ico",
  "ip": "127.0.0.1",
  "userId": "anonymous",
  "userAgent": "Mozilla/5.0 (Windows NT 10.0; Win64; x64) AppleWebKit/537.36 (KHTML, like Gecko) Chrome/142.0.0.0 Safari/537.36"
}
[2025-11-11T04:31:20.917Z] [INFO] {
  "timestamp": "2025-11-11T04:31:20.917Z",
  "method": "GET",
  "url": "/favicon.ico",
  "statusCode": 200,
  "responseTime": "3ms",
  "userId": "anonymous"
}
[2025-11-11T04:31:20.923Z] [INFO] {
  "timestamp": "2025-11-11T04:31:20.923Z",
  "method": "GET",
  "url": "/api/roles",
  "ip": "::1",
  "userId": "anonymous",
  "userAgent": "Mozilla/5.0 (Windows NT 10.0; Win64; x64) AppleWebKit/537.36 (KHTML, like Gecko) Chrome/142.0.0.0 Safari/537.36"
}
[2025-11-11T04:31:20.968Z] [INFO] {
  "timestamp": "2025-11-11T04:31:20.968Z",
  "method": "GET",
  "url": "/api/roles",
  "statusCode": 200,
  "responseTime": "45ms",
  "userId": "690c4c43be8f36eb0f3c17b9"
}
[2025-11-11T04:31:20.983Z] [INFO] {
  "timestamp": "2025-11-11T04:31:20.983Z",
  "method": "GET",
  "url": "/api/roles",
  "ip": "::1",
  "userId": "anonymous",
  "userAgent": "Mozilla/5.0 (Windows NT 10.0; Win64; x64) AppleWebKit/537.36 (KHTML, like Gecko) Chrome/142.0.0.0 Safari/537.36"
}
[2025-11-11T04:31:21.023Z] [INFO] {
  "timestamp": "2025-11-11T04:31:21.023Z",
  "method": "GET",
  "url": "/api/roles",
  "statusCode": 200,
  "responseTime": "40ms",
  "userId": "690c4c43be8f36eb0f3c17b9"
}
[2025-11-11T04:31:22.116Z] [INFO] {
  "timestamp": "2025-11-11T04:31:22.115Z",
  "method": "GET",
  "url": "/api/roles",
  "ip": "::1",
  "userId": "anonymous",
  "userAgent": "Mozilla/5.0 (Windows NT 10.0; Win64; x64) AppleWebKit/537.36 (KHTML, like Gecko) Chrome/142.0.0.0 Safari/537.36"
}
[2025-11-11T04:31:22.132Z] [INFO] {
  "timestamp": "2025-11-11T04:31:22.132Z",
  "method": "GET",
  "url": "/api/users",
  "ip": "::1",
  "userId": "anonymous",
  "userAgent": "Mozilla/5.0 (Windows NT 10.0; Win64; x64) AppleWebKit/537.36 (KHTML, like Gecko) Chrome/142.0.0.0 Safari/537.36"
}
[2025-11-11T04:31:22.249Z] [INFO] {
  "timestamp": "2025-11-11T04:31:22.249Z",
  "method": "GET",
  "url": "/api/roles",
  "statusCode": 200,
  "responseTime": "134ms",
  "userId": "690c4c43be8f36eb0f3c17b9"
}
[2025-11-11T04:31:22.267Z] [INFO] {
  "timestamp": "2025-11-11T04:31:22.266Z",
  "method": "GET",
  "url": "/api/users",
  "statusCode": 200,
  "responseTime": "134ms",
  "userId": "690c4c43be8f36eb0f3c17b9"
}
[2025-11-11T04:31:22.272Z] [INFO] {
  "timestamp": "2025-11-11T04:31:22.272Z",
  "method": "GET",
  "url": "/api/roles",
  "ip": "::1",
  "userId": "anonymous",
  "userAgent": "Mozilla/5.0 (Windows NT 10.0; Win64; x64) AppleWebKit/537.36 (KHTML, like Gecko) Chrome/142.0.0.0 Safari/537.36"
}
[2025-11-11T04:31:22.303Z] [INFO] {
  "timestamp": "2025-11-11T04:31:22.303Z",
  "method": "GET",
  "url": "/api/users",
  "ip": "::1",
  "userId": "anonymous",
  "userAgent": "Mozilla/5.0 (Windows NT 10.0; Win64; x64) AppleWebKit/537.36 (KHTML, like Gecko) Chrome/142.0.0.0 Safari/537.36"
}
[2025-11-11T04:31:22.340Z] [INFO] {
  "timestamp": "2025-11-11T04:31:22.340Z",
  "method": "GET",
  "url": "/api/roles",
  "statusCode": 200,
  "responseTime": "68ms",
  "userId": "690c4c43be8f36eb0f3c17b9"
}
[2025-11-11T04:31:22.385Z] [INFO] {
  "timestamp": "2025-11-11T04:31:22.385Z",
  "method": "GET",
  "url": "/api/users",
  "statusCode": 200,
  "responseTime": "82ms",
  "userId": "690c4c43be8f36eb0f3c17b9"
}
[2025-11-11T04:31:22.420Z] [INFO] {
  "timestamp": "2025-11-11T04:31:22.420Z",
  "method": "GET",
  "url": "/favicon.ico",
  "ip": "127.0.0.1",
  "userId": "anonymous",
  "userAgent": "Mozilla/5.0 (Windows NT 10.0; Win64; x64) AppleWebKit/537.36 (KHTML, like Gecko) Chrome/142.0.0.0 Safari/537.36"
}
[2025-11-11T04:31:22.424Z] [INFO] {
  "timestamp": "2025-11-11T04:31:22.424Z",
  "method": "GET",
  "url": "/favicon.ico",
  "statusCode": 200,
  "responseTime": "4ms",
  "userId": "anonymous"
}
[2025-11-11T04:31:55.195Z] [INFO] {
  "timestamp": "2025-11-11T04:31:55.195Z",
  "method": "POST",
  "url": "/api/users",
  "ip": "::1",
  "userId": "anonymous",
  "userAgent": "Mozilla/5.0 (Windows NT 10.0; Win64; x64) AppleWebKit/537.36 (KHTML, like Gecko) Chrome/142.0.0.0 Safari/537.36"
}
[2025-11-11T04:31:55.552Z] [INFO] {
  "timestamp": "2025-11-11T04:31:55.552Z",
  "method": "POST",
  "url": "/api/users",
  "statusCode": 201,
  "responseTime": "357ms",
  "userId": "690c4c43be8f36eb0f3c17b9"
}
[2025-11-11T04:31:55.566Z] [INFO] {
  "timestamp": "2025-11-11T04:31:55.566Z",
  "method": "GET",
  "url": "/api/users",
  "ip": "::1",
  "userId": "anonymous",
  "userAgent": "Mozilla/5.0 (Windows NT 10.0; Win64; x64) AppleWebKit/537.36 (KHTML, like Gecko) Chrome/142.0.0.0 Safari/537.36"
}
[2025-11-11T04:31:55.610Z] [INFO] {
  "timestamp": "2025-11-11T04:31:55.610Z",
  "method": "GET",
  "url": "/api/users",
  "statusCode": 200,
  "responseTime": "44ms",
  "userId": "690c4c43be8f36eb0f3c17b9"
}
[2025-11-11T04:31:59.455Z] [INFO] {
  "timestamp": "2025-11-11T04:31:59.455Z",
  "method": "POST",
  "url": "/api/auth/logout",
  "ip": "::1",
  "userId": "anonymous",
  "userAgent": "Mozilla/5.0 (Windows NT 10.0; Win64; x64) AppleWebKit/537.36 (KHTML, like Gecko) Chrome/142.0.0.0 Safari/537.36"
}
[2025-11-11T04:31:59.470Z] [INFO] {
  "timestamp": "2025-11-11T04:31:59.469Z",
  "method": "POST",
  "url": "/api/auth/logout",
  "statusCode": 200,
  "responseTime": "14ms",
  "userId": "690c4c43be8f36eb0f3c17b9"
}
[2025-11-11T04:31:59.516Z] [INFO] {
  "timestamp": "2025-11-11T04:31:59.516Z",
  "method": "GET",
  "url": "/favicon.ico",
  "ip": "127.0.0.1",
  "userId": "anonymous",
  "userAgent": "Mozilla/5.0 (Windows NT 10.0; Win64; x64) AppleWebKit/537.36 (KHTML, like Gecko) Chrome/142.0.0.0 Safari/537.36"
}
[2025-11-11T04:31:59.518Z] [INFO] {
  "timestamp": "2025-11-11T04:31:59.518Z",
  "method": "GET",
  "url": "/favicon.ico",
  "statusCode": 200,
  "responseTime": "2ms",
  "userId": "anonymous"
}
[2025-11-11T04:32:06.227Z] [INFO] {
  "timestamp": "2025-11-11T04:32:06.227Z",
  "method": "POST",
  "url": "/api/auth/login",
  "ip": "::1",
  "userId": "anonymous",
  "userAgent": "Mozilla/5.0 (Windows NT 10.0; Win64; x64) AppleWebKit/537.36 (KHTML, like Gecko) Chrome/142.0.0.0 Safari/537.36"
}
[2025-11-11T04:32:06.514Z] [INFO] {
  "timestamp": "2025-11-11T04:32:06.514Z",
  "method": "POST",
  "url": "/api/auth/login",
  "statusCode": 200,
  "responseTime": "287ms",
  "userId": "anonymous"
}
[2025-11-11T04:32:06.887Z] [INFO] {
  "timestamp": "2025-11-11T04:32:06.887Z",
  "method": "GET",
  "url": "/api/activities/recent?limit=3",
  "ip": "127.0.0.1",
  "userId": "anonymous",
  "userAgent": "Mozilla/5.0 (Windows NT 10.0; Win64; x64) AppleWebKit/537.36 (KHTML, like Gecko) Chrome/142.0.0.0 Safari/537.36"
}
[2025-11-11T04:32:06.897Z] [INFO] {
  "timestamp": "2025-11-11T04:32:06.897Z",
  "method": "GET",
  "url": "/favicon.ico",
  "ip": "127.0.0.1",
  "userId": "anonymous",
  "userAgent": "Mozilla/5.0 (Windows NT 10.0; Win64; x64) AppleWebKit/537.36 (KHTML, like Gecko) Chrome/142.0.0.0 Safari/537.36"
}
[2025-11-11T04:32:06.900Z] [INFO] {
  "timestamp": "2025-11-11T04:32:06.900Z",
  "method": "GET",
  "url": "/favicon.ico",
  "statusCode": 200,
  "responseTime": "3ms",
  "userId": "anonymous"
}
[2025-11-11T04:32:06.918Z] [INFO] {
  "timestamp": "2025-11-11T04:32:06.918Z",
  "method": "GET",
  "url": "/api/activities/recent?limit=3",
  "statusCode": 200,
  "responseTime": "31ms",
  "userId": "6912bc3b18e070671809dd78"
}
[2025-11-11T04:32:07.158Z] [INFO] {
  "timestamp": "2025-11-11T04:32:07.158Z",
  "method": "GET",
  "url": "/api/activities/recent?limit=3",
  "ip": "127.0.0.1",
  "userId": "anonymous",
  "userAgent": "Mozilla/5.0 (Windows NT 10.0; Win64; x64) AppleWebKit/537.36 (KHTML, like Gecko) Chrome/142.0.0.0 Safari/537.36"
}
[2025-11-11T04:32:07.197Z] [INFO] {
  "timestamp": "2025-11-11T04:32:07.196Z",
  "method": "GET",
  "url": "/api/activities/recent?limit=3",
  "statusCode": 200,
  "responseTime": "38ms",
  "userId": "6912bc3b18e070671809dd78"
}
[2025-11-11T04:32:09.654Z] [INFO] {
  "timestamp": "2025-11-11T04:32:09.654Z",
  "method": "GET",
  "url": "/api/clients",
  "ip": "::1",
  "userId": "anonymous",
  "userAgent": "Mozilla/5.0 (Windows NT 10.0; Win64; x64) AppleWebKit/537.36 (KHTML, like Gecko) Chrome/142.0.0.0 Safari/537.36"
}
[2025-11-11T04:32:09.665Z] [INFO] {
  "timestamp": "2025-11-11T04:32:09.664Z",
  "method": "GET",
  "url": "/favicon.ico",
  "ip": "127.0.0.1",
  "userId": "anonymous",
  "userAgent": "Mozilla/5.0 (Windows NT 10.0; Win64; x64) AppleWebKit/537.36 (KHTML, like Gecko) Chrome/142.0.0.0 Safari/537.36"
}
[2025-11-11T04:32:09.668Z] [INFO] {
  "timestamp": "2025-11-11T04:32:09.668Z",
  "method": "GET",
  "url": "/favicon.ico",
  "statusCode": 200,
  "responseTime": "4ms",
  "userId": "anonymous"
}
[2025-11-11T04:32:09.691Z] [INFO] {
  "timestamp": "2025-11-11T04:32:09.691Z",
  "method": "GET",
  "url": "/api/clients",
  "statusCode": 200,
  "responseTime": "37ms",
  "userId": "6912bc3b18e070671809dd78"
}
[2025-11-11T04:32:09.700Z] [INFO] {
  "timestamp": "2025-11-11T04:32:09.700Z",
  "method": "GET",
  "url": "/api/clients",
  "ip": "::1",
  "userId": "anonymous",
  "userAgent": "Mozilla/5.0 (Windows NT 10.0; Win64; x64) AppleWebKit/537.36 (KHTML, like Gecko) Chrome/142.0.0.0 Safari/537.36"
}
[2025-11-11T04:32:09.723Z] [INFO] {
  "timestamp": "2025-11-11T04:32:09.723Z",
  "method": "GET",
  "url": "/api/clients",
  "statusCode": 200,
  "responseTime": "23ms",
  "userId": "6912bc3b18e070671809dd78"
}
[2025-11-11T04:32:16.152Z] [INFO] {
  "timestamp": "2025-11-11T04:32:16.152Z",
  "method": "POST",
  "url": "/api/auth/logout",
  "ip": "::1",
  "userId": "anonymous",
  "userAgent": "Mozilla/5.0 (Windows NT 10.0; Win64; x64) AppleWebKit/537.36 (KHTML, like Gecko) Chrome/142.0.0.0 Safari/537.36"
}
[2025-11-11T04:32:16.172Z] [INFO] {
  "timestamp": "2025-11-11T04:32:16.172Z",
  "method": "POST",
  "url": "/api/auth/logout",
  "statusCode": 200,
  "responseTime": "20ms",
  "userId": "6912bc3b18e070671809dd78"
}
[2025-11-11T04:32:16.537Z] [INFO] {
  "timestamp": "2025-11-11T04:32:16.536Z",
  "method": "GET",
  "url": "/favicon.ico",
  "ip": "127.0.0.1",
  "userId": "anonymous",
  "userAgent": "Mozilla/5.0 (Windows NT 10.0; Win64; x64) AppleWebKit/537.36 (KHTML, like Gecko) Chrome/142.0.0.0 Safari/537.36"
}
[2025-11-11T04:32:16.539Z] [INFO] {
  "timestamp": "2025-11-11T04:32:16.539Z",
  "method": "GET",
  "url": "/favicon.ico",
  "statusCode": 200,
  "responseTime": "3ms",
  "userId": "anonymous"
}
[2025-11-11T04:32:21.534Z] [INFO] {
  "timestamp": "2025-11-11T04:32:21.534Z",
  "method": "POST",
  "url": "/api/auth/login",
  "ip": "::1",
  "userId": "anonymous",
  "userAgent": "Mozilla/5.0 (Windows NT 10.0; Win64; x64) AppleWebKit/537.36 (KHTML, like Gecko) Chrome/142.0.0.0 Safari/537.36"
}
[2025-11-11T04:32:21.876Z] [INFO] {
  "timestamp": "2025-11-11T04:32:21.876Z",
  "method": "POST",
  "url": "/api/auth/login",
  "statusCode": 200,
  "responseTime": "342ms",
  "userId": "anonymous"
}
[2025-11-11T04:32:21.935Z] [INFO] {
  "timestamp": "2025-11-11T04:32:21.935Z",
  "method": "GET",
  "url": "/api/activities/recent?limit=3",
  "ip": "127.0.0.1",
  "userId": "anonymous",
  "userAgent": "Mozilla/5.0 (Windows NT 10.0; Win64; x64) AppleWebKit/537.36 (KHTML, like Gecko) Chrome/142.0.0.0 Safari/537.36"
}
[2025-11-11T04:32:21.960Z] [INFO] {
  "timestamp": "2025-11-11T04:32:21.960Z",
  "method": "GET",
  "url": "/api/activities/recent?limit=3",
  "statusCode": 200,
  "responseTime": "25ms",
  "userId": "690c4c43be8f36eb0f3c17b9"
}
[2025-11-11T04:32:22.242Z] [INFO] {
  "timestamp": "2025-11-11T04:32:22.242Z",
  "method": "GET",
  "url": "/favicon.ico",
  "ip": "127.0.0.1",
  "userId": "anonymous",
  "userAgent": "Mozilla/5.0 (Windows NT 10.0; Win64; x64) AppleWebKit/537.36 (KHTML, like Gecko) Chrome/142.0.0.0 Safari/537.36"
}
[2025-11-11T04:32:22.245Z] [INFO] {
  "timestamp": "2025-11-11T04:32:22.245Z",
  "method": "GET",
  "url": "/favicon.ico",
  "statusCode": 200,
  "responseTime": "3ms",
  "userId": "anonymous"
}
[2025-11-11T04:32:22.288Z] [INFO] {
  "timestamp": "2025-11-11T04:32:22.288Z",
  "method": "GET",
  "url": "/api/activities/recent?limit=3",
  "ip": "127.0.0.1",
  "userId": "anonymous",
  "userAgent": "Mozilla/5.0 (Windows NT 10.0; Win64; x64) AppleWebKit/537.36 (KHTML, like Gecko) Chrome/142.0.0.0 Safari/537.36"
}
[2025-11-11T04:32:22.304Z] [INFO] {
  "timestamp": "2025-11-11T04:32:22.304Z",
  "method": "GET",
  "url": "/api/activities/recent?limit=3",
  "statusCode": 200,
  "responseTime": "16ms",
  "userId": "690c4c43be8f36eb0f3c17b9"
}
[2025-11-11T04:32:24.451Z] [INFO] {
  "timestamp": "2025-11-11T04:32:24.451Z",
  "method": "GET",
  "url": "/api/roles",
  "ip": "::1",
  "userId": "anonymous",
  "userAgent": "Mozilla/5.0 (Windows NT 10.0; Win64; x64) AppleWebKit/537.36 (KHTML, like Gecko) Chrome/142.0.0.0 Safari/537.36"
}
[2025-11-11T04:32:24.488Z] [INFO] {
  "timestamp": "2025-11-11T04:32:24.488Z",
  "method": "GET",
  "url": "/api/roles",
  "statusCode": 200,
  "responseTime": "37ms",
  "userId": "690c4c43be8f36eb0f3c17b9"
}
[2025-11-11T04:32:24.499Z] [INFO] {
  "timestamp": "2025-11-11T04:32:24.499Z",
  "method": "GET",
  "url": "/api/roles",
  "ip": "::1",
  "userId": "anonymous",
  "userAgent": "Mozilla/5.0 (Windows NT 10.0; Win64; x64) AppleWebKit/537.36 (KHTML, like Gecko) Chrome/142.0.0.0 Safari/537.36"
}
[2025-11-11T04:32:24.545Z] [INFO] {
  "timestamp": "2025-11-11T04:32:24.545Z",
  "method": "GET",
  "url": "/api/roles",
  "statusCode": 200,
  "responseTime": "45ms",
  "userId": "690c4c43be8f36eb0f3c17b9"
}
[2025-11-11T04:32:24.767Z] [INFO] {
  "timestamp": "2025-11-11T04:32:24.767Z",
  "method": "GET",
  "url": "/favicon.ico",
  "ip": "127.0.0.1",
  "userId": "anonymous",
  "userAgent": "Mozilla/5.0 (Windows NT 10.0; Win64; x64) AppleWebKit/537.36 (KHTML, like Gecko) Chrome/142.0.0.0 Safari/537.36"
}
[2025-11-11T04:32:24.770Z] [INFO] {
  "timestamp": "2025-11-11T04:32:24.769Z",
  "method": "GET",
  "url": "/favicon.ico",
  "statusCode": 200,
  "responseTime": "2ms",
  "userId": "anonymous"
}
[2025-11-11T04:32:53.789Z] [INFO] {
  "timestamp": "2025-11-11T04:32:53.789Z",
  "method": "PUT",
  "url": "/api/roles/690c4c43be8f36eb0f3c17bd",
  "ip": "::1",
  "userId": "anonymous",
  "userAgent": "Mozilla/5.0 (Windows NT 10.0; Win64; x64) AppleWebKit/537.36 (KHTML, like Gecko) Chrome/142.0.0.0 Safari/537.36"
}
[2025-11-11T04:32:53.889Z] [INFO] {
  "timestamp": "2025-11-11T04:32:53.888Z",
  "method": "PUT",
  "url": "/api/roles/690c4c43be8f36eb0f3c17bd",
  "statusCode": 200,
  "responseTime": "99ms",
  "userId": "690c4c43be8f36eb0f3c17b9"
}
[2025-11-11T04:32:53.904Z] [INFO] {
  "timestamp": "2025-11-11T04:32:53.904Z",
  "method": "GET",
  "url": "/api/roles",
  "ip": "::1",
  "userId": "anonymous",
  "userAgent": "Mozilla/5.0 (Windows NT 10.0; Win64; x64) AppleWebKit/537.36 (KHTML, like Gecko) Chrome/142.0.0.0 Safari/537.36"
}
[2025-11-11T04:32:53.939Z] [INFO] {
  "timestamp": "2025-11-11T04:32:53.939Z",
  "method": "GET",
  "url": "/api/roles",
  "statusCode": 200,
  "responseTime": "35ms",
  "userId": "690c4c43be8f36eb0f3c17b9"
}
[2025-11-11T04:32:56.725Z] [INFO] {
  "timestamp": "2025-11-11T04:32:56.725Z",
  "method": "POST",
  "url": "/api/auth/logout",
  "ip": "::1",
  "userId": "anonymous",
  "userAgent": "Mozilla/5.0 (Windows NT 10.0; Win64; x64) AppleWebKit/537.36 (KHTML, like Gecko) Chrome/142.0.0.0 Safari/537.36"
}
[2025-11-11T04:32:56.740Z] [INFO] {
  "timestamp": "2025-11-11T04:32:56.740Z",
  "method": "POST",
  "url": "/api/auth/logout",
  "statusCode": 200,
  "responseTime": "15ms",
  "userId": "690c4c43be8f36eb0f3c17b9"
}
[2025-11-11T04:32:56.789Z] [INFO] {
  "timestamp": "2025-11-11T04:32:56.789Z",
  "method": "GET",
  "url": "/favicon.ico",
  "ip": "127.0.0.1",
  "userId": "anonymous",
  "userAgent": "Mozilla/5.0 (Windows NT 10.0; Win64; x64) AppleWebKit/537.36 (KHTML, like Gecko) Chrome/142.0.0.0 Safari/537.36"
}
[2025-11-11T04:32:56.793Z] [INFO] {
  "timestamp": "2025-11-11T04:32:56.793Z",
  "method": "GET",
  "url": "/favicon.ico",
  "statusCode": 200,
  "responseTime": "4ms",
  "userId": "anonymous"
}
[2025-11-11T04:33:02.650Z] [INFO] {
  "timestamp": "2025-11-11T04:33:02.650Z",
  "method": "POST",
  "url": "/api/auth/login",
  "ip": "::1",
  "userId": "anonymous",
  "userAgent": "Mozilla/5.0 (Windows NT 10.0; Win64; x64) AppleWebKit/537.36 (KHTML, like Gecko) Chrome/142.0.0.0 Safari/537.36"
}
[2025-11-11T04:33:02.969Z] [INFO] {
  "timestamp": "2025-11-11T04:33:02.969Z",
  "method": "POST",
  "url": "/api/auth/login",
  "statusCode": 200,
  "responseTime": "319ms",
  "userId": "anonymous"
}
[2025-11-11T04:33:03.336Z] [INFO] {
  "timestamp": "2025-11-11T04:33:03.336Z",
  "method": "GET",
  "url": "/api/activities/recent?limit=3",
  "ip": "127.0.0.1",
  "userId": "anonymous",
  "userAgent": "Mozilla/5.0 (Windows NT 10.0; Win64; x64) AppleWebKit/537.36 (KHTML, like Gecko) Chrome/142.0.0.0 Safari/537.36"
}
[2025-11-11T04:33:03.346Z] [INFO] {
  "timestamp": "2025-11-11T04:33:03.346Z",
  "method": "GET",
  "url": "/favicon.ico",
  "ip": "127.0.0.1",
  "userId": "anonymous",
  "userAgent": "Mozilla/5.0 (Windows NT 10.0; Win64; x64) AppleWebKit/537.36 (KHTML, like Gecko) Chrome/142.0.0.0 Safari/537.36"
}
[2025-11-11T04:33:03.349Z] [INFO] {
  "timestamp": "2025-11-11T04:33:03.349Z",
  "method": "GET",
  "url": "/favicon.ico",
  "statusCode": 200,
  "responseTime": "3ms",
  "userId": "anonymous"
}
[2025-11-11T04:33:03.364Z] [INFO] {
  "timestamp": "2025-11-11T04:33:03.364Z",
  "method": "GET",
  "url": "/api/activities/recent?limit=3",
  "statusCode": 200,
  "responseTime": "28ms",
  "userId": "6912bc3b18e070671809dd78"
}
[2025-11-11T04:33:03.582Z] [INFO] {
  "timestamp": "2025-11-11T04:33:03.581Z",
  "method": "GET",
  "url": "/api/activities/recent?limit=3",
  "ip": "127.0.0.1",
  "userId": "anonymous",
  "userAgent": "Mozilla/5.0 (Windows NT 10.0; Win64; x64) AppleWebKit/537.36 (KHTML, like Gecko) Chrome/142.0.0.0 Safari/537.36"
}
[2025-11-11T04:33:03.602Z] [INFO] {
  "timestamp": "2025-11-11T04:33:03.602Z",
  "method": "GET",
  "url": "/api/activities/recent?limit=3",
  "statusCode": 200,
  "responseTime": "21ms",
  "userId": "6912bc3b18e070671809dd78"
}
[2025-11-11T04:33:06.993Z] [INFO] {
  "timestamp": "2025-11-11T04:33:06.993Z",
  "method": "GET",
  "url": "/api/clients",
  "ip": "::1",
  "userId": "anonymous",
  "userAgent": "Mozilla/5.0 (Windows NT 10.0; Win64; x64) AppleWebKit/537.36 (KHTML, like Gecko) Chrome/142.0.0.0 Safari/537.36"
}
[2025-11-11T04:33:07.016Z] [INFO] {
  "timestamp": "2025-11-11T04:33:07.016Z",
  "method": "GET",
  "url": "/favicon.ico",
  "ip": "127.0.0.1",
  "userId": "anonymous",
  "userAgent": "Mozilla/5.0 (Windows NT 10.0; Win64; x64) AppleWebKit/537.36 (KHTML, like Gecko) Chrome/142.0.0.0 Safari/537.36"
}
[2025-11-11T04:33:07.018Z] [INFO] {
  "timestamp": "2025-11-11T04:33:07.018Z",
  "method": "GET",
  "url": "/favicon.ico",
  "statusCode": 200,
  "responseTime": "2ms",
  "userId": "anonymous"
}
[2025-11-11T04:33:07.037Z] [INFO] {
  "timestamp": "2025-11-11T04:33:07.037Z",
  "method": "GET",
  "url": "/api/clients",
  "statusCode": 200,
  "responseTime": "44ms",
  "userId": "6912bc3b18e070671809dd78"
}
[2025-11-11T04:33:07.052Z] [INFO] {
  "timestamp": "2025-11-11T04:33:07.052Z",
  "method": "GET",
  "url": "/api/clients",
  "ip": "::1",
  "userId": "anonymous",
  "userAgent": "Mozilla/5.0 (Windows NT 10.0; Win64; x64) AppleWebKit/537.36 (KHTML, like Gecko) Chrome/142.0.0.0 Safari/537.36"
}
[2025-11-11T04:33:07.079Z] [INFO] {
  "timestamp": "2025-11-11T04:33:07.079Z",
  "method": "GET",
  "url": "/api/clients",
  "statusCode": 200,
  "responseTime": "27ms",
  "userId": "6912bc3b18e070671809dd78"
}
[2025-11-11T04:33:24.756Z] [INFO] {
  "timestamp": "2025-11-11T04:33:24.756Z",
  "method": "POST",
  "url": "/api/clients",
  "ip": "::1",
  "userId": "anonymous",
  "userAgent": "Mozilla/5.0 (Windows NT 10.0; Win64; x64) AppleWebKit/537.36 (KHTML, like Gecko) Chrome/142.0.0.0 Safari/537.36"
}
[2025-11-11T04:33:24.861Z] [INFO] {
  "timestamp": "2025-11-11T04:33:24.861Z",
  "method": "POST",
  "url": "/api/clients",
  "statusCode": 201,
  "responseTime": "105ms",
  "userId": "6912bc3b18e070671809dd78"
}
[2025-11-11T04:33:36.341Z] [INFO] {
  "timestamp": "2025-11-11T04:33:36.341Z",
  "method": "GET",
  "url": "/api/finance/projects?search=&status=all&year=2025",
  "ip": "::1",
  "userId": "anonymous",
  "userAgent": "Mozilla/5.0 (Windows NT 10.0; Win64; x64) AppleWebKit/537.36 (KHTML, like Gecko) Chrome/142.0.0.0 Safari/537.36"
}
[2025-11-11T04:33:36.350Z] [INFO] {
  "timestamp": "2025-11-11T04:33:36.350Z",
  "method": "GET",
  "url": "/api/finance/stats?year=2025",
  "ip": "::1",
  "userId": "anonymous",
  "userAgent": "Mozilla/5.0 (Windows NT 10.0; Win64; x64) AppleWebKit/537.36 (KHTML, like Gecko) Chrome/142.0.0.0 Safari/537.36"
}
[2025-11-11T04:33:36.416Z] [INFO] {
  "timestamp": "2025-11-11T04:33:36.416Z",
  "method": "GET",
  "url": "/api/finance/projects?search=&status=all&year=2025",
  "statusCode": 200,
  "responseTime": "75ms",
  "userId": "6912bc3b18e070671809dd78"
}
[2025-11-11T04:33:36.425Z] [INFO] {
  "timestamp": "2025-11-11T04:33:36.425Z",
  "method": "GET",
  "url": "/api/finance/projects?search=&status=all&year=2025",
  "ip": "::1",
  "userId": "anonymous",
  "userAgent": "Mozilla/5.0 (Windows NT 10.0; Win64; x64) AppleWebKit/537.36 (KHTML, like Gecko) Chrome/142.0.0.0 Safari/537.36"
}
[2025-11-11T04:33:36.485Z] [INFO] {
  "timestamp": "2025-11-11T04:33:36.484Z",
  "method": "GET",
  "url": "/api/finance/projects?search=&status=all&year=2025",
  "statusCode": 200,
  "responseTime": "59ms",
  "userId": "6912bc3b18e070671809dd78"
}
[2025-11-11T04:33:36.496Z] [INFO] {
  "timestamp": "2025-11-11T04:33:36.496Z",
  "method": "GET",
  "url": "/api/finance/stats?year=2025",
  "statusCode": 200,
  "responseTime": "146ms",
  "userId": "6912bc3b18e070671809dd78"
}
[2025-11-11T04:33:36.507Z] [INFO] {
  "timestamp": "2025-11-11T04:33:36.507Z",
  "method": "GET",
  "url": "/api/finance/stats?year=2025",
  "ip": "::1",
  "userId": "anonymous",
  "userAgent": "Mozilla/5.0 (Windows NT 10.0; Win64; x64) AppleWebKit/537.36 (KHTML, like Gecko) Chrome/142.0.0.0 Safari/537.36"
}
[2025-11-11T04:33:36.569Z] [INFO] {
  "timestamp": "2025-11-11T04:33:36.569Z",
  "method": "GET",
  "url": "/favicon.ico",
  "ip": "127.0.0.1",
  "userId": "anonymous",
  "userAgent": "Mozilla/5.0 (Windows NT 10.0; Win64; x64) AppleWebKit/537.36 (KHTML, like Gecko) Chrome/142.0.0.0 Safari/537.36"
}
[2025-11-11T04:33:36.571Z] [INFO] {
  "timestamp": "2025-11-11T04:33:36.571Z",
  "method": "GET",
  "url": "/favicon.ico",
  "statusCode": 200,
  "responseTime": "2ms",
  "userId": "anonymous"
}
[2025-11-11T04:33:36.576Z] [INFO] {
  "timestamp": "2025-11-11T04:33:36.576Z",
  "method": "GET",
  "url": "/api/finance/stats?year=2025",
  "statusCode": 200,
  "responseTime": "69ms",
  "userId": "6912bc3b18e070671809dd78"
}
[2025-11-11T04:33:40.158Z] [INFO] {
  "timestamp": "2025-11-11T04:33:40.158Z",
  "method": "POST",
  "url": "/api/auth/logout",
  "ip": "::1",
  "userId": "anonymous",
  "userAgent": "Mozilla/5.0 (Windows NT 10.0; Win64; x64) AppleWebKit/537.36 (KHTML, like Gecko) Chrome/142.0.0.0 Safari/537.36"
}
[2025-11-11T04:33:40.171Z] [INFO] {
  "timestamp": "2025-11-11T04:33:40.171Z",
  "method": "POST",
  "url": "/api/auth/logout",
  "statusCode": 200,
  "responseTime": "13ms",
  "userId": "6912bc3b18e070671809dd78"
}
[2025-11-11T04:33:40.218Z] [INFO] {
  "timestamp": "2025-11-11T04:33:40.218Z",
  "method": "GET",
  "url": "/favicon.ico",
  "ip": "127.0.0.1",
  "userId": "anonymous",
  "userAgent": "Mozilla/5.0 (Windows NT 10.0; Win64; x64) AppleWebKit/537.36 (KHTML, like Gecko) Chrome/142.0.0.0 Safari/537.36"
}
[2025-11-11T04:33:40.222Z] [INFO] {
  "timestamp": "2025-11-11T04:33:40.222Z",
  "method": "GET",
  "url": "/favicon.ico",
  "statusCode": 200,
  "responseTime": "4ms",
  "userId": "anonymous"
}
[2025-11-11T04:33:45.555Z] [INFO] {
  "timestamp": "2025-11-11T04:33:45.555Z",
  "method": "POST",
  "url": "/api/auth/login",
  "ip": "::1",
  "userId": "anonymous",
  "userAgent": "Mozilla/5.0 (Windows NT 10.0; Win64; x64) AppleWebKit/537.36 (KHTML, like Gecko) Chrome/142.0.0.0 Safari/537.36"
}
[2025-11-11T04:33:45.872Z] [INFO] {
  "timestamp": "2025-11-11T04:33:45.872Z",
  "method": "POST",
  "url": "/api/auth/login",
  "statusCode": 200,
  "responseTime": "317ms",
  "userId": "anonymous"
}
[2025-11-11T04:33:46.249Z] [INFO] {
  "timestamp": "2025-11-11T04:33:46.249Z",
  "method": "GET",
  "url": "/api/activities/recent?limit=3",
  "ip": "127.0.0.1",
  "userId": "anonymous",
  "userAgent": "Mozilla/5.0 (Windows NT 10.0; Win64; x64) AppleWebKit/537.36 (KHTML, like Gecko) Chrome/142.0.0.0 Safari/537.36"
}
[2025-11-11T04:33:46.260Z] [INFO] {
  "timestamp": "2025-11-11T04:33:46.260Z",
  "method": "GET",
  "url": "/favicon.ico",
  "ip": "127.0.0.1",
  "userId": "anonymous",
  "userAgent": "Mozilla/5.0 (Windows NT 10.0; Win64; x64) AppleWebKit/537.36 (KHTML, like Gecko) Chrome/142.0.0.0 Safari/537.36"
}
[2025-11-11T04:33:46.263Z] [INFO] {
  "timestamp": "2025-11-11T04:33:46.263Z",
  "method": "GET",
  "url": "/favicon.ico",
  "statusCode": 200,
  "responseTime": "3ms",
  "userId": "anonymous"
}
[2025-11-11T04:33:46.283Z] [INFO] {
  "timestamp": "2025-11-11T04:33:46.283Z",
  "method": "GET",
  "url": "/api/activities/recent?limit=3",
  "statusCode": 200,
  "responseTime": "34ms",
  "userId": "690c4c43be8f36eb0f3c17b9"
}
[2025-11-11T04:33:46.505Z] [INFO] {
  "timestamp": "2025-11-11T04:33:46.504Z",
  "method": "GET",
  "url": "/api/activities/recent?limit=3",
  "ip": "127.0.0.1",
  "userId": "anonymous",
  "userAgent": "Mozilla/5.0 (Windows NT 10.0; Win64; x64) AppleWebKit/537.36 (KHTML, like Gecko) Chrome/142.0.0.0 Safari/537.36"
}
[2025-11-11T04:33:46.524Z] [INFO] {
  "timestamp": "2025-11-11T04:33:46.524Z",
  "method": "GET",
  "url": "/api/activities/recent?limit=3",
  "statusCode": 200,
  "responseTime": "20ms",
  "userId": "690c4c43be8f36eb0f3c17b9"
}
[2025-11-11T04:33:48.630Z] [INFO] {
  "timestamp": "2025-11-11T04:33:48.630Z",
  "method": "GET",
  "url": "/favicon.ico",
  "ip": "127.0.0.1",
  "userId": "anonymous",
  "userAgent": "Mozilla/5.0 (Windows NT 10.0; Win64; x64) AppleWebKit/537.36 (KHTML, like Gecko) Chrome/142.0.0.0 Safari/537.36"
}
[2025-11-11T04:33:48.632Z] [INFO] {
  "timestamp": "2025-11-11T04:33:48.632Z",
  "method": "GET",
  "url": "/favicon.ico",
  "statusCode": 200,
  "responseTime": "2ms",
  "userId": "anonymous"
}
[2025-11-11T04:33:48.648Z] [INFO] {
  "timestamp": "2025-11-11T04:33:48.648Z",
  "method": "GET",
  "url": "/api/finance/projects?search=&status=all&year=2025",
  "ip": "::1",
  "userId": "anonymous",
  "userAgent": "Mozilla/5.0 (Windows NT 10.0; Win64; x64) AppleWebKit/537.36 (KHTML, like Gecko) Chrome/142.0.0.0 Safari/537.36"
}
[2025-11-11T04:33:48.662Z] [INFO] {
  "timestamp": "2025-11-11T04:33:48.662Z",
  "method": "GET",
  "url": "/api/finance/stats?year=2025",
  "ip": "::1",
  "userId": "anonymous",
  "userAgent": "Mozilla/5.0 (Windows NT 10.0; Win64; x64) AppleWebKit/537.36 (KHTML, like Gecko) Chrome/142.0.0.0 Safari/537.36"
}
[2025-11-11T04:33:48.736Z] [INFO] {
  "timestamp": "2025-11-11T04:33:48.736Z",
  "method": "GET",
  "url": "/api/finance/projects?search=&status=all&year=2025",
  "statusCode": 200,
  "responseTime": "88ms",
  "userId": "690c4c43be8f36eb0f3c17b9"
}
[2025-11-11T04:33:48.751Z] [INFO] {
  "timestamp": "2025-11-11T04:33:48.751Z",
  "method": "GET",
  "url": "/api/finance/projects?search=&status=all&year=2025",
  "ip": "::1",
  "userId": "anonymous",
  "userAgent": "Mozilla/5.0 (Windows NT 10.0; Win64; x64) AppleWebKit/537.36 (KHTML, like Gecko) Chrome/142.0.0.0 Safari/537.36"
}
[2025-11-11T04:33:48.803Z] [INFO] {
  "timestamp": "2025-11-11T04:33:48.803Z",
  "method": "GET",
  "url": "/api/finance/stats?year=2025",
  "statusCode": 200,
  "responseTime": "141ms",
  "userId": "690c4c43be8f36eb0f3c17b9"
}
[2025-11-11T04:33:48.811Z] [INFO] {
  "timestamp": "2025-11-11T04:33:48.809Z",
  "method": "GET",
  "url": "/api/finance/projects?search=&status=all&year=2025",
  "statusCode": 200,
  "responseTime": "58ms",
  "userId": "690c4c43be8f36eb0f3c17b9"
}
[2025-11-11T04:33:48.820Z] [INFO] {
  "timestamp": "2025-11-11T04:33:48.820Z",
  "method": "GET",
  "url": "/api/finance/stats?year=2025",
  "ip": "::1",
  "userId": "anonymous",
  "userAgent": "Mozilla/5.0 (Windows NT 10.0; Win64; x64) AppleWebKit/537.36 (KHTML, like Gecko) Chrome/142.0.0.0 Safari/537.36"
}
[2025-11-11T04:33:48.887Z] [INFO] {
  "timestamp": "2025-11-11T04:33:48.887Z",
  "method": "GET",
  "url": "/api/finance/stats?year=2025",
  "statusCode": 200,
  "responseTime": "67ms",
  "userId": "690c4c43be8f36eb0f3c17b9"
}
[2025-11-11T04:34:47.391Z] [INFO] {
  "timestamp": "2025-11-11T04:34:47.391Z",
  "method": "POST",
  "url": "/api/finance/projects",
  "ip": "::1",
  "userId": "anonymous",
  "userAgent": "Mozilla/5.0 (Windows NT 10.0; Win64; x64) AppleWebKit/537.36 (KHTML, like Gecko) Chrome/142.0.0.0 Safari/537.36"
}
[2025-11-11T04:34:47.478Z] [INFO] {
  "timestamp": "2025-11-11T04:34:47.478Z",
  "method": "POST",
  "url": "/api/finance/projects",
  "statusCode": 200,
  "responseTime": "87ms",
  "userId": "690c4c43be8f36eb0f3c17b9"
}
[2025-11-11T04:34:47.509Z] [INFO] {
  "timestamp": "2025-11-11T04:34:47.509Z",
  "method": "GET",
  "url": "/api/finance/projects?search=&status=all&year=2025",
  "ip": "::1",
  "userId": "anonymous",
  "userAgent": "Mozilla/5.0 (Windows NT 10.0; Win64; x64) AppleWebKit/537.36 (KHTML, like Gecko) Chrome/142.0.0.0 Safari/537.36"
}
[2025-11-11T04:34:47.524Z] [INFO] {
  "timestamp": "2025-11-11T04:34:47.524Z",
  "method": "GET",
  "url": "/api/finance/stats?year=2025",
  "ip": "::1",
  "userId": "anonymous",
  "userAgent": "Mozilla/5.0 (Windows NT 10.0; Win64; x64) AppleWebKit/537.36 (KHTML, like Gecko) Chrome/142.0.0.0 Safari/537.36"
}
[2025-11-11T04:34:47.580Z] [INFO] {
  "timestamp": "2025-11-11T04:34:47.580Z",
  "method": "GET",
  "url": "/api/finance/projects?search=&status=all&year=2025",
  "statusCode": 200,
  "responseTime": "71ms",
  "userId": "690c4c43be8f36eb0f3c17b9"
}
[2025-11-11T04:34:47.603Z] [INFO] {
  "timestamp": "2025-11-11T04:34:47.603Z",
  "method": "GET",
  "url": "/api/finance/stats?year=2025",
  "statusCode": 200,
  "responseTime": "79ms",
  "userId": "690c4c43be8f36eb0f3c17b9"
}
[2025-11-11T04:35:51.561Z] [INFO] {
  "timestamp": "2025-11-11T04:35:51.561Z",
  "method": "GET",
  "url": "/api/finance/export/projects",
  "ip": "::1",
  "userId": "anonymous",
  "userAgent": "Mozilla/5.0 (Windows NT 10.0; Win64; x64) AppleWebKit/537.36 (KHTML, like Gecko) Chrome/142.0.0.0 Safari/537.36"
}
[2025-11-11T04:38:06.650Z] [INFO] {
  "timestamp": "2025-11-11T04:38:06.650Z",
  "method": "POST",
  "url": "/api/finance/projects",
  "ip": "::1",
  "userId": "anonymous",
  "userAgent": "Mozilla/5.0 (Windows NT 10.0; Win64; x64) AppleWebKit/537.36 (KHTML, like Gecko) Chrome/142.0.0.0 Safari/537.36"
}
[2025-11-11T04:38:06.706Z] [INFO] {
  "timestamp": "2025-11-11T04:38:06.706Z",
  "method": "POST",
  "url": "/api/finance/projects",
  "statusCode": 200,
  "responseTime": "56ms",
  "userId": "690c4c43be8f36eb0f3c17b9"
}
[2025-11-11T04:38:06.734Z] [INFO] {
  "timestamp": "2025-11-11T04:38:06.734Z",
  "method": "GET",
  "url": "/api/finance/projects?search=&status=all&year=2025",
  "ip": "::1",
  "userId": "anonymous",
  "userAgent": "Mozilla/5.0 (Windows NT 10.0; Win64; x64) AppleWebKit/537.36 (KHTML, like Gecko) Chrome/142.0.0.0 Safari/537.36"
}
[2025-11-11T04:38:06.746Z] [INFO] {
  "timestamp": "2025-11-11T04:38:06.746Z",
  "method": "GET",
  "url": "/api/finance/stats?year=2025",
  "ip": "::1",
  "userId": "anonymous",
  "userAgent": "Mozilla/5.0 (Windows NT 10.0; Win64; x64) AppleWebKit/537.36 (KHTML, like Gecko) Chrome/142.0.0.0 Safari/537.36"
}
[2025-11-11T04:38:06.798Z] [INFO] {
  "timestamp": "2025-11-11T04:38:06.798Z",
  "method": "GET",
  "url": "/api/finance/projects?search=&status=all&year=2025",
  "statusCode": 200,
  "responseTime": "64ms",
  "userId": "690c4c43be8f36eb0f3c17b9"
}
[2025-11-11T04:38:06.825Z] [INFO] {
  "timestamp": "2025-11-11T04:38:06.825Z",
  "method": "GET",
  "url": "/api/finance/stats?year=2025",
  "statusCode": 200,
  "responseTime": "79ms",
  "userId": "690c4c43be8f36eb0f3c17b9"
}
[2025-11-11T04:39:30.844Z] [INFO] {
  "timestamp": "2025-11-11T04:39:30.844Z",
  "method": "GET",
  "url": "/api/finance/projects?search=s&status=all&year=2025",
  "ip": "::1",
  "userId": "anonymous",
  "userAgent": "Mozilla/5.0 (Windows NT 10.0; Win64; x64) AppleWebKit/537.36 (KHTML, like Gecko) Chrome/142.0.0.0 Safari/537.36"
}
[2025-11-11T04:39:30.859Z] [INFO] {
  "timestamp": "2025-11-11T04:39:30.859Z",
  "method": "GET",
  "url": "/api/finance/stats?year=2025",
  "ip": "::1",
  "userId": "anonymous",
  "userAgent": "Mozilla/5.0 (Windows NT 10.0; Win64; x64) AppleWebKit/537.36 (KHTML, like Gecko) Chrome/142.0.0.0 Safari/537.36"
}
[2025-11-11T04:39:30.935Z] [INFO] {
  "timestamp": "2025-11-11T04:39:30.935Z",
  "method": "GET",
  "url": "/api/finance/projects?search=s&status=all&year=2025",
  "statusCode": 200,
  "responseTime": "91ms",
  "userId": "690c4c43be8f36eb0f3c17b9"
}
[2025-11-11T04:39:30.965Z] [INFO] {
  "timestamp": "2025-11-11T04:39:30.965Z",
  "method": "GET",
  "url": "/api/finance/stats?year=2025",
  "statusCode": 200,
  "responseTime": "106ms",
  "userId": "690c4c43be8f36eb0f3c17b9"
}
[2025-11-11T04:39:31.760Z] [INFO] {
  "timestamp": "2025-11-11T04:39:31.760Z",
  "method": "GET",
  "url": "/api/finance/stats?year=2025",
  "ip": "::1",
  "userId": "anonymous",
  "userAgent": "Mozilla/5.0 (Windows NT 10.0; Win64; x64) AppleWebKit/537.36 (KHTML, like Gecko) Chrome/142.0.0.0 Safari/537.36"
}
[2025-11-11T04:39:31.771Z] [INFO] {
  "timestamp": "2025-11-11T04:39:31.771Z",
  "method": "GET",
  "url": "/api/finance/projects?search=sh&status=all&year=2025",
  "ip": "::1",
  "userId": "anonymous",
  "userAgent": "Mozilla/5.0 (Windows NT 10.0; Win64; x64) AppleWebKit/537.36 (KHTML, like Gecko) Chrome/142.0.0.0 Safari/537.36"
}
[2025-11-11T04:39:31.832Z] [INFO] {
  "timestamp": "2025-11-11T04:39:31.832Z",
  "method": "GET",
  "url": "/api/finance/projects?search=sh&status=all&year=2025",
  "statusCode": 200,
  "responseTime": "61ms",
  "userId": "690c4c43be8f36eb0f3c17b9"
}
[2025-11-11T04:39:31.859Z] [INFO] {
  "timestamp": "2025-11-11T04:39:31.859Z",
  "method": "GET",
  "url": "/api/finance/stats?year=2025",
  "statusCode": 200,
  "responseTime": "99ms",
  "userId": "690c4c43be8f36eb0f3c17b9"
}
[2025-11-11T04:39:34.185Z] [INFO] {
  "timestamp": "2025-11-11T04:39:34.185Z",
  "method": "GET",
  "url": "/api/finance/projects?search=s&status=all&year=2025",
  "ip": "::1",
  "userId": "anonymous",
  "userAgent": "Mozilla/5.0 (Windows NT 10.0; Win64; x64) AppleWebKit/537.36 (KHTML, like Gecko) Chrome/142.0.0.0 Safari/537.36"
}
[2025-11-11T04:39:34.193Z] [INFO] {
  "timestamp": "2025-11-11T04:39:34.193Z",
  "method": "GET",
  "url": "/api/finance/stats?year=2025",
  "ip": "::1",
  "userId": "anonymous",
  "userAgent": "Mozilla/5.0 (Windows NT 10.0; Win64; x64) AppleWebKit/537.36 (KHTML, like Gecko) Chrome/142.0.0.0 Safari/537.36"
}
[2025-11-11T04:39:34.249Z] [INFO] {
  "timestamp": "2025-11-11T04:39:34.249Z",
  "method": "GET",
  "url": "/api/finance/projects?search=s&status=all&year=2025",
  "statusCode": 200,
  "responseTime": "64ms",
  "userId": "690c4c43be8f36eb0f3c17b9"
}
[2025-11-11T04:39:34.280Z] [INFO] {
  "timestamp": "2025-11-11T04:39:34.280Z",
  "method": "GET",
  "url": "/api/finance/stats?year=2025",
  "statusCode": 200,
  "responseTime": "87ms",
  "userId": "690c4c43be8f36eb0f3c17b9"
}
[2025-11-11T04:39:34.380Z] [INFO] {
  "timestamp": "2025-11-11T04:39:34.380Z",
  "method": "GET",
  "url": "/api/finance/stats?year=2025",
  "ip": "::1",
  "userId": "anonymous",
  "userAgent": "Mozilla/5.0 (Windows NT 10.0; Win64; x64) AppleWebKit/537.36 (KHTML, like Gecko) Chrome/142.0.0.0 Safari/537.36"
}
[2025-11-11T04:39:34.388Z] [INFO] {
  "timestamp": "2025-11-11T04:39:34.388Z",
  "method": "GET",
  "url": "/api/finance/projects?search=&status=all&year=2025",
  "ip": "::1",
  "userId": "anonymous",
  "userAgent": "Mozilla/5.0 (Windows NT 10.0; Win64; x64) AppleWebKit/537.36 (KHTML, like Gecko) Chrome/142.0.0.0 Safari/537.36"
}
[2025-11-11T04:39:34.449Z] [INFO] {
  "timestamp": "2025-11-11T04:39:34.448Z",
  "method": "GET",
  "url": "/api/finance/projects?search=&status=all&year=2025",
  "statusCode": 200,
  "responseTime": "60ms",
  "userId": "690c4c43be8f36eb0f3c17b9"
}
[2025-11-11T04:39:34.471Z] [INFO] {
  "timestamp": "2025-11-11T04:39:34.471Z",
  "method": "GET",
  "url": "/api/finance/stats?year=2025",
  "statusCode": 200,
  "responseTime": "91ms",
  "userId": "690c4c43be8f36eb0f3c17b9"
}
[2025-11-11T04:39:38.002Z] [INFO] {
  "timestamp": "2025-11-11T04:39:38.002Z",
  "method": "GET",
  "url": "/api/finance/expenses?search=&status=all&year=2025",
  "ip": "::1",
  "userId": "anonymous",
  "userAgent": "Mozilla/5.0 (Windows NT 10.0; Win64; x64) AppleWebKit/537.36 (KHTML, like Gecko) Chrome/142.0.0.0 Safari/537.36"
}
[2025-11-11T04:39:38.014Z] [INFO] {
  "timestamp": "2025-11-11T04:39:38.014Z",
  "method": "GET",
  "url": "/api/finance/stats?year=2025",
  "ip": "::1",
  "userId": "anonymous",
  "userAgent": "Mozilla/5.0 (Windows NT 10.0; Win64; x64) AppleWebKit/537.36 (KHTML, like Gecko) Chrome/142.0.0.0 Safari/537.36"
}
[2025-11-11T04:39:38.068Z] [INFO] {
  "timestamp": "2025-11-11T04:39:38.067Z",
  "method": "GET",
  "url": "/api/finance/expenses?search=&status=all&year=2025",
  "statusCode": 200,
  "responseTime": "65ms",
  "userId": "690c4c43be8f36eb0f3c17b9"
}
[2025-11-11T04:39:38.104Z] [INFO] {
  "timestamp": "2025-11-11T04:39:38.104Z",
  "method": "GET",
  "url": "/api/finance/stats?year=2025",
  "statusCode": 200,
  "responseTime": "90ms",
  "userId": "690c4c43be8f36eb0f3c17b9"
}
[2025-11-11T04:39:39.992Z] [INFO] {
  "timestamp": "2025-11-11T04:39:39.992Z",
  "method": "GET",
  "url": "/api/finance/stats?year=2025",
  "ip": "::1",
  "userId": "anonymous",
  "userAgent": "Mozilla/5.0 (Windows NT 10.0; Win64; x64) AppleWebKit/537.36 (KHTML, like Gecko) Chrome/142.0.0.0 Safari/537.36"
}
[2025-11-11T04:39:40.001Z] [INFO] {
  "timestamp": "2025-11-11T04:39:40.001Z",
  "method": "GET",
  "url": "/api/finance/projects?search=&status=all&year=2025",
  "ip": "::1",
  "userId": "anonymous",
  "userAgent": "Mozilla/5.0 (Windows NT 10.0; Win64; x64) AppleWebKit/537.36 (KHTML, like Gecko) Chrome/142.0.0.0 Safari/537.36"
}
[2025-11-11T04:39:40.064Z] [INFO] {
  "timestamp": "2025-11-11T04:39:40.064Z",
  "method": "GET",
  "url": "/api/finance/projects?search=&status=all&year=2025",
  "statusCode": 200,
  "responseTime": "63ms",
  "userId": "690c4c43be8f36eb0f3c17b9"
}
[2025-11-11T04:39:40.088Z] [INFO] {
  "timestamp": "2025-11-11T04:39:40.088Z",
  "method": "GET",
  "url": "/api/finance/stats?year=2025",
  "statusCode": 200,
  "responseTime": "96ms",
  "userId": "690c4c43be8f36eb0f3c17b9"
}
[2025-11-11T04:40:09.155Z] [INFO] {
  "timestamp": "2025-11-11T04:40:09.155Z",
  "method": "GET",
  "url": "/api/roles",
  "ip": "::1",
  "userId": "anonymous",
  "userAgent": "Mozilla/5.0 (Windows NT 10.0; Win64; x64) AppleWebKit/537.36 (KHTML, like Gecko) Chrome/142.0.0.0 Safari/537.36"
}
[2025-11-11T04:40:09.189Z] [INFO] {
  "timestamp": "2025-11-11T04:40:09.189Z",
  "method": "GET",
  "url": "/api/roles",
  "statusCode": 200,
  "responseTime": "34ms",
  "userId": "690c4c43be8f36eb0f3c17b9"
}
[2025-11-11T04:40:09.200Z] [INFO] {
  "timestamp": "2025-11-11T04:40:09.200Z",
  "method": "GET",
  "url": "/api/roles",
  "ip": "::1",
  "userId": "anonymous",
  "userAgent": "Mozilla/5.0 (Windows NT 10.0; Win64; x64) AppleWebKit/537.36 (KHTML, like Gecko) Chrome/142.0.0.0 Safari/537.36"
}
[2025-11-11T04:40:09.241Z] [INFO] {
  "timestamp": "2025-11-11T04:40:09.241Z",
  "method": "GET",
  "url": "/api/roles",
  "statusCode": 200,
  "responseTime": "41ms",
  "userId": "690c4c43be8f36eb0f3c17b9"
}
[2025-11-11T04:40:09.470Z] [INFO] {
  "timestamp": "2025-11-11T04:40:09.470Z",
  "method": "GET",
  "url": "/favicon.ico",
  "ip": "127.0.0.1",
  "userId": "anonymous",
  "userAgent": "Mozilla/5.0 (Windows NT 10.0; Win64; x64) AppleWebKit/537.36 (KHTML, like Gecko) Chrome/142.0.0.0 Safari/537.36"
}
[2025-11-11T04:40:09.473Z] [INFO] {
  "timestamp": "2025-11-11T04:40:09.472Z",
  "method": "GET",
  "url": "/favicon.ico",
  "statusCode": 200,
  "responseTime": "2ms",
  "userId": "anonymous"
}
[2025-11-11T04:40:11.094Z] [INFO] {
  "timestamp": "2025-11-11T04:40:11.094Z",
  "method": "GET",
  "url": "/api/roles",
  "ip": "::1",
  "userId": "anonymous",
  "userAgent": "Mozilla/5.0 (Windows NT 10.0; Win64; x64) AppleWebKit/537.36 (KHTML, like Gecko) Chrome/142.0.0.0 Safari/537.36"
}
[2025-11-11T04:40:11.104Z] [INFO] {
  "timestamp": "2025-11-11T04:40:11.104Z",
  "method": "GET",
  "url": "/api/users",
  "ip": "::1",
  "userId": "anonymous",
  "userAgent": "Mozilla/5.0 (Windows NT 10.0; Win64; x64) AppleWebKit/537.36 (KHTML, like Gecko) Chrome/142.0.0.0 Safari/537.36"
}
[2025-11-11T04:40:11.117Z] [INFO] {
  "timestamp": "2025-11-11T04:40:11.117Z",
  "method": "GET",
  "url": "/favicon.ico",
  "ip": "127.0.0.1",
  "userId": "anonymous",
  "userAgent": "Mozilla/5.0 (Windows NT 10.0; Win64; x64) AppleWebKit/537.36 (KHTML, like Gecko) Chrome/142.0.0.0 Safari/537.36"
}
[2025-11-11T04:40:11.119Z] [INFO] {
  "timestamp": "2025-11-11T04:40:11.119Z",
  "method": "GET",
  "url": "/favicon.ico",
  "statusCode": 200,
  "responseTime": "2ms",
  "userId": "anonymous"
}
[2025-11-11T04:40:11.163Z] [INFO] {
  "timestamp": "2025-11-11T04:40:11.163Z",
  "method": "GET",
  "url": "/api/roles",
  "statusCode": 200,
  "responseTime": "69ms",
  "userId": "690c4c43be8f36eb0f3c17b9"
}
[2025-11-11T04:40:11.176Z] [INFO] {
  "timestamp": "2025-11-11T04:40:11.176Z",
  "method": "GET",
  "url": "/api/roles",
  "ip": "::1",
  "userId": "anonymous",
  "userAgent": "Mozilla/5.0 (Windows NT 10.0; Win64; x64) AppleWebKit/537.36 (KHTML, like Gecko) Chrome/142.0.0.0 Safari/537.36"
}
[2025-11-11T04:40:11.190Z] [INFO] {
  "timestamp": "2025-11-11T04:40:11.190Z",
  "method": "GET",
  "url": "/api/users",
  "statusCode": 200,
  "responseTime": "86ms",
  "userId": "690c4c43be8f36eb0f3c17b9"
}
[2025-11-11T04:40:11.218Z] [INFO] {
  "timestamp": "2025-11-11T04:40:11.218Z",
  "method": "GET",
  "url": "/api/users",
  "ip": "::1",
  "userId": "anonymous",
  "userAgent": "Mozilla/5.0 (Windows NT 10.0; Win64; x64) AppleWebKit/537.36 (KHTML, like Gecko) Chrome/142.0.0.0 Safari/537.36"
}
[2025-11-11T04:40:11.230Z] [INFO] {
  "timestamp": "2025-11-11T04:40:11.230Z",
  "method": "GET",
  "url": "/api/roles",
  "statusCode": 200,
  "responseTime": "54ms",
  "userId": "690c4c43be8f36eb0f3c17b9"
}
[2025-11-11T04:40:11.266Z] [INFO] {
  "timestamp": "2025-11-11T04:40:11.266Z",
  "method": "GET",
  "url": "/api/users",
  "statusCode": 200,
  "responseTime": "48ms",
  "userId": "690c4c43be8f36eb0f3c17b9"
}
[2025-11-11T04:40:23.682Z] [INFO] {
  "timestamp": "2025-11-11T04:40:23.682Z",
  "method": "POST",
  "url": "/api/auth/logout",
  "ip": "::1",
  "userId": "anonymous",
  "userAgent": "Mozilla/5.0 (Windows NT 10.0; Win64; x64) AppleWebKit/537.36 (KHTML, like Gecko) Chrome/142.0.0.0 Safari/537.36"
}
[2025-11-11T04:40:23.694Z] [INFO] {
  "timestamp": "2025-11-11T04:40:23.694Z",
  "method": "POST",
  "url": "/api/auth/logout",
  "statusCode": 200,
  "responseTime": "12ms",
  "userId": "690c4c43be8f36eb0f3c17b9"
}
[2025-11-11T04:40:24.039Z] [INFO] {
  "timestamp": "2025-11-11T04:40:24.039Z",
  "method": "GET",
  "url": "/favicon.ico",
  "ip": "127.0.0.1",
  "userId": "anonymous",
  "userAgent": "Mozilla/5.0 (Windows NT 10.0; Win64; x64) AppleWebKit/537.36 (KHTML, like Gecko) Chrome/142.0.0.0 Safari/537.36"
}
[2025-11-11T04:40:24.042Z] [INFO] {
  "timestamp": "2025-11-11T04:40:24.041Z",
  "method": "GET",
  "url": "/favicon.ico",
  "statusCode": 200,
  "responseTime": "2ms",
  "userId": "anonymous"
}
[2025-11-11T06:00:31.687Z] [INFO] Email service initialized successfully
[2025-11-11T06:00:35.996Z] [INFO] {
  "timestamp": "2025-11-11T06:00:35.995Z",
  "method": "GET",
  "url": "/favicon.ico",
  "ip": "127.0.0.1",
  "userId": "anonymous",
  "userAgent": "Mozilla/5.0 (Windows NT 10.0; Win64; x64) AppleWebKit/537.36 (KHTML, like Gecko) Chrome/142.0.0.0 Safari/537.36"
}
[2025-11-11T06:00:35.997Z] [INFO] {
  "timestamp": "2025-11-11T06:00:35.997Z",
  "method": "GET",
  "url": "/favicon.ico",
  "statusCode": 200,
  "responseTime": "2ms",
  "userId": "anonymous"
}
[2025-11-11T06:00:36.013Z] [INFO] {
  "timestamp": "2025-11-11T06:00:36.013Z",
  "method": "GET",
  "url": "/favicon.ico",
  "ip": "127.0.0.1",
  "userId": "anonymous",
  "userAgent": "Mozilla/5.0 (Windows NT 10.0; Win64; x64) AppleWebKit/537.36 (KHTML, like Gecko) Chrome/142.0.0.0 Safari/537.36"
}
[2025-11-11T06:00:36.014Z] [INFO] {
  "timestamp": "2025-11-11T06:00:36.014Z",
  "method": "GET",
  "url": "/favicon.ico",
  "statusCode": 200,
  "responseTime": "1ms",
  "userId": "anonymous"
}
[2025-11-11T06:00:40.440Z] [INFO] {
  "timestamp": "2025-11-11T06:00:40.439Z",
  "method": "POST",
  "url": "/api/auth/login",
  "ip": "::1",
  "userId": "anonymous",
  "userAgent": "Mozilla/5.0 (Windows NT 10.0; Win64; x64) AppleWebKit/537.36 (KHTML, like Gecko) Chrome/142.0.0.0 Safari/537.36"
}
[2025-11-11T06:00:40.638Z] [INFO] {
  "timestamp": "2025-11-11T06:00:40.638Z",
  "method": "POST",
  "url": "/api/auth/login",
  "statusCode": 200,
  "responseTime": "199ms",
  "userId": "anonymous"
}
[2025-11-11T06:00:40.672Z] [INFO] {
  "timestamp": "2025-11-11T06:00:40.672Z",
  "method": "GET",
  "url": "/api/activities/recent?limit=3",
  "ip": "127.0.0.1",
  "userId": "anonymous",
  "userAgent": "Mozilla/5.0 (Windows NT 10.0; Win64; x64) AppleWebKit/537.36 (KHTML, like Gecko) Chrome/142.0.0.0 Safari/537.36"
}
[2025-11-11T06:00:40.694Z] [INFO] {
  "timestamp": "2025-11-11T06:00:40.693Z",
  "method": "GET",
  "url": "/api/activities/recent?limit=3",
  "statusCode": 200,
  "responseTime": "21ms",
  "userId": "690c4c43be8f36eb0f3c17b9"
}
[2025-11-11T06:00:40.984Z] [INFO] {
  "timestamp": "2025-11-11T06:00:40.983Z",
  "method": "GET",
  "url": "/favicon.ico",
  "ip": "127.0.0.1",
  "userId": "anonymous",
  "userAgent": "Mozilla/5.0 (Windows NT 10.0; Win64; x64) AppleWebKit/537.36 (KHTML, like Gecko) Chrome/142.0.0.0 Safari/537.36"
}
[2025-11-11T06:00:40.993Z] [INFO] {
  "timestamp": "2025-11-11T06:00:40.993Z",
  "method": "GET",
  "url": "/favicon.ico",
  "statusCode": 200,
  "responseTime": "10ms",
  "userId": "anonymous"
}
[2025-11-11T06:00:41.019Z] [INFO] {
  "timestamp": "2025-11-11T06:00:41.019Z",
  "method": "GET",
  "url": "/api/activities/recent?limit=3",
  "ip": "127.0.0.1",
  "userId": "anonymous",
  "userAgent": "Mozilla/5.0 (Windows NT 10.0; Win64; x64) AppleWebKit/537.36 (KHTML, like Gecko) Chrome/142.0.0.0 Safari/537.36"
}
[2025-11-11T06:00:41.033Z] [INFO] {
  "timestamp": "2025-11-11T06:00:41.032Z",
  "method": "GET",
  "url": "/api/activities/recent?limit=3",
  "statusCode": 200,
  "responseTime": "13ms",
  "userId": "690c4c43be8f36eb0f3c17b9"
}
[2025-11-11T06:00:43.918Z] [INFO] {
  "timestamp": "2025-11-11T06:00:43.918Z",
  "method": "GET",
  "url": "/api/finance/projects?search=&status=all&year=2025",
  "ip": "::1",
  "userId": "anonymous",
  "userAgent": "Mozilla/5.0 (Windows NT 10.0; Win64; x64) AppleWebKit/537.36 (KHTML, like Gecko) Chrome/142.0.0.0 Safari/537.36"
}
[2025-11-11T06:00:43.924Z] [INFO] {
  "timestamp": "2025-11-11T06:00:43.924Z",
  "method": "GET",
  "url": "/api/finance/stats?year=2025",
  "ip": "::1",
  "userId": "anonymous",
  "userAgent": "Mozilla/5.0 (Windows NT 10.0; Win64; x64) AppleWebKit/537.36 (KHTML, like Gecko) Chrome/142.0.0.0 Safari/537.36"
}
[2025-11-11T06:00:43.973Z] [INFO] {
  "timestamp": "2025-11-11T06:00:43.973Z",
  "method": "GET",
  "url": "/api/finance/projects?search=&status=all&year=2025",
  "statusCode": 200,
  "responseTime": "55ms",
  "userId": "690c4c43be8f36eb0f3c17b9"
}
[2025-11-11T06:00:43.992Z] [INFO] {
  "timestamp": "2025-11-11T06:00:43.992Z",
  "method": "GET",
  "url": "/api/finance/projects?search=&status=all&year=2025",
  "ip": "::1",
  "userId": "anonymous",
  "userAgent": "Mozilla/5.0 (Windows NT 10.0; Win64; x64) AppleWebKit/537.36 (KHTML, like Gecko) Chrome/142.0.0.0 Safari/537.36"
}
[2025-11-11T06:00:44.013Z] [INFO] {
  "timestamp": "2025-11-11T06:00:44.013Z",
  "method": "GET",
  "url": "/api/finance/stats?year=2025",
  "statusCode": 200,
  "responseTime": "89ms",
  "userId": "690c4c43be8f36eb0f3c17b9"
}
[2025-11-11T06:00:44.024Z] [INFO] {
  "timestamp": "2025-11-11T06:00:44.024Z",
  "method": "GET",
  "url": "/api/finance/stats?year=2025",
  "ip": "::1",
  "userId": "anonymous",
  "userAgent": "Mozilla/5.0 (Windows NT 10.0; Win64; x64) AppleWebKit/537.36 (KHTML, like Gecko) Chrome/142.0.0.0 Safari/537.36"
}
[2025-11-11T06:00:44.040Z] [INFO] {
  "timestamp": "2025-11-11T06:00:44.040Z",
  "method": "GET",
  "url": "/api/finance/projects?search=&status=all&year=2025",
  "statusCode": 200,
  "responseTime": "48ms",
  "userId": "690c4c43be8f36eb0f3c17b9"
}
[2025-11-11T06:00:44.066Z] [INFO] {
  "timestamp": "2025-11-11T06:00:44.065Z",
  "method": "GET",
  "url": "/api/finance/stats?year=2025",
  "statusCode": 200,
  "responseTime": "41ms",
  "userId": "690c4c43be8f36eb0f3c17b9"
}
[2025-11-11T06:00:44.113Z] [INFO] {
  "timestamp": "2025-11-11T06:00:44.113Z",
  "method": "GET",
  "url": "/favicon.ico",
  "ip": "127.0.0.1",
  "userId": "anonymous",
  "userAgent": "Mozilla/5.0 (Windows NT 10.0; Win64; x64) AppleWebKit/537.36 (KHTML, like Gecko) Chrome/142.0.0.0 Safari/537.36"
}
[2025-11-11T06:00:44.116Z] [INFO] {
  "timestamp": "2025-11-11T06:00:44.115Z",
  "method": "GET",
  "url": "/favicon.ico",
  "statusCode": 200,
  "responseTime": "2ms",
  "userId": "anonymous"
}
[2025-11-11T06:07:26.795Z] [INFO] Email service initialized successfully
[2025-11-11T06:07:45.094Z] [INFO] {
  "timestamp": "2025-11-11T06:07:45.093Z",
  "method": "GET",
  "url": "/main.fcf101c019c5eae41c43.hot-update.json",
  "ip": "127.0.0.1",
  "userId": "anonymous",
  "userAgent": "Mozilla/5.0 (Windows NT 10.0; Win64; x64) AppleWebKit/537.36 (KHTML, like Gecko) Chrome/142.0.0.0 Safari/537.36"
}
[2025-11-11T06:07:45.107Z] [INFO] {
  "timestamp": "2025-11-11T06:07:45.107Z",
  "method": "GET",
  "url": "/main.fcf101c019c5eae41c43.hot-update.json",
  "statusCode": 200,
  "responseTime": "14ms",
  "userId": "anonymous"
}
[2025-11-11T06:07:45.572Z] [INFO] {
  "timestamp": "2025-11-11T06:07:45.572Z",
  "method": "GET",
  "url": "/api/auth/me",
  "ip": "::1",
  "userId": "anonymous",
  "userAgent": "Mozilla/5.0 (Windows NT 10.0; Win64; x64) AppleWebKit/537.36 (KHTML, like Gecko) Chrome/142.0.0.0 Safari/537.36"
}
[2025-11-11T06:07:45.591Z] [INFO] {
  "timestamp": "2025-11-11T06:07:45.591Z",
  "method": "GET",
  "url": "/favicon.ico",
  "ip": "127.0.0.1",
  "userId": "anonymous",
  "userAgent": "Mozilla/5.0 (Windows NT 10.0; Win64; x64) AppleWebKit/537.36 (KHTML, like Gecko) Chrome/142.0.0.0 Safari/537.36"
}
[2025-11-11T06:07:45.599Z] [INFO] {
  "timestamp": "2025-11-11T06:07:45.599Z",
  "method": "GET",
  "url": "/favicon.ico",
  "statusCode": 200,
  "responseTime": "8ms",
  "userId": "anonymous"
}
[2025-11-11T06:07:45.629Z] [INFO] {
  "timestamp": "2025-11-11T06:07:45.629Z",
  "method": "GET",
  "url": "/api/auth/me",
  "statusCode": 200,
  "responseTime": "57ms",
  "userId": "690c4c43be8f36eb0f3c17b9"
}
[2025-11-11T06:07:45.641Z] [INFO] {
  "timestamp": "2025-11-11T06:07:45.641Z",
  "method": "GET",
  "url": "/api/auth/me",
  "ip": "::1",
  "userId": "anonymous",
  "userAgent": "Mozilla/5.0 (Windows NT 10.0; Win64; x64) AppleWebKit/537.36 (KHTML, like Gecko) Chrome/142.0.0.0 Safari/537.36"
}
[2025-11-11T06:07:45.657Z] [INFO] {
  "timestamp": "2025-11-11T06:07:45.657Z",
  "method": "GET",
  "url": "/api/auth/me",
  "statusCode": 200,
  "responseTime": "16ms",
  "userId": "690c4c43be8f36eb0f3c17b9"
}
[2025-11-11T06:07:45.674Z] [INFO] {
  "timestamp": "2025-11-11T06:07:45.674Z",
  "method": "GET",
  "url": "/favicon.ico",
  "ip": "127.0.0.1",
  "userId": "anonymous",
  "userAgent": "Mozilla/5.0 (Windows NT 10.0; Win64; x64) AppleWebKit/537.36 (KHTML, like Gecko) Chrome/142.0.0.0 Safari/537.36"
}
[2025-11-11T06:07:45.675Z] [INFO] {
  "timestamp": "2025-11-11T06:07:45.675Z",
  "method": "GET",
  "url": "/favicon.ico",
  "statusCode": 200,
  "responseTime": "1ms",
  "userId": "anonymous"
}
[2025-11-11T06:07:46.011Z] [INFO] {
  "timestamp": "2025-11-11T06:07:46.011Z",
  "method": "GET",
  "url": "/api/activities/recent?limit=3",
  "ip": "127.0.0.1",
  "userId": "anonymous",
  "userAgent": "Mozilla/5.0 (Windows NT 10.0; Win64; x64) AppleWebKit/537.36 (KHTML, like Gecko) Chrome/142.0.0.0 Safari/537.36"
}
[2025-11-11T06:07:46.029Z] [INFO] {
  "timestamp": "2025-11-11T06:07:46.029Z",
  "method": "GET",
  "url": "/api/activities/recent?limit=3",
  "statusCode": 200,
  "responseTime": "19ms",
  "userId": "690c4c43be8f36eb0f3c17b9"
}
[2025-11-11T06:07:46.269Z] [INFO] {
  "timestamp": "2025-11-11T06:07:46.269Z",
  "method": "GET",
  "url": "/api/activities/recent?limit=3",
  "ip": "127.0.0.1",
  "userId": "anonymous",
  "userAgent": "Mozilla/5.0 (Windows NT 10.0; Win64; x64) AppleWebKit/537.36 (KHTML, like Gecko) Chrome/142.0.0.0 Safari/537.36"
}
[2025-11-11T06:07:46.289Z] [INFO] {
  "timestamp": "2025-11-11T06:07:46.289Z",
  "method": "GET",
  "url": "/api/activities/recent?limit=3",
  "statusCode": 200,
  "responseTime": "20ms",
  "userId": "690c4c43be8f36eb0f3c17b9"
}
[2025-11-11T06:08:08.881Z] [INFO] {
  "timestamp": "2025-11-11T06:08:08.881Z",
  "method": "GET",
  "url": "/favicon.ico",
  "ip": "127.0.0.1",
  "userId": "anonymous",
  "userAgent": "Mozilla/5.0 (Windows NT 10.0; Win64; x64) AppleWebKit/537.36 (KHTML, like Gecko) Chrome/142.0.0.0 Safari/537.36"
}
[2025-11-11T06:08:08.886Z] [INFO] {
  "timestamp": "2025-11-11T06:08:08.886Z",
  "method": "GET",
  "url": "/favicon.ico",
  "statusCode": 200,
  "responseTime": "5ms",
  "userId": "anonymous"
}
[2025-11-11T06:08:08.897Z] [INFO] {
  "timestamp": "2025-11-11T06:08:08.897Z",
  "method": "GET",
  "url": "/api/finance/projects?search=&status=all&year=2025",
  "ip": "::1",
  "userId": "anonymous",
  "userAgent": "Mozilla/5.0 (Windows NT 10.0; Win64; x64) AppleWebKit/537.36 (KHTML, like Gecko) Chrome/142.0.0.0 Safari/537.36"
}
[2025-11-11T06:08:08.906Z] [INFO] {
  "timestamp": "2025-11-11T06:08:08.906Z",
  "method": "GET",
  "url": "/api/finance/stats?year=2025",
  "ip": "::1",
  "userId": "anonymous",
  "userAgent": "Mozilla/5.0 (Windows NT 10.0; Win64; x64) AppleWebKit/537.36 (KHTML, like Gecko) Chrome/142.0.0.0 Safari/537.36"
}
[2025-11-11T06:08:08.949Z] [INFO] {
  "timestamp": "2025-11-11T06:08:08.949Z",
  "method": "GET",
  "url": "/api/finance/projects?search=&status=all&year=2025",
  "statusCode": 200,
  "responseTime": "52ms",
  "userId": "690c4c43be8f36eb0f3c17b9"
}
[2025-11-11T06:08:08.966Z] [INFO] {
  "timestamp": "2025-11-11T06:08:08.966Z",
  "method": "GET",
  "url": "/api/finance/projects?search=&status=all&year=2025",
  "ip": "::1",
  "userId": "anonymous",
  "userAgent": "Mozilla/5.0 (Windows NT 10.0; Win64; x64) AppleWebKit/537.36 (KHTML, like Gecko) Chrome/142.0.0.0 Safari/537.36"
}
[2025-11-11T06:08:08.990Z] [INFO] {
  "timestamp": "2025-11-11T06:08:08.990Z",
  "method": "GET",
  "url": "/api/finance/stats?year=2025",
  "statusCode": 200,
  "responseTime": "84ms",
  "userId": "690c4c43be8f36eb0f3c17b9"
}
[2025-11-11T06:08:09.002Z] [INFO] {
  "timestamp": "2025-11-11T06:08:09.002Z",
  "method": "GET",
  "url": "/api/finance/stats?year=2025",
  "ip": "::1",
  "userId": "anonymous",
  "userAgent": "Mozilla/5.0 (Windows NT 10.0; Win64; x64) AppleWebKit/537.36 (KHTML, like Gecko) Chrome/142.0.0.0 Safari/537.36"
}
[2025-11-11T06:08:09.026Z] [INFO] {
  "timestamp": "2025-11-11T06:08:09.026Z",
  "method": "GET",
  "url": "/api/finance/projects?search=&status=all&year=2025",
  "statusCode": 200,
  "responseTime": "60ms",
  "userId": "690c4c43be8f36eb0f3c17b9"
}
[2025-11-11T06:08:09.050Z] [INFO] {
  "timestamp": "2025-11-11T06:08:09.050Z",
  "method": "GET",
  "url": "/api/finance/stats?year=2025",
  "statusCode": 200,
  "responseTime": "48ms",
  "userId": "690c4c43be8f36eb0f3c17b9"
}
[2025-11-11T06:19:29.642Z] [INFO] Email service initialized successfully
[2025-11-11T06:19:35.820Z] [INFO] {
  "timestamp": "2025-11-11T06:19:35.820Z",
  "method": "GET",
  "url": "/api/auth/me",
  "ip": "::1",
  "userId": "anonymous",
  "userAgent": "Mozilla/5.0 (Windows NT 10.0; Win64; x64) AppleWebKit/537.36 (KHTML, like Gecko) Chrome/142.0.0.0 Safari/537.36"
}
[2025-11-11T06:19:35.835Z] [INFO] {
  "timestamp": "2025-11-11T06:19:35.835Z",
  "method": "GET",
  "url": "/favicon.ico",
  "ip": "127.0.0.1",
  "userId": "anonymous",
  "userAgent": "Mozilla/5.0 (Windows NT 10.0; Win64; x64) AppleWebKit/537.36 (KHTML, like Gecko) Chrome/142.0.0.0 Safari/537.36"
}
[2025-11-11T06:19:35.844Z] [INFO] {
  "timestamp": "2025-11-11T06:19:35.844Z",
  "method": "GET",
  "url": "/favicon.ico",
  "statusCode": 200,
  "responseTime": "9ms",
  "userId": "anonymous"
}
[2025-11-11T06:19:35.872Z] [INFO] {
  "timestamp": "2025-11-11T06:19:35.872Z",
  "method": "GET",
  "url": "/api/auth/me",
  "statusCode": 200,
  "responseTime": "52ms",
  "userId": "690c4c43be8f36eb0f3c17b9"
}
[2025-11-11T06:19:35.878Z] [INFO] {
  "timestamp": "2025-11-11T06:19:35.878Z",
  "method": "GET",
  "url": "/api/auth/me",
  "ip": "::1",
  "userId": "anonymous",
  "userAgent": "Mozilla/5.0 (Windows NT 10.0; Win64; x64) AppleWebKit/537.36 (KHTML, like Gecko) Chrome/142.0.0.0 Safari/537.36"
}
[2025-11-11T06:19:35.890Z] [INFO] {
  "timestamp": "2025-11-11T06:19:35.890Z",
  "method": "GET",
  "url": "/api/auth/me",
  "statusCode": 200,
  "responseTime": "12ms",
  "userId": "690c4c43be8f36eb0f3c17b9"
}
[2025-11-11T06:19:35.909Z] [INFO] {
  "timestamp": "2025-11-11T06:19:35.909Z",
  "method": "GET",
  "url": "/favicon.ico",
  "ip": "127.0.0.1",
  "userId": "anonymous",
  "userAgent": "Mozilla/5.0 (Windows NT 10.0; Win64; x64) AppleWebKit/537.36 (KHTML, like Gecko) Chrome/142.0.0.0 Safari/537.36"
}
[2025-11-11T06:19:35.910Z] [INFO] {
  "timestamp": "2025-11-11T06:19:35.910Z",
  "method": "GET",
  "url": "/favicon.ico",
  "statusCode": 200,
  "responseTime": "1ms",
  "userId": "anonymous"
}
[2025-11-11T06:19:36.629Z] [INFO] {
  "timestamp": "2025-11-11T06:19:36.629Z",
  "method": "GET",
  "url": "/api/activities/recent?limit=3",
  "ip": "127.0.0.1",
  "userId": "anonymous",
  "userAgent": "Mozilla/5.0 (Windows NT 10.0; Win64; x64) AppleWebKit/537.36 (KHTML, like Gecko) Chrome/142.0.0.0 Safari/537.36"
}
[2025-11-11T06:19:36.649Z] [INFO] {
  "timestamp": "2025-11-11T06:19:36.649Z",
  "method": "GET",
  "url": "/api/activities/recent?limit=3",
  "statusCode": 200,
  "responseTime": "20ms",
  "userId": "690c4c43be8f36eb0f3c17b9"
}
[2025-11-11T06:19:36.975Z] [INFO] {
  "timestamp": "2025-11-11T06:19:36.975Z",
  "method": "GET",
  "url": "/api/activities/recent?limit=3",
  "ip": "127.0.0.1",
  "userId": "anonymous",
  "userAgent": "Mozilla/5.0 (Windows NT 10.0; Win64; x64) AppleWebKit/537.36 (KHTML, like Gecko) Chrome/142.0.0.0 Safari/537.36"
}
[2025-11-11T06:19:36.997Z] [INFO] {
  "timestamp": "2025-11-11T06:19:36.997Z",
  "method": "GET",
  "url": "/api/activities/recent?limit=3",
  "statusCode": 200,
  "responseTime": "22ms",
  "userId": "690c4c43be8f36eb0f3c17b9"
}
[2025-11-11T06:22:01.624Z] [INFO] {
  "timestamp": "2025-11-11T06:22:01.624Z",
  "method": "GET",
  "url": "/api/finance/projects?search=&status=all&year=2025",
  "ip": "::1",
  "userId": "anonymous",
  "userAgent": "Mozilla/5.0 (Windows NT 10.0; Win64; x64) AppleWebKit/537.36 (KHTML, like Gecko) Chrome/142.0.0.0 Safari/537.36"
}
[2025-11-11T06:22:01.632Z] [INFO] {
  "timestamp": "2025-11-11T06:22:01.632Z",
  "method": "GET",
  "url": "/api/finance/stats?year=2025",
  "ip": "::1",
  "userId": "anonymous",
  "userAgent": "Mozilla/5.0 (Windows NT 10.0; Win64; x64) AppleWebKit/537.36 (KHTML, like Gecko) Chrome/142.0.0.0 Safari/537.36"
}
[2025-11-11T06:22:01.679Z] [INFO] {
  "timestamp": "2025-11-11T06:22:01.679Z",
  "method": "GET",
  "url": "/api/finance/projects?search=&status=all&year=2025",
  "statusCode": 200,
  "responseTime": "55ms",
  "userId": "690c4c43be8f36eb0f3c17b9"
}
[2025-11-11T06:22:01.717Z] [INFO] {
  "timestamp": "2025-11-11T06:22:01.717Z",
  "method": "GET",
  "url": "/api/finance/projects?search=&status=all&year=2025",
  "ip": "::1",
  "userId": "anonymous",
  "userAgent": "Mozilla/5.0 (Windows NT 10.0; Win64; x64) AppleWebKit/537.36 (KHTML, like Gecko) Chrome/142.0.0.0 Safari/537.36"
}
[2025-11-11T06:22:01.740Z] [INFO] {
  "timestamp": "2025-11-11T06:22:01.740Z",
  "method": "GET",
  "url": "/api/finance/stats?year=2025",
  "statusCode": 200,
  "responseTime": "108ms",
  "userId": "690c4c43be8f36eb0f3c17b9"
}
[2025-11-11T06:22:01.753Z] [INFO] {
  "timestamp": "2025-11-11T06:22:01.753Z",
  "method": "GET",
  "url": "/api/finance/stats?year=2025",
  "ip": "::1",
  "userId": "anonymous",
  "userAgent": "Mozilla/5.0 (Windows NT 10.0; Win64; x64) AppleWebKit/537.36 (KHTML, like Gecko) Chrome/142.0.0.0 Safari/537.36"
}
[2025-11-11T06:22:01.778Z] [INFO] {
  "timestamp": "2025-11-11T06:22:01.778Z",
  "method": "GET",
  "url": "/api/finance/projects?search=&status=all&year=2025",
  "statusCode": 200,
  "responseTime": "61ms",
  "userId": "690c4c43be8f36eb0f3c17b9"
}
[2025-11-11T06:22:01.801Z] [INFO] {
  "timestamp": "2025-11-11T06:22:01.801Z",
  "method": "GET",
  "url": "/api/finance/stats?year=2025",
  "statusCode": 200,
  "responseTime": "48ms",
  "userId": "690c4c43be8f36eb0f3c17b9"
}
[2025-11-11T06:22:01.839Z] [INFO] {
  "timestamp": "2025-11-11T06:22:01.839Z",
  "method": "GET",
  "url": "/favicon.ico",
  "ip": "127.0.0.1",
  "userId": "anonymous",
  "userAgent": "Mozilla/5.0 (Windows NT 10.0; Win64; x64) AppleWebKit/537.36 (KHTML, like Gecko) Chrome/142.0.0.0 Safari/537.36"
}
[2025-11-11T06:22:01.840Z] [INFO] {
  "timestamp": "2025-11-11T06:22:01.840Z",
  "method": "GET",
  "url": "/favicon.ico",
  "statusCode": 200,
  "responseTime": "2ms",
  "userId": "anonymous"
}
[2025-11-11T06:23:23.067Z] [INFO] {
  "timestamp": "2025-11-11T06:23:23.067Z",
  "method": "GET",
  "url": "/api/finance/projects?search=&status=all&year=2025",
  "ip": "::1",
  "userId": "anonymous",
  "userAgent": "Mozilla/5.0 (Windows NT 10.0; Win64; x64) AppleWebKit/537.36 (KHTML, like Gecko) Chrome/142.0.0.0 Safari/537.36"
}
[2025-11-11T06:23:23.071Z] [INFO] {
  "timestamp": "2025-11-11T06:23:23.071Z",
  "method": "GET",
  "url": "/api/finance/stats?year=2025",
  "ip": "::1",
  "userId": "anonymous",
  "userAgent": "Mozilla/5.0 (Windows NT 10.0; Win64; x64) AppleWebKit/537.36 (KHTML, like Gecko) Chrome/142.0.0.0 Safari/537.36"
}
[2025-11-11T06:23:23.104Z] [INFO] {
  "timestamp": "2025-11-11T06:23:23.104Z",
  "method": "GET",
  "url": "/api/finance/projects?search=&status=all&year=2025",
  "statusCode": 200,
  "responseTime": "37ms",
  "userId": "690c4c43be8f36eb0f3c17b9"
}
[2025-11-11T06:23:23.121Z] [INFO] {
  "timestamp": "2025-11-11T06:23:23.121Z",
  "method": "GET",
  "url": "/api/finance/stats?year=2025",
  "statusCode": 200,
  "responseTime": "50ms",
  "userId": "690c4c43be8f36eb0f3c17b9"
}
[2025-11-11T06:23:32.060Z] [INFO] {
  "timestamp": "2025-11-11T06:23:32.060Z",
  "method": "GET",
  "url": "/api/finance/projects?search=&status=all&year=2025",
  "ip": "::1",
  "userId": "anonymous",
  "userAgent": "Mozilla/5.0 (Windows NT 10.0; Win64; x64) AppleWebKit/537.36 (KHTML, like Gecko) Chrome/142.0.0.0 Safari/537.36"
}
[2025-11-11T06:23:32.070Z] [INFO] {
  "timestamp": "2025-11-11T06:23:32.070Z",
  "method": "GET",
  "url": "/api/finance/stats?year=2025",
  "ip": "::1",
  "userId": "anonymous",
  "userAgent": "Mozilla/5.0 (Windows NT 10.0; Win64; x64) AppleWebKit/537.36 (KHTML, like Gecko) Chrome/142.0.0.0 Safari/537.36"
}
[2025-11-11T06:23:32.115Z] [INFO] {
  "timestamp": "2025-11-11T06:23:32.115Z",
  "method": "GET",
  "url": "/api/finance/projects?search=&status=all&year=2025",
  "statusCode": 200,
  "responseTime": "55ms",
  "userId": "690c4c43be8f36eb0f3c17b9"
}
[2025-11-11T06:23:32.136Z] [INFO] {
  "timestamp": "2025-11-11T06:23:32.136Z",
  "method": "GET",
  "url": "/api/finance/stats?year=2025",
  "statusCode": 200,
  "responseTime": "66ms",
  "userId": "690c4c43be8f36eb0f3c17b9"
}
[2025-11-11T06:23:44.067Z] [INFO] {
  "timestamp": "2025-11-11T06:23:44.067Z",
  "method": "GET",
  "url": "/api/finance/projects?search=&status=all&year=2025",
  "ip": "::1",
  "userId": "anonymous",
  "userAgent": "Mozilla/5.0 (Windows NT 10.0; Win64; x64) AppleWebKit/537.36 (KHTML, like Gecko) Chrome/142.0.0.0 Safari/537.36"
}
[2025-11-11T06:23:44.073Z] [INFO] {
  "timestamp": "2025-11-11T06:23:44.073Z",
  "method": "GET",
  "url": "/api/finance/stats?year=2025",
  "ip": "::1",
  "userId": "anonymous",
  "userAgent": "Mozilla/5.0 (Windows NT 10.0; Win64; x64) AppleWebKit/537.36 (KHTML, like Gecko) Chrome/142.0.0.0 Safari/537.36"
}
[2025-11-11T06:23:44.092Z] [INFO] {
  "timestamp": "2025-11-11T06:23:44.092Z",
  "method": "GET",
  "url": "/api/finance/projects?search=&status=all&year=2025",
  "statusCode": 200,
  "responseTime": "25ms",
  "userId": "690c4c43be8f36eb0f3c17b9"
}
[2025-11-11T06:23:44.110Z] [INFO] {
  "timestamp": "2025-11-11T06:23:44.110Z",
  "method": "GET",
  "url": "/api/finance/stats?year=2025",
  "statusCode": 200,
  "responseTime": "37ms",
  "userId": "690c4c43be8f36eb0f3c17b9"
}
[2025-11-11T06:23:58.068Z] [INFO] {
  "timestamp": "2025-11-11T06:23:58.068Z",
  "method": "GET",
  "url": "/api/finance/projects?search=&status=all&year=2025",
  "ip": "::1",
  "userId": "anonymous",
  "userAgent": "Mozilla/5.0 (Windows NT 10.0; Win64; x64) AppleWebKit/537.36 (KHTML, like Gecko) Chrome/142.0.0.0 Safari/537.36"
}
[2025-11-11T06:23:58.075Z] [INFO] {
  "timestamp": "2025-11-11T06:23:58.075Z",
  "method": "GET",
  "url": "/api/finance/stats?year=2025",
  "ip": "::1",
  "userId": "anonymous",
  "userAgent": "Mozilla/5.0 (Windows NT 10.0; Win64; x64) AppleWebKit/537.36 (KHTML, like Gecko) Chrome/142.0.0.0 Safari/537.36"
}
[2025-11-11T06:23:58.120Z] [INFO] {
  "timestamp": "2025-11-11T06:23:58.120Z",
  "method": "GET",
  "url": "/api/finance/projects?search=&status=all&year=2025",
  "statusCode": 200,
  "responseTime": "52ms",
  "userId": "690c4c43be8f36eb0f3c17b9"
}
[2025-11-11T06:23:58.143Z] [INFO] {
  "timestamp": "2025-11-11T06:23:58.143Z",
  "method": "GET",
  "url": "/api/finance/stats?year=2025",
  "statusCode": 200,
  "responseTime": "69ms",
  "userId": "690c4c43be8f36eb0f3c17b9"
}
[2025-11-11T06:24:13.074Z] [INFO] {
  "timestamp": "2025-11-11T06:24:13.074Z",
  "method": "GET",
  "url": "/api/finance/projects?search=&status=all&year=2025",
  "ip": "::1",
  "userId": "anonymous",
  "userAgent": "Mozilla/5.0 (Windows NT 10.0; Win64; x64) AppleWebKit/537.36 (KHTML, like Gecko) Chrome/142.0.0.0 Safari/537.36"
}
[2025-11-11T06:24:13.083Z] [INFO] {
  "timestamp": "2025-11-11T06:24:13.083Z",
  "method": "GET",
  "url": "/api/finance/stats?year=2025",
  "ip": "::1",
  "userId": "anonymous",
  "userAgent": "Mozilla/5.0 (Windows NT 10.0; Win64; x64) AppleWebKit/537.36 (KHTML, like Gecko) Chrome/142.0.0.0 Safari/537.36"
}
[2025-11-11T06:24:13.110Z] [INFO] {
  "timestamp": "2025-11-11T06:24:13.110Z",
  "method": "GET",
  "url": "/api/finance/projects?search=&status=all&year=2025",
  "statusCode": 200,
  "responseTime": "36ms",
  "userId": "690c4c43be8f36eb0f3c17b9"
}
[2025-11-11T06:24:13.125Z] [INFO] {
  "timestamp": "2025-11-11T06:24:13.125Z",
  "method": "GET",
  "url": "/api/finance/stats?year=2025",
  "statusCode": 200,
  "responseTime": "42ms",
  "userId": "690c4c43be8f36eb0f3c17b9"
}
[2025-11-11T06:24:22.066Z] [INFO] {
  "timestamp": "2025-11-11T06:24:22.066Z",
  "method": "GET",
  "url": "/api/finance/projects?search=&status=all&year=2025",
  "ip": "::1",
  "userId": "anonymous",
  "userAgent": "Mozilla/5.0 (Windows NT 10.0; Win64; x64) AppleWebKit/537.36 (KHTML, like Gecko) Chrome/142.0.0.0 Safari/537.36"
}
[2025-11-11T06:24:22.071Z] [INFO] {
  "timestamp": "2025-11-11T06:24:22.071Z",
  "method": "GET",
  "url": "/api/finance/stats?year=2025",
  "ip": "::1",
  "userId": "anonymous",
  "userAgent": "Mozilla/5.0 (Windows NT 10.0; Win64; x64) AppleWebKit/537.36 (KHTML, like Gecko) Chrome/142.0.0.0 Safari/537.36"
}
[2025-11-11T06:24:22.111Z] [INFO] {
  "timestamp": "2025-11-11T06:24:22.111Z",
  "method": "GET",
  "url": "/api/finance/projects?search=&status=all&year=2025",
  "statusCode": 200,
  "responseTime": "45ms",
  "userId": "690c4c43be8f36eb0f3c17b9"
}
[2025-11-11T06:24:22.127Z] [INFO] {
  "timestamp": "2025-11-11T06:24:22.127Z",
  "method": "GET",
  "url": "/api/finance/stats?year=2025",
  "statusCode": 200,
  "responseTime": "56ms",
  "userId": "690c4c43be8f36eb0f3c17b9"
}
[2025-11-11T06:24:32.060Z] [INFO] {
  "timestamp": "2025-11-11T06:24:32.060Z",
  "method": "GET",
  "url": "/api/finance/projects?search=&status=all&year=2025",
  "ip": "::1",
  "userId": "anonymous",
  "userAgent": "Mozilla/5.0 (Windows NT 10.0; Win64; x64) AppleWebKit/537.36 (KHTML, like Gecko) Chrome/142.0.0.0 Safari/537.36"
}
[2025-11-11T06:24:32.064Z] [INFO] {
  "timestamp": "2025-11-11T06:24:32.064Z",
  "method": "GET",
  "url": "/api/finance/stats?year=2025",
  "ip": "::1",
  "userId": "anonymous",
  "userAgent": "Mozilla/5.0 (Windows NT 10.0; Win64; x64) AppleWebKit/537.36 (KHTML, like Gecko) Chrome/142.0.0.0 Safari/537.36"
}
[2025-11-11T06:24:32.085Z] [INFO] {
  "timestamp": "2025-11-11T06:24:32.085Z",
  "method": "GET",
  "url": "/api/finance/projects?search=&status=all&year=2025",
  "statusCode": 200,
  "responseTime": "25ms",
  "userId": "690c4c43be8f36eb0f3c17b9"
}
[2025-11-11T06:24:32.098Z] [INFO] {
  "timestamp": "2025-11-11T06:24:32.098Z",
  "method": "GET",
  "url": "/api/finance/stats?year=2025",
  "statusCode": 200,
  "responseTime": "34ms",
  "userId": "690c4c43be8f36eb0f3c17b9"
}
[2025-11-11T06:25:00.696Z] [INFO] Email service initialized successfully
[2025-11-11T06:26:39.355Z] [INFO] {
  "timestamp": "2025-11-11T06:26:39.355Z",
  "method": "GET",
  "url": "/api/auth/me",
  "ip": "::1",
  "userId": "anonymous",
  "userAgent": "Mozilla/5.0 (Windows NT 10.0; Win64; x64) AppleWebKit/537.36 (KHTML, like Gecko) Chrome/142.0.0.0 Safari/537.36"
}
[2025-11-11T06:26:39.369Z] [INFO] {
  "timestamp": "2025-11-11T06:26:39.369Z",
  "method": "GET",
  "url": "/api/auth/me",
  "ip": "::1",
  "userId": "anonymous",
  "userAgent": "Mozilla/5.0 (Windows NT 10.0; Win64; x64) AppleWebKit/537.36 (KHTML, like Gecko) Chrome/142.0.0.0 Safari/537.36"
}
[2025-11-11T06:26:39.379Z] [INFO] {
  "timestamp": "2025-11-11T06:26:39.379Z",
  "method": "GET",
  "url": "/favicon.ico",
  "ip": "127.0.0.1",
  "userId": "anonymous",
  "userAgent": "Mozilla/5.0 (Windows NT 10.0; Win64; x64) AppleWebKit/537.36 (KHTML, like Gecko) Chrome/142.0.0.0 Safari/537.36"
}
[2025-11-11T06:26:39.384Z] [INFO] {
  "timestamp": "2025-11-11T06:26:39.384Z",
  "method": "GET",
  "url": "/favicon.ico",
  "statusCode": 200,
  "responseTime": "5ms",
  "userId": "anonymous"
}
[2025-11-11T06:26:39.419Z] [INFO] {
  "timestamp": "2025-11-11T06:26:39.419Z",
  "method": "GET",
  "url": "/api/auth/me",
  "statusCode": 200,
  "responseTime": "64ms",
  "userId": "690c4c43be8f36eb0f3c17b9"
}
[2025-11-11T06:26:39.426Z] [INFO] {
  "timestamp": "2025-11-11T06:26:39.426Z",
  "method": "GET",
  "url": "/api/auth/me",
  "statusCode": 200,
  "responseTime": "57ms",
  "userId": "690c4c43be8f36eb0f3c17b9"
}
[2025-11-11T06:26:39.470Z] [INFO] {
  "timestamp": "2025-11-11T06:26:39.470Z",
  "method": "GET",
  "url": "/api/finance/projects?search=&status=all&year=2025",
  "ip": "::1",
  "userId": "anonymous",
  "userAgent": "Mozilla/5.0 (Windows NT 10.0; Win64; x64) AppleWebKit/537.36 (KHTML, like Gecko) Chrome/142.0.0.0 Safari/537.36"
}
[2025-11-11T06:26:39.478Z] [INFO] {
  "timestamp": "2025-11-11T06:26:39.478Z",
  "method": "GET",
  "url": "/api/finance/stats?year=2025",
  "ip": "::1",
  "userId": "anonymous",
  "userAgent": "Mozilla/5.0 (Windows NT 10.0; Win64; x64) AppleWebKit/537.36 (KHTML, like Gecko) Chrome/142.0.0.0 Safari/537.36"
}
[2025-11-11T06:26:39.553Z] [INFO] {
  "timestamp": "2025-11-11T06:26:39.553Z",
  "method": "GET",
  "url": "/api/finance/projects?search=&status=all&year=2025",
  "statusCode": 200,
  "responseTime": "83ms",
  "userId": "690c4c43be8f36eb0f3c17b9"
}
[2025-11-11T06:26:39.576Z] [INFO] {
  "timestamp": "2025-11-11T06:26:39.576Z",
  "method": "GET",
  "url": "/api/finance/projects?search=&status=all&year=2025",
  "ip": "::1",
  "userId": "anonymous",
  "userAgent": "Mozilla/5.0 (Windows NT 10.0; Win64; x64) AppleWebKit/537.36 (KHTML, like Gecko) Chrome/142.0.0.0 Safari/537.36"
}
[2025-11-11T06:26:39.590Z] [INFO] {
  "timestamp": "2025-11-11T06:26:39.589Z",
  "method": "GET",
  "url": "/api/finance/stats?year=2025",
  "statusCode": 200,
  "responseTime": "111ms",
  "userId": "690c4c43be8f36eb0f3c17b9"
}
[2025-11-11T06:26:39.599Z] [INFO] {
  "timestamp": "2025-11-11T06:26:39.599Z",
  "method": "GET",
  "url": "/api/finance/stats?year=2025",
  "ip": "::1",
  "userId": "anonymous",
  "userAgent": "Mozilla/5.0 (Windows NT 10.0; Win64; x64) AppleWebKit/537.36 (KHTML, like Gecko) Chrome/142.0.0.0 Safari/537.36"
}
[2025-11-11T06:26:39.631Z] [INFO] {
  "timestamp": "2025-11-11T06:26:39.631Z",
  "method": "GET",
  "url": "/api/finance/projects?search=&status=all&year=2025",
  "statusCode": 200,
  "responseTime": "55ms",
  "userId": "690c4c43be8f36eb0f3c17b9"
}
[2025-11-11T06:26:39.655Z] [INFO] {
  "timestamp": "2025-11-11T06:26:39.655Z",
  "method": "GET",
  "url": "/api/finance/stats?year=2025",
  "statusCode": 200,
  "responseTime": "56ms",
  "userId": "690c4c43be8f36eb0f3c17b9"
}
[2025-11-11T06:26:49.917Z] [INFO] Email service initialized successfully
[2025-11-11T06:26:53.841Z] [INFO] {
  "timestamp": "2025-11-11T06:26:53.841Z",
  "method": "GET",
  "url": "/main.2b713aa7bdefd774d882.hot-update.json",
  "ip": "127.0.0.1",
  "userId": "anonymous",
  "userAgent": "Mozilla/5.0 (Windows NT 10.0; Win64; x64) AppleWebKit/537.36 (KHTML, like Gecko) Chrome/142.0.0.0 Safari/537.36"
}
[2025-11-11T06:26:53.843Z] [INFO] {
  "timestamp": "2025-11-11T06:26:53.843Z",
  "method": "GET",
  "url": "/main.2b713aa7bdefd774d882.hot-update.json",
  "statusCode": 200,
  "responseTime": "2ms",
  "userId": "anonymous"
}
[2025-11-11T06:26:54.184Z] [INFO] {
  "timestamp": "2025-11-11T06:26:54.184Z",
  "method": "GET",
  "url": "/api/auth/me",
  "ip": "::1",
  "userId": "anonymous",
  "userAgent": "Mozilla/5.0 (Windows NT 10.0; Win64; x64) AppleWebKit/537.36 (KHTML, like Gecko) Chrome/142.0.0.0 Safari/537.36"
}
[2025-11-11T06:26:54.199Z] [INFO] {
  "timestamp": "2025-11-11T06:26:54.199Z",
  "method": "GET",
  "url": "/favicon.ico",
  "ip": "127.0.0.1",
  "userId": "anonymous",
  "userAgent": "Mozilla/5.0 (Windows NT 10.0; Win64; x64) AppleWebKit/537.36 (KHTML, like Gecko) Chrome/142.0.0.0 Safari/537.36"
}
[2025-11-11T06:26:54.206Z] [INFO] {
  "timestamp": "2025-11-11T06:26:54.206Z",
  "method": "GET",
  "url": "/favicon.ico",
  "statusCode": 200,
  "responseTime": "7ms",
  "userId": "anonymous"
}
[2025-11-11T06:26:54.229Z] [INFO] {
  "timestamp": "2025-11-11T06:26:54.229Z",
  "method": "GET",
  "url": "/api/auth/me",
  "statusCode": 200,
  "responseTime": "45ms",
  "userId": "690c4c43be8f36eb0f3c17b9"
}
[2025-11-11T06:26:54.234Z] [INFO] {
  "timestamp": "2025-11-11T06:26:54.234Z",
  "method": "GET",
  "url": "/api/auth/me",
  "ip": "::1",
  "userId": "anonymous",
  "userAgent": "Mozilla/5.0 (Windows NT 10.0; Win64; x64) AppleWebKit/537.36 (KHTML, like Gecko) Chrome/142.0.0.0 Safari/537.36"
}
[2025-11-11T06:26:54.246Z] [INFO] {
  "timestamp": "2025-11-11T06:26:54.246Z",
  "method": "GET",
  "url": "/api/auth/me",
  "statusCode": 200,
  "responseTime": "12ms",
  "userId": "690c4c43be8f36eb0f3c17b9"
}
[2025-11-11T06:26:54.276Z] [INFO] {
  "timestamp": "2025-11-11T06:26:54.276Z",
  "method": "GET",
  "url": "/favicon.ico",
  "ip": "127.0.0.1",
  "userId": "anonymous",
  "userAgent": "Mozilla/5.0 (Windows NT 10.0; Win64; x64) AppleWebKit/537.36 (KHTML, like Gecko) Chrome/142.0.0.0 Safari/537.36"
}
[2025-11-11T06:26:54.277Z] [INFO] {
  "timestamp": "2025-11-11T06:26:54.277Z",
  "method": "GET",
  "url": "/favicon.ico",
  "statusCode": 200,
  "responseTime": "1ms",
  "userId": "anonymous"
}
[2025-11-11T06:26:54.794Z] [INFO] {
  "timestamp": "2025-11-11T06:26:54.794Z",
  "method": "GET",
  "url": "/api/activities/recent?limit=3",
  "ip": "127.0.0.1",
  "userId": "anonymous",
  "userAgent": "Mozilla/5.0 (Windows NT 10.0; Win64; x64) AppleWebKit/537.36 (KHTML, like Gecko) Chrome/142.0.0.0 Safari/537.36"
}
[2025-11-11T06:26:54.809Z] [INFO] {
  "timestamp": "2025-11-11T06:26:54.809Z",
  "method": "GET",
  "url": "/api/activities/recent?limit=3",
  "statusCode": 200,
  "responseTime": "15ms",
  "userId": "690c4c43be8f36eb0f3c17b9"
}
[2025-11-11T06:26:55.130Z] [INFO] {
  "timestamp": "2025-11-11T06:26:55.130Z",
  "method": "GET",
  "url": "/api/activities/recent?limit=3",
  "ip": "127.0.0.1",
  "userId": "anonymous",
  "userAgent": "Mozilla/5.0 (Windows NT 10.0; Win64; x64) AppleWebKit/537.36 (KHTML, like Gecko) Chrome/142.0.0.0 Safari/537.36"
}
[2025-11-11T06:26:55.145Z] [INFO] {
  "timestamp": "2025-11-11T06:26:55.145Z",
  "method": "GET",
  "url": "/api/activities/recent?limit=3",
  "statusCode": 200,
  "responseTime": "15ms",
  "userId": "690c4c43be8f36eb0f3c17b9"
}
[2025-11-11T06:26:55.279Z] [INFO] {
  "timestamp": "2025-11-11T06:26:55.279Z",
  "method": "GET",
  "url": "/api/finance/projects?search=&status=all&year=2025",
  "ip": "::1",
  "userId": "anonymous",
  "userAgent": "Mozilla/5.0 (Windows NT 10.0; Win64; x64) AppleWebKit/537.36 (KHTML, like Gecko) Chrome/142.0.0.0 Safari/537.36"
}
[2025-11-11T06:26:55.288Z] [INFO] {
  "timestamp": "2025-11-11T06:26:55.288Z",
  "method": "GET",
  "url": "/api/finance/stats?year=2025",
  "ip": "::1",
  "userId": "anonymous",
  "userAgent": "Mozilla/5.0 (Windows NT 10.0; Win64; x64) AppleWebKit/537.36 (KHTML, like Gecko) Chrome/142.0.0.0 Safari/537.36"
}
[2025-11-11T06:26:55.312Z] [INFO] {
  "timestamp": "2025-11-11T06:26:55.312Z",
  "method": "GET",
  "url": "/api/finance/projects?search=&status=all&year=2025",
  "statusCode": 200,
  "responseTime": "33ms",
  "userId": "690c4c43be8f36eb0f3c17b9"
}
[2025-11-11T06:26:55.323Z] [INFO] {
  "timestamp": "2025-11-11T06:26:55.323Z",
  "method": "GET",
  "url": "/api/finance/projects?search=&status=all&year=2025",
  "ip": "::1",
  "userId": "anonymous",
  "userAgent": "Mozilla/5.0 (Windows NT 10.0; Win64; x64) AppleWebKit/537.36 (KHTML, like Gecko) Chrome/142.0.0.0 Safari/537.36"
}
[2025-11-11T06:26:55.334Z] [INFO] {
  "timestamp": "2025-11-11T06:26:55.334Z",
  "method": "GET",
  "url": "/api/finance/stats?year=2025",
  "statusCode": 200,
  "responseTime": "46ms",
  "userId": "690c4c43be8f36eb0f3c17b9"
}
[2025-11-11T06:26:55.340Z] [INFO] {
  "timestamp": "2025-11-11T06:26:55.340Z",
  "method": "GET",
  "url": "/api/finance/stats?year=2025",
  "ip": "::1",
  "userId": "anonymous",
  "userAgent": "Mozilla/5.0 (Windows NT 10.0; Win64; x64) AppleWebKit/537.36 (KHTML, like Gecko) Chrome/142.0.0.0 Safari/537.36"
}
[2025-11-11T06:26:55.359Z] [INFO] {
  "timestamp": "2025-11-11T06:26:55.359Z",
  "method": "GET",
  "url": "/api/finance/projects?search=&status=all&year=2025",
  "statusCode": 200,
  "responseTime": "36ms",
  "userId": "690c4c43be8f36eb0f3c17b9"
}
[2025-11-11T06:26:55.384Z] [INFO] {
  "timestamp": "2025-11-11T06:26:55.384Z",
  "method": "GET",
  "url": "/favicon.ico",
  "ip": "127.0.0.1",
  "userId": "anonymous",
  "userAgent": "Mozilla/5.0 (Windows NT 10.0; Win64; x64) AppleWebKit/537.36 (KHTML, like Gecko) Chrome/142.0.0.0 Safari/537.36"
}
[2025-11-11T06:26:55.385Z] [INFO] {
  "timestamp": "2025-11-11T06:26:55.385Z",
  "method": "GET",
  "url": "/favicon.ico",
  "statusCode": 200,
  "responseTime": "1ms",
  "userId": "anonymous"
}
[2025-11-11T06:26:55.395Z] [INFO] {
  "timestamp": "2025-11-11T06:26:55.395Z",
  "method": "GET",
  "url": "/api/finance/stats?year=2025",
  "statusCode": 200,
  "responseTime": "55ms",
  "userId": "690c4c43be8f36eb0f3c17b9"
}
[2025-11-11T06:29:10.738Z] [INFO] Email service initialized successfully
[2025-11-11T06:30:43.534Z] [INFO] Email service initialized successfully
[2025-11-11T06:30:47.398Z] [INFO] {
  "timestamp": "2025-11-11T06:30:47.398Z",
  "method": "GET",
  "url": "/favicon.ico",
  "ip": "127.0.0.1",
  "userId": "anonymous",
  "userAgent": "Mozilla/5.0 (Windows NT 10.0; Win64; x64) AppleWebKit/537.36 (KHTML, like Gecko) Chrome/142.0.0.0 Safari/537.36"
}
[2025-11-11T06:30:47.409Z] [INFO] {
  "timestamp": "2025-11-11T06:30:47.409Z",
  "method": "GET",
  "url": "/favicon.ico",
  "statusCode": 200,
  "responseTime": "10ms",
  "userId": "anonymous"
}
[2025-11-11T06:30:54.698Z] [INFO] {
  "timestamp": "2025-11-11T06:30:54.698Z",
  "method": "GET",
  "url": "/api/auth/me",
  "ip": "::1",
  "userId": "anonymous",
  "userAgent": "Mozilla/5.0 (Windows NT 10.0; Win64; x64) AppleWebKit/537.36 (KHTML, like Gecko) Chrome/142.0.0.0 Safari/537.36"
}
[2025-11-11T06:30:54.712Z] [INFO] {
  "timestamp": "2025-11-11T06:30:54.712Z",
  "method": "GET",
  "url": "/favicon.ico",
  "ip": "127.0.0.1",
  "userId": "anonymous",
  "userAgent": "Mozilla/5.0 (Windows NT 10.0; Win64; x64) AppleWebKit/537.36 (KHTML, like Gecko) Chrome/142.0.0.0 Safari/537.36"
}
[2025-11-11T06:30:54.717Z] [INFO] {
  "timestamp": "2025-11-11T06:30:54.717Z",
  "method": "GET",
  "url": "/favicon.ico",
  "statusCode": 200,
  "responseTime": "5ms",
  "userId": "anonymous"
}
[2025-11-11T06:30:54.745Z] [INFO] {
  "timestamp": "2025-11-11T06:30:54.745Z",
  "method": "GET",
  "url": "/api/auth/me",
  "statusCode": 200,
  "responseTime": "47ms",
  "userId": "690c4c43be8f36eb0f3c17b9"
}
[2025-11-11T06:30:54.755Z] [INFO] {
  "timestamp": "2025-11-11T06:30:54.755Z",
  "method": "GET",
  "url": "/api/auth/me",
  "ip": "::1",
  "userId": "anonymous",
  "userAgent": "Mozilla/5.0 (Windows NT 10.0; Win64; x64) AppleWebKit/537.36 (KHTML, like Gecko) Chrome/142.0.0.0 Safari/537.36"
}
[2025-11-11T06:30:54.770Z] [INFO] {
  "timestamp": "2025-11-11T06:30:54.770Z",
  "method": "GET",
  "url": "/api/auth/me",
  "statusCode": 200,
  "responseTime": "15ms",
  "userId": "690c4c43be8f36eb0f3c17b9"
}
[2025-11-11T06:30:54.777Z] [INFO] {
  "timestamp": "2025-11-11T06:30:54.777Z",
  "method": "GET",
  "url": "/favicon.ico",
  "ip": "127.0.0.1",
  "userId": "anonymous",
  "userAgent": "Mozilla/5.0 (Windows NT 10.0; Win64; x64) AppleWebKit/537.36 (KHTML, like Gecko) Chrome/142.0.0.0 Safari/537.36"
}
[2025-11-11T06:30:54.779Z] [INFO] {
  "timestamp": "2025-11-11T06:30:54.779Z",
  "method": "GET",
  "url": "/favicon.ico",
  "statusCode": 200,
  "responseTime": "2ms",
  "userId": "anonymous"
}
[2025-11-11T06:30:54.792Z] [INFO] {
  "timestamp": "2025-11-11T06:30:54.792Z",
  "method": "GET",
  "url": "/api/activities/recent?limit=3",
  "ip": "127.0.0.1",
  "userId": "anonymous",
  "userAgent": "Mozilla/5.0 (Windows NT 10.0; Win64; x64) AppleWebKit/537.36 (KHTML, like Gecko) Chrome/142.0.0.0 Safari/537.36"
}
[2025-11-11T06:30:54.810Z] [INFO] {
  "timestamp": "2025-11-11T06:30:54.810Z",
  "method": "GET",
  "url": "/api/activities/recent?limit=3",
  "statusCode": 200,
  "responseTime": "18ms",
  "userId": "690c4c43be8f36eb0f3c17b9"
}
[2025-11-11T06:30:55.132Z] [INFO] {
  "timestamp": "2025-11-11T06:30:55.132Z",
  "method": "GET",
  "url": "/api/activities/recent?limit=3",
  "ip": "127.0.0.1",
  "userId": "anonymous",
  "userAgent": "Mozilla/5.0 (Windows NT 10.0; Win64; x64) AppleWebKit/537.36 (KHTML, like Gecko) Chrome/142.0.0.0 Safari/537.36"
}
[2025-11-11T06:30:55.143Z] [INFO] {
  "timestamp": "2025-11-11T06:30:55.143Z",
  "method": "GET",
  "url": "/api/activities/recent?limit=3",
  "statusCode": 200,
  "responseTime": "11ms",
  "userId": "690c4c43be8f36eb0f3c17b9"
}
[2025-11-11T06:30:59.964Z] [INFO] {
  "timestamp": "2025-11-11T06:30:59.964Z",
  "method": "GET",
  "url": "/api/finance/projects?search=&status=all&year=2025",
  "ip": "::1",
  "userId": "anonymous",
  "userAgent": "Mozilla/5.0 (Windows NT 10.0; Win64; x64) AppleWebKit/537.36 (KHTML, like Gecko) Chrome/142.0.0.0 Safari/537.36"
}
[2025-11-11T06:30:59.978Z] [INFO] {
  "timestamp": "2025-11-11T06:30:59.978Z",
  "method": "GET",
  "url": "/api/finance/stats?year=2025",
  "ip": "::1",
  "userId": "anonymous",
  "userAgent": "Mozilla/5.0 (Windows NT 10.0; Win64; x64) AppleWebKit/537.36 (KHTML, like Gecko) Chrome/142.0.0.0 Safari/537.36"
}
[2025-11-11T06:30:59.993Z] [INFO] {
  "timestamp": "2025-11-11T06:30:59.993Z",
  "method": "GET",
  "url": "/favicon.ico",
  "ip": "127.0.0.1",
  "userId": "anonymous",
  "userAgent": "Mozilla/5.0 (Windows NT 10.0; Win64; x64) AppleWebKit/537.36 (KHTML, like Gecko) Chrome/142.0.0.0 Safari/537.36"
}
[2025-11-11T06:31:00.003Z] [INFO] {
  "timestamp": "2025-11-11T06:31:00.003Z",
  "method": "GET",
  "url": "/favicon.ico",
  "statusCode": 200,
  "responseTime": "10ms",
  "userId": "anonymous"
}
[2025-11-11T06:31:00.079Z] [INFO] {
  "timestamp": "2025-11-11T06:31:00.079Z",
  "method": "GET",
  "url": "/api/finance/projects?search=&status=all&year=2025",
  "statusCode": 200,
  "responseTime": "115ms",
  "userId": "690c4c43be8f36eb0f3c17b9"
}
[2025-11-11T06:31:00.094Z] [INFO] {
  "timestamp": "2025-11-11T06:31:00.094Z",
  "method": "GET",
  "url": "/api/finance/projects?search=&status=all&year=2025",
  "ip": "::1",
  "userId": "anonymous",
  "userAgent": "Mozilla/5.0 (Windows NT 10.0; Win64; x64) AppleWebKit/537.36 (KHTML, like Gecko) Chrome/142.0.0.0 Safari/537.36"
}
[2025-11-11T06:31:00.114Z] [INFO] {
  "timestamp": "2025-11-11T06:31:00.114Z",
  "method": "GET",
  "url": "/api/finance/stats?year=2025",
  "statusCode": 200,
  "responseTime": "136ms",
  "userId": "690c4c43be8f36eb0f3c17b9"
}
[2025-11-11T06:31:00.126Z] [INFO] {
  "timestamp": "2025-11-11T06:31:00.126Z",
  "method": "GET",
  "url": "/api/finance/stats?year=2025",
  "ip": "::1",
  "userId": "anonymous",
  "userAgent": "Mozilla/5.0 (Windows NT 10.0; Win64; x64) AppleWebKit/537.36 (KHTML, like Gecko) Chrome/142.0.0.0 Safari/537.36"
}
[2025-11-11T06:31:00.142Z] [INFO] {
  "timestamp": "2025-11-11T06:31:00.142Z",
  "method": "GET",
  "url": "/api/finance/projects?search=&status=all&year=2025",
  "statusCode": 200,
  "responseTime": "48ms",
  "userId": "690c4c43be8f36eb0f3c17b9"
}
[2025-11-11T06:31:00.169Z] [INFO] {
  "timestamp": "2025-11-11T06:31:00.169Z",
  "method": "GET",
  "url": "/api/finance/stats?year=2025",
  "statusCode": 200,
  "responseTime": "43ms",
  "userId": "690c4c43be8f36eb0f3c17b9"
}
[2025-11-11T06:33:38.046Z] [INFO] {
  "timestamp": "2025-11-11T06:33:38.046Z",
  "method": "GET",
  "url": "/api/finance/projects?search=&status=all&year=2025",
  "ip": "::1",
  "userId": "anonymous",
  "userAgent": "Mozilla/5.0 (Windows NT 10.0; Win64; x64) AppleWebKit/537.36 (KHTML, like Gecko) Chrome/142.0.0.0 Safari/537.36"
}
[2025-11-11T06:33:38.053Z] [INFO] {
  "timestamp": "2025-11-11T06:33:38.053Z",
  "method": "GET",
  "url": "/api/finance/stats?year=2025",
  "ip": "::1",
  "userId": "anonymous",
  "userAgent": "Mozilla/5.0 (Windows NT 10.0; Win64; x64) AppleWebKit/537.36 (KHTML, like Gecko) Chrome/142.0.0.0 Safari/537.36"
}
[2025-11-11T06:33:38.092Z] [INFO] {
  "timestamp": "2025-11-11T06:33:38.092Z",
  "method": "GET",
  "url": "/api/finance/projects?search=&status=all&year=2025",
  "statusCode": 200,
  "responseTime": "46ms",
  "userId": "690c4c43be8f36eb0f3c17b9"
}
[2025-11-11T06:33:38.117Z] [INFO] {
  "timestamp": "2025-11-11T06:33:38.117Z",
  "method": "GET",
  "url": "/api/finance/stats?year=2025",
  "statusCode": 200,
  "responseTime": "64ms",
  "userId": "690c4c43be8f36eb0f3c17b9"
}
[2025-11-11T06:37:23.054Z] [INFO] {
  "timestamp": "2025-11-11T06:37:23.054Z",
  "method": "GET",
  "url": "/api/finance/projects?search=&status=all&year=2025",
  "ip": "::1",
  "userId": "anonymous",
  "userAgent": "Mozilla/5.0 (Windows NT 10.0; Win64; x64) AppleWebKit/537.36 (KHTML, like Gecko) Chrome/142.0.0.0 Safari/537.36"
}
[2025-11-11T06:37:23.061Z] [INFO] {
  "timestamp": "2025-11-11T06:37:23.061Z",
  "method": "GET",
  "url": "/api/finance/stats?year=2025",
  "ip": "::1",
  "userId": "anonymous",
  "userAgent": "Mozilla/5.0 (Windows NT 10.0; Win64; x64) AppleWebKit/537.36 (KHTML, like Gecko) Chrome/142.0.0.0 Safari/537.36"
}
[2025-11-11T06:37:23.091Z] [INFO] {
  "timestamp": "2025-11-11T06:37:23.091Z",
  "method": "GET",
  "url": "/api/finance/projects?search=&status=all&year=2025",
  "statusCode": 200,
  "responseTime": "37ms",
  "userId": "690c4c43be8f36eb0f3c17b9"
}
[2025-11-11T06:37:23.107Z] [INFO] {
  "timestamp": "2025-11-11T06:37:23.107Z",
  "method": "GET",
  "url": "/api/finance/stats?year=2025",
  "statusCode": 200,
  "responseTime": "46ms",
  "userId": "690c4c43be8f36eb0f3c17b9"
}
[2025-11-11T06:37:37.058Z] [INFO] {
  "timestamp": "2025-11-11T06:37:37.058Z",
  "method": "GET",
  "url": "/api/finance/projects?search=&status=all&year=2025",
  "ip": "::1",
  "userId": "anonymous",
  "userAgent": "Mozilla/5.0 (Windows NT 10.0; Win64; x64) AppleWebKit/537.36 (KHTML, like Gecko) Chrome/142.0.0.0 Safari/537.36"
}
[2025-11-11T06:37:37.065Z] [INFO] {
  "timestamp": "2025-11-11T06:37:37.065Z",
  "method": "GET",
  "url": "/api/finance/stats?year=2025",
  "ip": "::1",
  "userId": "anonymous",
  "userAgent": "Mozilla/5.0 (Windows NT 10.0; Win64; x64) AppleWebKit/537.36 (KHTML, like Gecko) Chrome/142.0.0.0 Safari/537.36"
}
[2025-11-11T06:37:37.094Z] [INFO] {
  "timestamp": "2025-11-11T06:37:37.094Z",
  "method": "GET",
  "url": "/api/finance/projects?search=&status=all&year=2025",
  "statusCode": 200,
  "responseTime": "36ms",
  "userId": "690c4c43be8f36eb0f3c17b9"
}
[2025-11-11T06:37:37.119Z] [INFO] {
  "timestamp": "2025-11-11T06:37:37.119Z",
  "method": "GET",
  "url": "/api/finance/stats?year=2025",
  "statusCode": 200,
  "responseTime": "54ms",
  "userId": "690c4c43be8f36eb0f3c17b9"
}
[2025-11-11T06:42:04.057Z] [INFO] {
  "timestamp": "2025-11-11T06:42:04.057Z",
  "method": "GET",
  "url": "/api/finance/projects?search=&status=all&year=2025",
  "ip": "::1",
  "userId": "anonymous",
  "userAgent": "Mozilla/5.0 (Windows NT 10.0; Win64; x64) AppleWebKit/537.36 (KHTML, like Gecko) Chrome/142.0.0.0 Safari/537.36"
}
[2025-11-11T06:42:04.065Z] [INFO] {
  "timestamp": "2025-11-11T06:42:04.065Z",
  "method": "GET",
  "url": "/api/finance/stats?year=2025",
  "ip": "::1",
  "userId": "anonymous",
  "userAgent": "Mozilla/5.0 (Windows NT 10.0; Win64; x64) AppleWebKit/537.36 (KHTML, like Gecko) Chrome/142.0.0.0 Safari/537.36"
}
[2025-11-11T06:42:04.110Z] [INFO] {
  "timestamp": "2025-11-11T06:42:04.110Z",
  "method": "GET",
  "url": "/api/finance/projects?search=&status=all&year=2025",
  "statusCode": 200,
  "responseTime": "53ms",
  "userId": "690c4c43be8f36eb0f3c17b9"
}
[2025-11-11T06:42:04.127Z] [INFO] {
  "timestamp": "2025-11-11T06:42:04.127Z",
  "method": "GET",
  "url": "/api/finance/stats?year=2025",
  "statusCode": 200,
  "responseTime": "62ms",
  "userId": "690c4c43be8f36eb0f3c17b9"
}
[2025-11-11T06:42:11.045Z] [INFO] {
  "timestamp": "2025-11-11T06:42:11.045Z",
  "method": "GET",
  "url": "/api/finance/projects?search=&status=all&year=2025",
  "ip": "::1",
  "userId": "anonymous",
  "userAgent": "Mozilla/5.0 (Windows NT 10.0; Win64; x64) AppleWebKit/537.36 (KHTML, like Gecko) Chrome/142.0.0.0 Safari/537.36"
}
[2025-11-11T06:42:11.052Z] [INFO] {
  "timestamp": "2025-11-11T06:42:11.052Z",
  "method": "GET",
  "url": "/api/finance/stats?year=2025",
  "ip": "::1",
  "userId": "anonymous",
  "userAgent": "Mozilla/5.0 (Windows NT 10.0; Win64; x64) AppleWebKit/537.36 (KHTML, like Gecko) Chrome/142.0.0.0 Safari/537.36"
}
[2025-11-11T06:42:11.077Z] [INFO] {
  "timestamp": "2025-11-11T06:42:11.077Z",
  "method": "GET",
  "url": "/api/finance/projects?search=&status=all&year=2025",
  "statusCode": 200,
  "responseTime": "32ms",
  "userId": "690c4c43be8f36eb0f3c17b9"
}
[2025-11-11T06:42:11.093Z] [INFO] {
  "timestamp": "2025-11-11T06:42:11.093Z",
  "method": "GET",
  "url": "/api/finance/stats?year=2025",
  "statusCode": 200,
  "responseTime": "41ms",
  "userId": "690c4c43be8f36eb0f3c17b9"
}
[2025-11-11T06:50:26.725Z] [INFO] {
  "timestamp": "2025-11-11T06:50:26.725Z",
  "method": "GET",
  "url": "/api/finance/projects?search=&status=all&year=2025",
  "ip": "::1",
  "userId": "anonymous",
  "userAgent": "Mozilla/5.0 (Windows NT 10.0; Win64; x64) AppleWebKit/537.36 (KHTML, like Gecko) Chrome/142.0.0.0 Safari/537.36"
}
[2025-11-11T06:50:26.730Z] [INFO] {
  "timestamp": "2025-11-11T06:50:26.730Z",
  "method": "GET",
  "url": "/api/finance/stats?year=2025",
  "ip": "::1",
  "userId": "anonymous",
  "userAgent": "Mozilla/5.0 (Windows NT 10.0; Win64; x64) AppleWebKit/537.36 (KHTML, like Gecko) Chrome/142.0.0.0 Safari/537.36"
}
[2025-11-11T06:50:26.765Z] [INFO] {
  "timestamp": "2025-11-11T06:50:26.765Z",
  "method": "GET",
  "url": "/api/finance/projects?search=&status=all&year=2025",
  "statusCode": 200,
  "responseTime": "40ms",
  "userId": "690c4c43be8f36eb0f3c17b9"
}
[2025-11-11T06:50:26.788Z] [INFO] {
  "timestamp": "2025-11-11T06:50:26.788Z",
  "method": "GET",
  "url": "/api/finance/stats?year=2025",
  "statusCode": 200,
  "responseTime": "58ms",
  "userId": "690c4c43be8f36eb0f3c17b9"
}
[2025-11-11T06:50:35.045Z] [INFO] {
  "timestamp": "2025-11-11T06:50:35.045Z",
  "method": "GET",
  "url": "/api/finance/projects?search=&status=all&year=2025",
  "ip": "::1",
  "userId": "anonymous",
  "userAgent": "Mozilla/5.0 (Windows NT 10.0; Win64; x64) AppleWebKit/537.36 (KHTML, like Gecko) Chrome/142.0.0.0 Safari/537.36"
}
[2025-11-11T06:50:35.051Z] [INFO] {
  "timestamp": "2025-11-11T06:50:35.051Z",
  "method": "GET",
  "url": "/api/finance/stats?year=2025",
  "ip": "::1",
  "userId": "anonymous",
  "userAgent": "Mozilla/5.0 (Windows NT 10.0; Win64; x64) AppleWebKit/537.36 (KHTML, like Gecko) Chrome/142.0.0.0 Safari/537.36"
}
[2025-11-11T06:50:35.087Z] [INFO] {
  "timestamp": "2025-11-11T06:50:35.087Z",
  "method": "GET",
  "url": "/api/finance/projects?search=&status=all&year=2025",
  "statusCode": 200,
  "responseTime": "42ms",
  "userId": "690c4c43be8f36eb0f3c17b9"
}
[2025-11-11T06:50:35.107Z] [INFO] {
  "timestamp": "2025-11-11T06:50:35.107Z",
  "method": "GET",
  "url": "/api/finance/stats?year=2025",
  "statusCode": 200,
  "responseTime": "56ms",
  "userId": "690c4c43be8f36eb0f3c17b9"
}
[2025-11-11T06:50:48.974Z] [INFO] {
  "timestamp": "2025-11-11T06:50:48.974Z",
  "method": "GET",
  "url": "/api/auth/me",
  "ip": "::1",
  "userId": "anonymous",
  "userAgent": "Mozilla/5.0 (Windows NT 10.0; Win64; x64) AppleWebKit/537.36 (KHTML, like Gecko) Chrome/142.0.0.0 Safari/537.36"
}
[2025-11-11T06:50:48.979Z] [INFO] {
  "timestamp": "2025-11-11T06:50:48.979Z",
  "method": "GET",
  "url": "/favicon.ico",
  "ip": "127.0.0.1",
  "userId": "anonymous",
  "userAgent": "Mozilla/5.0 (Windows NT 10.0; Win64; x64) AppleWebKit/537.36 (KHTML, like Gecko) Chrome/142.0.0.0 Safari/537.36"
}
[2025-11-11T06:50:48.981Z] [INFO] {
  "timestamp": "2025-11-11T06:50:48.981Z",
  "method": "GET",
  "url": "/favicon.ico",
  "statusCode": 200,
  "responseTime": "2ms",
  "userId": "anonymous"
}
[2025-11-11T06:50:48.991Z] [INFO] {
  "timestamp": "2025-11-11T06:50:48.991Z",
  "method": "GET",
  "url": "/api/auth/me",
  "statusCode": 200,
  "responseTime": "17ms",
  "userId": "690c4c43be8f36eb0f3c17b9"
}
[2025-11-11T06:50:48.996Z] [INFO] {
  "timestamp": "2025-11-11T06:50:48.996Z",
  "method": "GET",
  "url": "/api/auth/me",
  "ip": "::1",
  "userId": "anonymous",
  "userAgent": "Mozilla/5.0 (Windows NT 10.0; Win64; x64) AppleWebKit/537.36 (KHTML, like Gecko) Chrome/142.0.0.0 Safari/537.36"
}
[2025-11-11T06:50:49.018Z] [INFO] {
  "timestamp": "2025-11-11T06:50:49.018Z",
  "method": "GET",
  "url": "/api/auth/me",
  "statusCode": 200,
  "responseTime": "22ms",
  "userId": "690c4c43be8f36eb0f3c17b9"
}
[2025-11-11T06:50:49.044Z] [INFO] {
  "timestamp": "2025-11-11T06:50:49.044Z",
  "method": "GET",
  "url": "/api/finance/projects?search=&status=all&year=2025",
  "ip": "::1",
  "userId": "anonymous",
  "userAgent": "Mozilla/5.0 (Windows NT 10.0; Win64; x64) AppleWebKit/537.36 (KHTML, like Gecko) Chrome/142.0.0.0 Safari/537.36"
}
[2025-11-11T06:50:49.049Z] [INFO] {
  "timestamp": "2025-11-11T06:50:49.049Z",
  "method": "GET",
  "url": "/api/finance/stats?year=2025",
  "ip": "::1",
  "userId": "anonymous",
  "userAgent": "Mozilla/5.0 (Windows NT 10.0; Win64; x64) AppleWebKit/537.36 (KHTML, like Gecko) Chrome/142.0.0.0 Safari/537.36"
}
[2025-11-11T06:50:49.067Z] [INFO] {
  "timestamp": "2025-11-11T06:50:49.067Z",
  "method": "GET",
  "url": "/api/finance/projects?search=&status=all&year=2025",
  "statusCode": 200,
  "responseTime": "23ms",
  "userId": "690c4c43be8f36eb0f3c17b9"
}
[2025-11-11T06:50:49.079Z] [INFO] {
  "timestamp": "2025-11-11T06:50:49.079Z",
  "method": "GET",
  "url": "/api/finance/projects?search=&status=all&year=2025",
  "ip": "::1",
  "userId": "anonymous",
  "userAgent": "Mozilla/5.0 (Windows NT 10.0; Win64; x64) AppleWebKit/537.36 (KHTML, like Gecko) Chrome/142.0.0.0 Safari/537.36"
}
[2025-11-11T06:50:49.095Z] [INFO] {
  "timestamp": "2025-11-11T06:50:49.095Z",
  "method": "GET",
  "url": "/api/finance/stats?year=2025",
  "statusCode": 200,
  "responseTime": "46ms",
  "userId": "690c4c43be8f36eb0f3c17b9"
}
[2025-11-11T06:50:49.115Z] [INFO] {
  "timestamp": "2025-11-11T06:50:49.115Z",
  "method": "GET",
  "url": "/api/finance/stats?year=2025",
  "ip": "::1",
  "userId": "anonymous",
  "userAgent": "Mozilla/5.0 (Windows NT 10.0; Win64; x64) AppleWebKit/537.36 (KHTML, like Gecko) Chrome/142.0.0.0 Safari/537.36"
}
[2025-11-11T06:50:49.131Z] [INFO] {
  "timestamp": "2025-11-11T06:50:49.131Z",
  "method": "GET",
  "url": "/api/finance/projects?search=&status=all&year=2025",
  "statusCode": 200,
  "responseTime": "52ms",
  "userId": "690c4c43be8f36eb0f3c17b9"
}
[2025-11-11T06:50:49.172Z] [INFO] {
  "timestamp": "2025-11-11T06:50:49.172Z",
  "method": "GET",
  "url": "/api/finance/stats?year=2025",
  "statusCode": 200,
  "responseTime": "57ms",
  "userId": "690c4c43be8f36eb0f3c17b9"
}
[2025-11-11T06:52:09.026Z] [INFO] {
  "timestamp": "2025-11-11T06:52:09.026Z",
  "method": "GET",
  "url": "/api/finance/projects?search=&status=all&year=2025",
  "ip": "::1",
  "userId": "anonymous",
  "userAgent": "Mozilla/5.0 (Windows NT 10.0; Win64; x64) AppleWebKit/537.36 (KHTML, like Gecko) Chrome/142.0.0.0 Safari/537.36"
}
[2025-11-11T06:52:09.031Z] [INFO] {
  "timestamp": "2025-11-11T06:52:09.031Z",
  "method": "GET",
  "url": "/api/finance/stats?year=2025",
  "ip": "::1",
  "userId": "anonymous",
  "userAgent": "Mozilla/5.0 (Windows NT 10.0; Win64; x64) AppleWebKit/537.36 (KHTML, like Gecko) Chrome/142.0.0.0 Safari/537.36"
}
[2025-11-11T06:52:09.062Z] [INFO] {
  "timestamp": "2025-11-11T06:52:09.062Z",
  "method": "GET",
  "url": "/api/finance/projects?search=&status=all&year=2025",
  "statusCode": 200,
  "responseTime": "36ms",
  "userId": "690c4c43be8f36eb0f3c17b9"
}
[2025-11-11T06:52:09.075Z] [INFO] {
  "timestamp": "2025-11-11T06:52:09.075Z",
  "method": "GET",
  "url": "/api/finance/stats?year=2025",
  "statusCode": 200,
  "responseTime": "44ms",
  "userId": "690c4c43be8f36eb0f3c17b9"
}
[2025-11-11T06:52:20.884Z] [INFO] {
  "timestamp": "2025-11-11T06:52:20.884Z",
  "method": "GET",
  "url": "/api/finance/projects?search=&status=all&year=2025",
  "ip": "::1",
  "userId": "anonymous",
  "userAgent": "Mozilla/5.0 (Windows NT 10.0; Win64; x64) AppleWebKit/537.36 (KHTML, like Gecko) Chrome/142.0.0.0 Safari/537.36"
}
[2025-11-11T06:52:20.890Z] [INFO] {
  "timestamp": "2025-11-11T06:52:20.890Z",
  "method": "GET",
  "url": "/api/finance/stats?year=2025",
  "ip": "::1",
  "userId": "anonymous",
  "userAgent": "Mozilla/5.0 (Windows NT 10.0; Win64; x64) AppleWebKit/537.36 (KHTML, like Gecko) Chrome/142.0.0.0 Safari/537.36"
}
[2025-11-11T06:52:20.917Z] [INFO] {
  "timestamp": "2025-11-11T06:52:20.917Z",
  "method": "GET",
  "url": "/api/finance/projects?search=&status=all&year=2025",
  "statusCode": 200,
  "responseTime": "33ms",
  "userId": "690c4c43be8f36eb0f3c17b9"
}
[2025-11-11T06:52:20.933Z] [INFO] {
  "timestamp": "2025-11-11T06:52:20.933Z",
  "method": "GET",
  "url": "/api/finance/stats?year=2025",
  "statusCode": 200,
  "responseTime": "43ms",
  "userId": "690c4c43be8f36eb0f3c17b9"
}
[2025-11-11T07:22:34.059Z] [INFO] {
  "timestamp": "2025-11-11T07:22:34.059Z",
  "method": "GET",
  "url": "/api/finance/expenses?search=&status=all&year=2025",
  "ip": "::1",
  "userId": "anonymous",
  "userAgent": "Mozilla/5.0 (Windows NT 10.0; Win64; x64) AppleWebKit/537.36 (KHTML, like Gecko) Chrome/142.0.0.0 Safari/537.36"
}
[2025-11-11T07:22:34.064Z] [INFO] {
  "timestamp": "2025-11-11T07:22:34.064Z",
  "method": "GET",
  "url": "/api/finance/stats?year=2025",
  "ip": "::1",
  "userId": "anonymous",
  "userAgent": "Mozilla/5.0 (Windows NT 10.0; Win64; x64) AppleWebKit/537.36 (KHTML, like Gecko) Chrome/142.0.0.0 Safari/537.36"
}
[2025-11-11T07:22:34.084Z] [INFO] {
  "timestamp": "2025-11-11T07:22:34.084Z",
  "method": "GET",
  "url": "/api/finance/expenses?search=&status=all&year=2025",
  "statusCode": 200,
  "responseTime": "25ms",
  "userId": "690c4c43be8f36eb0f3c17b9"
}
[2025-11-11T07:22:34.099Z] [INFO] {
  "timestamp": "2025-11-11T07:22:34.099Z",
  "method": "GET",
  "url": "/api/finance/stats?year=2025",
  "statusCode": 200,
  "responseTime": "35ms",
  "userId": "690c4c43be8f36eb0f3c17b9"
}
[2025-11-11T07:22:34.544Z] [INFO] {
  "timestamp": "2025-11-11T07:22:34.544Z",
  "method": "GET",
  "url": "/api/finance/stats?year=2025",
  "ip": "::1",
  "userId": "anonymous",
  "userAgent": "Mozilla/5.0 (Windows NT 10.0; Win64; x64) AppleWebKit/537.36 (KHTML, like Gecko) Chrome/142.0.0.0 Safari/537.36"
}
[2025-11-11T07:22:34.548Z] [INFO] {
  "timestamp": "2025-11-11T07:22:34.548Z",
  "method": "GET",
  "url": "/api/finance/projects?search=&status=all&year=2025",
  "ip": "::1",
  "userId": "anonymous",
  "userAgent": "Mozilla/5.0 (Windows NT 10.0; Win64; x64) AppleWebKit/537.36 (KHTML, like Gecko) Chrome/142.0.0.0 Safari/537.36"
}
[2025-11-11T07:22:34.565Z] [INFO] {
  "timestamp": "2025-11-11T07:22:34.565Z",
  "method": "GET",
  "url": "/api/finance/projects?search=&status=all&year=2025",
  "statusCode": 200,
  "responseTime": "17ms",
  "userId": "690c4c43be8f36eb0f3c17b9"
}
[2025-11-11T07:22:34.573Z] [INFO] {
  "timestamp": "2025-11-11T07:22:34.573Z",
  "method": "GET",
  "url": "/api/finance/stats?year=2025",
  "statusCode": 200,
  "responseTime": "29ms",
  "userId": "690c4c43be8f36eb0f3c17b9"
}
[2025-11-11T07:22:41.472Z] [INFO] {
  "timestamp": "2025-11-11T07:22:41.472Z",
  "method": "GET",
  "url": "/api/clients",
  "ip": "::1",
  "userId": "anonymous",
  "userAgent": "Mozilla/5.0 (Windows NT 10.0; Win64; x64) AppleWebKit/537.36 (KHTML, like Gecko) Chrome/142.0.0.0 Safari/537.36"
}
[2025-11-11T07:22:41.482Z] [INFO] {
  "timestamp": "2025-11-11T07:22:41.482Z",
  "method": "GET",
  "url": "/api/clients",
  "statusCode": 200,
  "responseTime": "10ms",
  "userId": "690c4c43be8f36eb0f3c17b9"
}
[2025-11-11T07:22:41.487Z] [INFO] {
  "timestamp": "2025-11-11T07:22:41.487Z",
  "method": "GET",
  "url": "/api/clients",
  "ip": "::1",
  "userId": "anonymous",
  "userAgent": "Mozilla/5.0 (Windows NT 10.0; Win64; x64) AppleWebKit/537.36 (KHTML, like Gecko) Chrome/142.0.0.0 Safari/537.36"
}
[2025-11-11T07:22:41.495Z] [INFO] {
  "timestamp": "2025-11-11T07:22:41.495Z",
  "method": "GET",
  "url": "/api/clients",
  "statusCode": 200,
  "responseTime": "8ms",
  "userId": "690c4c43be8f36eb0f3c17b9"
}
[2025-11-11T07:22:41.670Z] [INFO] {
  "timestamp": "2025-11-11T07:22:41.670Z",
  "method": "GET",
  "url": "/favicon.ico",
  "ip": "127.0.0.1",
  "userId": "anonymous",
  "userAgent": "Mozilla/5.0 (Windows NT 10.0; Win64; x64) AppleWebKit/537.36 (KHTML, like Gecko) Chrome/142.0.0.0 Safari/537.36"
}
[2025-11-11T07:22:41.671Z] [INFO] {
  "timestamp": "2025-11-11T07:22:41.671Z",
  "method": "GET",
  "url": "/favicon.ico",
  "statusCode": 200,
  "responseTime": "1ms",
  "userId": "anonymous"
}
[2025-11-11T07:22:45.063Z] [INFO] {
  "timestamp": "2025-11-11T07:22:45.063Z",
  "method": "GET",
  "url": "/api/finance/projects?search=&status=all&year=2025",
  "ip": "::1",
  "userId": "anonymous",
  "userAgent": "Mozilla/5.0 (Windows NT 10.0; Win64; x64) AppleWebKit/537.36 (KHTML, like Gecko) Chrome/142.0.0.0 Safari/537.36"
}
[2025-11-11T07:22:45.067Z] [INFO] {
  "timestamp": "2025-11-11T07:22:45.067Z",
  "method": "GET",
  "url": "/api/finance/stats?year=2025",
  "ip": "::1",
  "userId": "anonymous",
  "userAgent": "Mozilla/5.0 (Windows NT 10.0; Win64; x64) AppleWebKit/537.36 (KHTML, like Gecko) Chrome/142.0.0.0 Safari/537.36"
}
[2025-11-11T07:22:45.071Z] [INFO] {
  "timestamp": "2025-11-11T07:22:45.071Z",
  "method": "GET",
  "url": "/favicon.ico",
  "ip": "127.0.0.1",
  "userId": "anonymous",
  "userAgent": "Mozilla/5.0 (Windows NT 10.0; Win64; x64) AppleWebKit/537.36 (KHTML, like Gecko) Chrome/142.0.0.0 Safari/537.36"
}
[2025-11-11T07:22:45.072Z] [INFO] {
  "timestamp": "2025-11-11T07:22:45.072Z",
  "method": "GET",
  "url": "/favicon.ico",
  "statusCode": 200,
  "responseTime": "1ms",
  "userId": "anonymous"
}
[2025-11-11T07:22:45.094Z] [INFO] {
  "timestamp": "2025-11-11T07:22:45.094Z",
  "method": "GET",
  "url": "/api/finance/projects?search=&status=all&year=2025",
  "statusCode": 200,
  "responseTime": "31ms",
  "userId": "690c4c43be8f36eb0f3c17b9"
}
[2025-11-11T07:22:45.102Z] [INFO] {
  "timestamp": "2025-11-11T07:22:45.102Z",
  "method": "GET",
  "url": "/api/finance/projects?search=&status=all&year=2025",
  "ip": "::1",
  "userId": "anonymous",
  "userAgent": "Mozilla/5.0 (Windows NT 10.0; Win64; x64) AppleWebKit/537.36 (KHTML, like Gecko) Chrome/142.0.0.0 Safari/537.36"
}
[2025-11-11T07:22:45.111Z] [INFO] {
  "timestamp": "2025-11-11T07:22:45.111Z",
  "method": "GET",
  "url": "/api/finance/stats?year=2025",
  "statusCode": 200,
  "responseTime": "44ms",
  "userId": "690c4c43be8f36eb0f3c17b9"
}
[2025-11-11T07:22:45.119Z] [INFO] {
  "timestamp": "2025-11-11T07:22:45.119Z",
  "method": "GET",
  "url": "/api/finance/stats?year=2025",
  "ip": "::1",
  "userId": "anonymous",
  "userAgent": "Mozilla/5.0 (Windows NT 10.0; Win64; x64) AppleWebKit/537.36 (KHTML, like Gecko) Chrome/142.0.0.0 Safari/537.36"
}
[2025-11-11T07:22:45.134Z] [INFO] {
  "timestamp": "2025-11-11T07:22:45.134Z",
  "method": "GET",
  "url": "/api/finance/projects?search=&status=all&year=2025",
  "statusCode": 200,
  "responseTime": "32ms",
  "userId": "690c4c43be8f36eb0f3c17b9"
}
[2025-11-11T07:22:45.150Z] [INFO] {
  "timestamp": "2025-11-11T07:22:45.150Z",
  "method": "GET",
  "url": "/api/finance/stats?year=2025",
  "statusCode": 200,
  "responseTime": "31ms",
  "userId": "690c4c43be8f36eb0f3c17b9"
}
[2025-11-11T07:30:35.860Z] [INFO] {
  "timestamp": "2025-11-11T07:30:35.860Z",
  "method": "GET",
  "url": "/api/finance/projects?search=&status=all&year=2025",
  "ip": "::1",
  "userId": "anonymous",
  "userAgent": "Mozilla/5.0 (Windows NT 10.0; Win64; x64) AppleWebKit/537.36 (KHTML, like Gecko) Chrome/142.0.0.0 Safari/537.36"
}
[2025-11-11T07:30:35.866Z] [INFO] {
  "timestamp": "2025-11-11T07:30:35.866Z",
  "method": "GET",
  "url": "/api/finance/stats?year=2025",
  "ip": "::1",
  "userId": "anonymous",
  "userAgent": "Mozilla/5.0 (Windows NT 10.0; Win64; x64) AppleWebKit/537.36 (KHTML, like Gecko) Chrome/142.0.0.0 Safari/537.36"
}
[2025-11-11T07:30:35.903Z] [INFO] {
  "timestamp": "2025-11-11T07:30:35.903Z",
  "method": "GET",
  "url": "/api/finance/projects?search=&status=all&year=2025",
  "statusCode": 200,
  "responseTime": "43ms",
  "userId": "690c4c43be8f36eb0f3c17b9"
}
[2025-11-11T07:30:35.922Z] [INFO] {
  "timestamp": "2025-11-11T07:30:35.922Z",
  "method": "GET",
  "url": "/api/finance/stats?year=2025",
  "statusCode": 200,
  "responseTime": "56ms",
  "userId": "690c4c43be8f36eb0f3c17b9"
}
[2025-11-11T08:42:41.469Z] [INFO] {
  "timestamp": "2025-11-11T08:42:41.469Z",
  "method": "GET",
  "url": "/api/finance/expenses?search=&status=all&year=2025",
  "ip": "::1",
  "userId": "anonymous",
  "userAgent": "Mozilla/5.0 (Windows NT 10.0; Win64; x64) AppleWebKit/537.36 (KHTML, like Gecko) Chrome/142.0.0.0 Safari/537.36"
}
[2025-11-11T08:42:41.472Z] [INFO] {
  "timestamp": "2025-11-11T08:42:41.472Z",
  "method": "GET",
  "url": "/api/finance/stats?year=2025",
  "ip": "::1",
  "userId": "anonymous",
  "userAgent": "Mozilla/5.0 (Windows NT 10.0; Win64; x64) AppleWebKit/537.36 (KHTML, like Gecko) Chrome/142.0.0.0 Safari/537.36"
}
[2025-11-11T08:42:41.489Z] [INFO] {
  "timestamp": "2025-11-11T08:42:41.489Z",
  "method": "GET",
  "url": "/api/finance/expenses?search=&status=all&year=2025",
  "statusCode": 200,
  "responseTime": "20ms",
  "userId": "690c4c43be8f36eb0f3c17b9"
}
[2025-11-11T08:42:41.504Z] [INFO] {
  "timestamp": "2025-11-11T08:42:41.504Z",
  "method": "GET",
  "url": "/api/finance/stats?year=2025",
  "statusCode": 200,
  "responseTime": "32ms",
  "userId": "690c4c43be8f36eb0f3c17b9"
}
[2025-11-11T08:42:42.120Z] [INFO] {
  "timestamp": "2025-11-11T08:42:42.120Z",
  "method": "GET",
  "url": "/api/finance/stats?year=2025",
  "ip": "::1",
  "userId": "anonymous",
  "userAgent": "Mozilla/5.0 (Windows NT 10.0; Win64; x64) AppleWebKit/537.36 (KHTML, like Gecko) Chrome/142.0.0.0 Safari/537.36"
}
[2025-11-11T08:42:42.123Z] [INFO] {
  "timestamp": "2025-11-11T08:42:42.123Z",
  "method": "GET",
  "url": "/api/finance/projects?search=&status=all&year=2025",
  "ip": "::1",
  "userId": "anonymous",
  "userAgent": "Mozilla/5.0 (Windows NT 10.0; Win64; x64) AppleWebKit/537.36 (KHTML, like Gecko) Chrome/142.0.0.0 Safari/537.36"
}
[2025-11-11T08:42:42.142Z] [INFO] {
  "timestamp": "2025-11-11T08:42:42.142Z",
  "method": "GET",
  "url": "/api/finance/projects?search=&status=all&year=2025",
  "statusCode": 200,
  "responseTime": "19ms",
  "userId": "690c4c43be8f36eb0f3c17b9"
}
[2025-11-11T08:42:42.151Z] [INFO] {
  "timestamp": "2025-11-11T08:42:42.151Z",
  "method": "GET",
  "url": "/api/finance/stats?year=2025",
  "statusCode": 200,
  "responseTime": "31ms",
  "userId": "690c4c43be8f36eb0f3c17b9"
}
[2025-11-11T08:42:48.044Z] [INFO] {
  "timestamp": "2025-11-11T08:42:48.044Z",
  "method": "GET",
  "url": "/api/clients",
  "ip": "::1",
  "userId": "anonymous",
  "userAgent": "Mozilla/5.0 (Windows NT 10.0; Win64; x64) AppleWebKit/537.36 (KHTML, like Gecko) Chrome/142.0.0.0 Safari/537.36"
}
[2025-11-11T08:42:48.054Z] [INFO] {
  "timestamp": "2025-11-11T08:42:48.054Z",
  "method": "GET",
  "url": "/api/clients",
  "statusCode": 200,
  "responseTime": "10ms",
  "userId": "690c4c43be8f36eb0f3c17b9"
}
[2025-11-11T08:42:48.059Z] [INFO] {
  "timestamp": "2025-11-11T08:42:48.059Z",
  "method": "GET",
  "url": "/api/clients",
  "ip": "::1",
  "userId": "anonymous",
  "userAgent": "Mozilla/5.0 (Windows NT 10.0; Win64; x64) AppleWebKit/537.36 (KHTML, like Gecko) Chrome/142.0.0.0 Safari/537.36"
}
[2025-11-11T08:42:48.069Z] [INFO] {
  "timestamp": "2025-11-11T08:42:48.069Z",
  "method": "GET",
  "url": "/api/clients",
  "statusCode": 200,
  "responseTime": "10ms",
  "userId": "690c4c43be8f36eb0f3c17b9"
}
[2025-11-11T08:42:48.352Z] [INFO] {
  "timestamp": "2025-11-11T08:42:48.352Z",
  "method": "GET",
  "url": "/favicon.ico",
  "ip": "127.0.0.1",
  "userId": "anonymous",
  "userAgent": "Mozilla/5.0 (Windows NT 10.0; Win64; x64) AppleWebKit/537.36 (KHTML, like Gecko) Chrome/142.0.0.0 Safari/537.36"
}
[2025-11-11T08:42:48.353Z] [INFO] {
  "timestamp": "2025-11-11T08:42:48.353Z",
  "method": "GET",
  "url": "/favicon.ico",
  "statusCode": 200,
  "responseTime": "1ms",
  "userId": "anonymous"
}
[2025-11-11T08:44:42.924Z] [INFO] Email service initialized successfully
[2025-11-11T08:45:06.711Z] [INFO] Email service initialized successfully
[2025-11-11T08:45:14.004Z] [INFO] Email service initialized successfully
[2025-11-11T08:46:30.124Z] [INFO] Email service initialized successfully
[2025-11-11T08:47:01.104Z] [INFO] Email service initialized successfully
[2025-11-11T08:47:22.520Z] [INFO] Email service initialized successfully
[2025-11-11T08:47:55.471Z] [INFO] Email service initialized successfully
[2025-11-11T08:48:09.192Z] [INFO] Email service initialized successfully
[2025-11-11T08:48:21.927Z] [INFO] Email service initialized successfully
[2025-11-11T08:48:44.706Z] [INFO] Email service initialized successfully
[2025-11-11T08:48:51.899Z] [INFO] Email service initialized successfully
[2025-11-11T08:49:00.226Z] [INFO] Email service initialized successfully
[2025-11-11T08:57:34.185Z] [INFO] Email service initialized successfully
[2025-11-11T08:57:39.786Z] [INFO] Email service initialized successfully
[2025-11-11T08:57:50.436Z] [INFO] Email service initialized successfully
[2025-11-11T08:57:55.951Z] [INFO] Email service initialized successfully
[2025-11-11T08:58:01.800Z] [INFO] Email service initialized successfully
[2025-11-11T08:58:08.166Z] [INFO] Email service initialized successfully
[2025-11-11T08:58:13.534Z] [INFO] Email service initialized successfully
[2025-11-11T08:58:19.703Z] [INFO] Email service initialized successfully
[2025-11-11T08:59:24.952Z] [INFO] Email service initialized successfully
[2025-11-11T08:59:34.200Z] [INFO] Email service initialized successfully
[2025-11-11T08:59:43.031Z] [INFO] Email service initialized successfully
[2025-11-11T08:59:48.057Z] [INFO] Email service initialized successfully
[2025-11-11T08:59:53.202Z] [INFO] Email service initialized successfully
[2025-11-11T09:00:09.427Z] [INFO] Email service initialized successfully
[2025-11-11T09:00:19.005Z] [INFO] Email service initialized successfully
[2025-11-11T09:00:44.488Z] [INFO] Email service initialized successfully
[2025-11-11T09:02:48.548Z] [INFO] Email service initialized successfully
[2025-11-11T09:03:13.509Z] [INFO] Email service initialized successfully
[2025-11-11T09:03:34.358Z] [INFO] Email service initialized successfully
[2025-11-11T09:03:35.286Z] [INFO] Email service initialized successfully
[2025-11-11T09:17:03.746Z] [INFO] Email service initialized successfully
[2025-11-11T09:17:13.109Z] [INFO] {
  "timestamp": "2025-11-11T09:17:13.109Z",
  "method": "GET",
  "url": "/favicon.ico",
  "ip": "127.0.0.1",
  "userId": "anonymous",
  "userAgent": "Mozilla/5.0 (Windows NT 10.0; Win64; x64) AppleWebKit/537.36 (KHTML, like Gecko) Chrome/142.0.0.0 Safari/537.36"
}
[2025-11-11T09:17:13.117Z] [INFO] {
  "timestamp": "2025-11-11T09:17:13.117Z",
  "method": "GET",
  "url": "/favicon.ico",
  "statusCode": 200,
  "responseTime": "8ms",
  "userId": "anonymous"
}
[2025-11-11T09:17:13.155Z] [INFO] {
  "timestamp": "2025-11-11T09:17:13.155Z",
  "method": "GET",
  "url": "/favicon.ico",
  "ip": "127.0.0.1",
  "userId": "anonymous",
  "userAgent": "Mozilla/5.0 (Windows NT 10.0; Win64; x64) AppleWebKit/537.36 (KHTML, like Gecko) Chrome/142.0.0.0 Safari/537.36"
}
[2025-11-11T09:17:13.165Z] [INFO] {
  "timestamp": "2025-11-11T09:17:13.165Z",
  "method": "GET",
  "url": "/favicon.ico",
  "statusCode": 200,
  "responseTime": "10ms",
  "userId": "anonymous"
}
[2025-11-11T09:17:16.575Z] [INFO] {
  "timestamp": "2025-11-11T09:17:16.575Z",
  "method": "POST",
  "url": "/api/auth/login",
  "ip": "::1",
  "userId": "anonymous",
  "userAgent": "Mozilla/5.0 (Windows NT 10.0; Win64; x64) AppleWebKit/537.36 (KHTML, like Gecko) Chrome/142.0.0.0 Safari/537.36"
}
[2025-11-11T09:17:16.775Z] [INFO] {
  "timestamp": "2025-11-11T09:17:16.775Z",
  "method": "POST",
  "url": "/api/auth/login",
  "statusCode": 200,
  "responseTime": "200ms",
  "userId": "anonymous"
}
[2025-11-11T09:17:16.809Z] [INFO] {
  "timestamp": "2025-11-11T09:17:16.809Z",
  "method": "GET",
  "url": "/favicon.ico",
  "ip": "127.0.0.1",
  "userId": "anonymous",
  "userAgent": "Mozilla/5.0 (Windows NT 10.0; Win64; x64) AppleWebKit/537.36 (KHTML, like Gecko) Chrome/142.0.0.0 Safari/537.36"
}
[2025-11-11T09:17:16.810Z] [INFO] {
  "timestamp": "2025-11-11T09:17:16.810Z",
  "method": "GET",
  "url": "/favicon.ico",
  "statusCode": 200,
  "responseTime": "1ms",
  "userId": "anonymous"
}
[2025-11-11T09:17:17.122Z] [INFO] {
  "timestamp": "2025-11-11T09:17:17.122Z",
  "method": "GET",
  "url": "/api/activities/recent?limit=3",
  "ip": "127.0.0.1",
  "userId": "anonymous",
  "userAgent": "Mozilla/5.0 (Windows NT 10.0; Win64; x64) AppleWebKit/537.36 (KHTML, like Gecko) Chrome/142.0.0.0 Safari/537.36"
}
[2025-11-11T09:17:17.140Z] [INFO] {
  "timestamp": "2025-11-11T09:17:17.140Z",
  "method": "GET",
  "url": "/api/activities/recent?limit=3",
  "statusCode": 200,
  "responseTime": "18ms",
  "userId": "690c4c43be8f36eb0f3c17b9"
}
[2025-11-11T09:17:17.464Z] [INFO] {
  "timestamp": "2025-11-11T09:17:17.464Z",
  "method": "GET",
  "url": "/api/activities/recent?limit=3",
  "ip": "127.0.0.1",
  "userId": "anonymous",
  "userAgent": "Mozilla/5.0 (Windows NT 10.0; Win64; x64) AppleWebKit/537.36 (KHTML, like Gecko) Chrome/142.0.0.0 Safari/537.36"
}
[2025-11-11T09:17:17.490Z] [INFO] {
  "timestamp": "2025-11-11T09:17:17.490Z",
  "method": "GET",
  "url": "/api/activities/recent?limit=3",
  "statusCode": 200,
  "responseTime": "26ms",
  "userId": "690c4c43be8f36eb0f3c17b9"
}
[2025-11-11T09:17:19.154Z] [INFO] {
  "timestamp": "2025-11-11T09:17:19.154Z",
  "method": "GET",
  "url": "/favicon.ico",
  "ip": "127.0.0.1",
  "userId": "anonymous",
  "userAgent": "Mozilla/5.0 (Windows NT 10.0; Win64; x64) AppleWebKit/537.36 (KHTML, like Gecko) Chrome/142.0.0.0 Safari/537.36"
}
[2025-11-11T09:17:19.159Z] [INFO] {
  "timestamp": "2025-11-11T09:17:19.159Z",
  "method": "GET",
  "url": "/favicon.ico",
  "statusCode": 200,
  "responseTime": "5ms",
  "userId": "anonymous"
}
[2025-11-11T09:17:19.197Z] [INFO] {
  "timestamp": "2025-11-11T09:17:19.197Z",
  "method": "GET",
  "url": "/api/finance/projects?search=&status=all&year=2025",
  "ip": "::1",
  "userId": "anonymous",
  "userAgent": "Mozilla/5.0 (Windows NT 10.0; Win64; x64) AppleWebKit/537.36 (KHTML, like Gecko) Chrome/142.0.0.0 Safari/537.36"
}
[2025-11-11T09:17:19.207Z] [INFO] {
  "timestamp": "2025-11-11T09:17:19.207Z",
  "method": "GET",
  "url": "/api/finance/stats?year=2025",
  "ip": "::1",
  "userId": "anonymous",
  "userAgent": "Mozilla/5.0 (Windows NT 10.0; Win64; x64) AppleWebKit/537.36 (KHTML, like Gecko) Chrome/142.0.0.0 Safari/537.36"
}
[2025-11-11T09:17:19.256Z] [INFO] {
  "timestamp": "2025-11-11T09:17:19.256Z",
  "method": "GET",
  "url": "/api/finance/projects?search=&status=all&year=2025",
  "statusCode": 200,
  "responseTime": "59ms",
  "userId": "690c4c43be8f36eb0f3c17b9"
}
[2025-11-11T09:17:19.270Z] [INFO] {
  "timestamp": "2025-11-11T09:17:19.269Z",
  "method": "GET",
  "url": "/api/finance/projects?search=&status=all&year=2025",
  "ip": "::1",
  "userId": "anonymous",
  "userAgent": "Mozilla/5.0 (Windows NT 10.0; Win64; x64) AppleWebKit/537.36 (KHTML, like Gecko) Chrome/142.0.0.0 Safari/537.36"
}
[2025-11-11T09:17:19.291Z] [INFO] {
  "timestamp": "2025-11-11T09:17:19.290Z",
  "method": "GET",
  "url": "/api/finance/stats?year=2025",
  "statusCode": 200,
  "responseTime": "83ms",
  "userId": "690c4c43be8f36eb0f3c17b9"
}
[2025-11-11T09:17:19.300Z] [INFO] {
  "timestamp": "2025-11-11T09:17:19.300Z",
  "method": "GET",
  "url": "/api/finance/stats?year=2025",
  "ip": "::1",
  "userId": "anonymous",
  "userAgent": "Mozilla/5.0 (Windows NT 10.0; Win64; x64) AppleWebKit/537.36 (KHTML, like Gecko) Chrome/142.0.0.0 Safari/537.36"
}
[2025-11-11T09:17:19.323Z] [INFO] {
  "timestamp": "2025-11-11T09:17:19.323Z",
  "method": "GET",
  "url": "/api/finance/projects?search=&status=all&year=2025",
  "statusCode": 200,
  "responseTime": "54ms",
  "userId": "690c4c43be8f36eb0f3c17b9"
}
[2025-11-11T09:17:19.353Z] [INFO] {
  "timestamp": "2025-11-11T09:17:19.353Z",
  "method": "GET",
  "url": "/api/finance/stats?year=2025",
  "statusCode": 200,
  "responseTime": "53ms",
  "userId": "690c4c43be8f36eb0f3c17b9"
}
[2025-11-11T09:17:26.689Z] [INFO] {
  "timestamp": "2025-11-11T09:17:26.689Z",
  "method": "GET",
  "url": "/api/clients",
  "ip": "::1",
  "userId": "anonymous",
  "userAgent": "Mozilla/5.0 (Windows NT 10.0; Win64; x64) AppleWebKit/537.36 (KHTML, like Gecko) Chrome/142.0.0.0 Safari/537.36"
}
[2025-11-11T09:17:26.702Z] [INFO] {
  "timestamp": "2025-11-11T09:17:26.702Z",
  "method": "GET",
  "url": "/api/clients",
  "statusCode": 200,
  "responseTime": "13ms",
  "userId": "690c4c43be8f36eb0f3c17b9"
}
[2025-11-11T09:17:26.708Z] [INFO] {
  "timestamp": "2025-11-11T09:17:26.708Z",
  "method": "GET",
  "url": "/api/clients",
  "ip": "::1",
  "userId": "anonymous",
  "userAgent": "Mozilla/5.0 (Windows NT 10.0; Win64; x64) AppleWebKit/537.36 (KHTML, like Gecko) Chrome/142.0.0.0 Safari/537.36"
}
[2025-11-11T09:17:26.726Z] [INFO] {
  "timestamp": "2025-11-11T09:17:26.726Z",
  "method": "GET",
  "url": "/api/clients",
  "statusCode": 200,
  "responseTime": "18ms",
  "userId": "690c4c43be8f36eb0f3c17b9"
}
[2025-11-11T09:17:26.992Z] [INFO] {
  "timestamp": "2025-11-11T09:17:26.992Z",
  "method": "GET",
  "url": "/favicon.ico",
  "ip": "127.0.0.1",
  "userId": "anonymous",
  "userAgent": "Mozilla/5.0 (Windows NT 10.0; Win64; x64) AppleWebKit/537.36 (KHTML, like Gecko) Chrome/142.0.0.0 Safari/537.36"
}
[2025-11-11T09:17:26.994Z] [INFO] {
  "timestamp": "2025-11-11T09:17:26.994Z",
  "method": "GET",
  "url": "/favicon.ico",
  "statusCode": 200,
  "responseTime": "2ms",
  "userId": "anonymous"
}
[2025-11-11T09:18:05.576Z] [INFO] {
  "timestamp": "2025-11-11T09:18:05.576Z",
  "method": "GET",
  "url": "/api/auth/me",
  "ip": "::1",
  "userId": "anonymous",
  "userAgent": "Mozilla/5.0 (Windows NT 10.0; Win64; x64) AppleWebKit/537.36 (KHTML, like Gecko) Chrome/142.0.0.0 Safari/537.36"
}
[2025-11-11T09:18:05.591Z] [INFO] {
  "timestamp": "2025-11-11T09:18:05.591Z",
  "method": "GET",
  "url": "/api/auth/me",
  "statusCode": 200,
  "responseTime": "15ms",
  "userId": "690c4c43be8f36eb0f3c17b9"
}
[2025-11-11T09:18:05.607Z] [INFO] {
  "timestamp": "2025-11-11T09:18:05.607Z",
  "method": "GET",
  "url": "/api/auth/me",
  "ip": "::1",
  "userId": "anonymous",
  "userAgent": "Mozilla/5.0 (Windows NT 10.0; Win64; x64) AppleWebKit/537.36 (KHTML, like Gecko) Chrome/142.0.0.0 Safari/537.36"
}
[2025-11-11T09:18:05.636Z] [INFO] {
  "timestamp": "2025-11-11T09:18:05.636Z",
  "method": "GET",
  "url": "/api/clients",
  "ip": "::1",
  "userId": "anonymous",
  "userAgent": "Mozilla/5.0 (Windows NT 10.0; Win64; x64) AppleWebKit/537.36 (KHTML, like Gecko) Chrome/142.0.0.0 Safari/537.36"
}
[2025-11-11T09:18:05.646Z] [INFO] {
  "timestamp": "2025-11-11T09:18:05.646Z",
  "method": "GET",
  "url": "/api/auth/me",
  "statusCode": 200,
  "responseTime": "39ms",
  "userId": "690c4c43be8f36eb0f3c17b9"
}
[2025-11-11T09:18:05.663Z] [INFO] {
  "timestamp": "2025-11-11T09:18:05.663Z",
  "method": "GET",
  "url": "/api/clients",
  "statusCode": 200,
  "responseTime": "27ms",
  "userId": "690c4c43be8f36eb0f3c17b9"
}
[2025-11-11T09:18:05.669Z] [INFO] {
  "timestamp": "2025-11-11T09:18:05.669Z",
  "method": "GET",
  "url": "/api/clients",
  "ip": "::1",
  "userId": "anonymous",
  "userAgent": "Mozilla/5.0 (Windows NT 10.0; Win64; x64) AppleWebKit/537.36 (KHTML, like Gecko) Chrome/142.0.0.0 Safari/537.36"
}
[2025-11-11T09:18:05.683Z] [INFO] {
  "timestamp": "2025-11-11T09:18:05.683Z",
  "method": "GET",
  "url": "/api/clients",
  "statusCode": 200,
  "responseTime": "14ms",
  "userId": "690c4c43be8f36eb0f3c17b9"
}
[2025-11-11T09:18:29.987Z] [INFO] {
  "timestamp": "2025-11-11T09:18:29.987Z",
  "method": "GET",
  "url": "/api/clients",
  "ip": "::1",
  "userId": "anonymous",
  "userAgent": "Mozilla/5.0 (Windows NT 10.0; Win64; x64) AppleWebKit/537.36 (KHTML, like Gecko) Chrome/142.0.0.0 Safari/537.36"
}
[2025-11-11T09:18:30.001Z] [INFO] {
  "timestamp": "2025-11-11T09:18:30.001Z",
  "method": "GET",
  "url": "/api/clients",
  "statusCode": 200,
  "responseTime": "14ms",
  "userId": "690c4c43be8f36eb0f3c17b9"
}
[2025-11-11T09:18:31.892Z] [INFO] {
  "timestamp": "2025-11-11T09:18:31.892Z",
  "method": "GET",
  "url": "/api/finance/projects?search=&status=all&year=2025",
  "ip": "::1",
  "userId": "anonymous",
  "userAgent": "Mozilla/5.0 (Windows NT 10.0; Win64; x64) AppleWebKit/537.36 (KHTML, like Gecko) Chrome/142.0.0.0 Safari/537.36"
}
[2025-11-11T09:18:31.904Z] [INFO] {
  "timestamp": "2025-11-11T09:18:31.904Z",
  "method": "GET",
  "url": "/api/finance/stats?year=2025",
  "ip": "::1",
  "userId": "anonymous",
  "userAgent": "Mozilla/5.0 (Windows NT 10.0; Win64; x64) AppleWebKit/537.36 (KHTML, like Gecko) Chrome/142.0.0.0 Safari/537.36"
}
[2025-11-11T09:18:31.914Z] [INFO] {
  "timestamp": "2025-11-11T09:18:31.914Z",
  "method": "GET",
  "url": "/favicon.ico",
  "ip": "127.0.0.1",
  "userId": "anonymous",
  "userAgent": "Mozilla/5.0 (Windows NT 10.0; Win64; x64) AppleWebKit/537.36 (KHTML, like Gecko) Chrome/142.0.0.0 Safari/537.36"
}
[2025-11-11T09:18:31.921Z] [INFO] {
  "timestamp": "2025-11-11T09:18:31.921Z",
  "method": "GET",
  "url": "/favicon.ico",
  "statusCode": 200,
  "responseTime": "7ms",
  "userId": "anonymous"
}
[2025-11-11T09:18:31.943Z] [INFO] {
  "timestamp": "2025-11-11T09:18:31.943Z",
  "method": "GET",
  "url": "/api/finance/projects?search=&status=all&year=2025",
  "statusCode": 200,
  "responseTime": "51ms",
  "userId": "690c4c43be8f36eb0f3c17b9"
}
[2025-11-11T09:18:31.954Z] [INFO] {
  "timestamp": "2025-11-11T09:18:31.953Z",
  "method": "GET",
  "url": "/api/finance/projects?search=&status=all&year=2025",
  "ip": "::1",
  "userId": "anonymous",
  "userAgent": "Mozilla/5.0 (Windows NT 10.0; Win64; x64) AppleWebKit/537.36 (KHTML, like Gecko) Chrome/142.0.0.0 Safari/537.36"
}
[2025-11-11T09:18:31.962Z] [INFO] {
  "timestamp": "2025-11-11T09:18:31.962Z",
  "method": "GET",
  "url": "/api/finance/stats?year=2025",
  "statusCode": 200,
  "responseTime": "58ms",
  "userId": "690c4c43be8f36eb0f3c17b9"
}
[2025-11-11T09:18:31.970Z] [INFO] {
  "timestamp": "2025-11-11T09:18:31.970Z",
  "method": "GET",
  "url": "/api/finance/stats?year=2025",
  "ip": "::1",
  "userId": "anonymous",
  "userAgent": "Mozilla/5.0 (Windows NT 10.0; Win64; x64) AppleWebKit/537.36 (KHTML, like Gecko) Chrome/142.0.0.0 Safari/537.36"
}
[2025-11-11T09:18:31.983Z] [INFO] {
  "timestamp": "2025-11-11T09:18:31.983Z",
  "method": "GET",
  "url": "/api/finance/projects?search=&status=all&year=2025",
  "statusCode": 200,
  "responseTime": "30ms",
  "userId": "690c4c43be8f36eb0f3c17b9"
}
[2025-11-11T09:18:32.004Z] [INFO] {
  "timestamp": "2025-11-11T09:18:32.004Z",
  "method": "GET",
  "url": "/api/finance/stats?year=2025",
  "statusCode": 200,
  "responseTime": "34ms",
  "userId": "690c4c43be8f36eb0f3c17b9"
}
[2025-11-11T09:18:51.111Z] [INFO] {
  "timestamp": "2025-11-11T09:18:51.111Z",
  "method": "GET",
  "url": "/api/clients",
  "ip": "::1",
  "userId": "anonymous",
  "userAgent": "Mozilla/5.0 (Windows NT 10.0; Win64; x64) AppleWebKit/537.36 (KHTML, like Gecko) Chrome/142.0.0.0 Safari/537.36"
}
[2025-11-11T09:18:51.117Z] [INFO] {
  "timestamp": "2025-11-11T09:18:51.117Z",
  "method": "GET",
  "url": "/favicon.ico",
  "ip": "127.0.0.1",
  "userId": "anonymous",
  "userAgent": "Mozilla/5.0 (Windows NT 10.0; Win64; x64) AppleWebKit/537.36 (KHTML, like Gecko) Chrome/142.0.0.0 Safari/537.36"
}
[2025-11-11T09:18:51.118Z] [INFO] {
  "timestamp": "2025-11-11T09:18:51.118Z",
  "method": "GET",
  "url": "/favicon.ico",
  "statusCode": 200,
  "responseTime": "1ms",
  "userId": "anonymous"
}
[2025-11-11T09:18:51.127Z] [INFO] {
  "timestamp": "2025-11-11T09:18:51.127Z",
  "method": "GET",
  "url": "/api/clients",
  "statusCode": 200,
  "responseTime": "16ms",
  "userId": "690c4c43be8f36eb0f3c17b9"
}
[2025-11-11T09:18:51.132Z] [INFO] {
  "timestamp": "2025-11-11T09:18:51.132Z",
  "method": "GET",
  "url": "/api/clients",
  "ip": "::1",
  "userId": "anonymous",
  "userAgent": "Mozilla/5.0 (Windows NT 10.0; Win64; x64) AppleWebKit/537.36 (KHTML, like Gecko) Chrome/142.0.0.0 Safari/537.36"
}
[2025-11-11T09:18:51.146Z] [INFO] {
  "timestamp": "2025-11-11T09:18:51.146Z",
  "method": "GET",
  "url": "/api/clients",
  "statusCode": 200,
  "responseTime": "14ms",
  "userId": "690c4c43be8f36eb0f3c17b9"
}
[2025-11-11T09:20:03.548Z] [INFO] {
  "timestamp": "2025-11-11T09:20:03.548Z",
  "method": "GET",
  "url": "/api/clients",
  "ip": "::1",
  "userId": "anonymous",
  "userAgent": "Mozilla/5.0 (Windows NT 10.0; Win64; x64) AppleWebKit/537.36 (KHTML, like Gecko) Chrome/142.0.0.0 Safari/537.36"
}
[2025-11-11T09:20:03.559Z] [INFO] {
  "timestamp": "2025-11-11T09:20:03.559Z",
  "method": "GET",
  "url": "/api/clients",
  "statusCode": 200,
  "responseTime": "11ms",
  "userId": "690c4c43be8f36eb0f3c17b9"
}
[2025-11-11T09:20:08.425Z] [INFO] {
  "timestamp": "2025-11-11T09:20:08.425Z",
  "method": "GET",
  "url": "/api/clients",
  "ip": "::1",
  "userId": "anonymous",
  "userAgent": "Mozilla/5.0 (Windows NT 10.0; Win64; x64) AppleWebKit/537.36 (KHTML, like Gecko) Chrome/142.0.0.0 Safari/537.36"
}
[2025-11-11T09:20:08.455Z] [INFO] {
  "timestamp": "2025-11-11T09:20:08.455Z",
  "method": "GET",
  "url": "/api/clients",
  "statusCode": 200,
  "responseTime": "30ms",
  "userId": "690c4c43be8f36eb0f3c17b9"
}
[2025-11-11T09:20:14.426Z] [INFO] {
  "timestamp": "2025-11-11T09:20:14.426Z",
  "method": "GET",
  "url": "/api/clients",
  "ip": "::1",
  "userId": "anonymous",
  "userAgent": "Mozilla/5.0 (Windows NT 10.0; Win64; x64) AppleWebKit/537.36 (KHTML, like Gecko) Chrome/142.0.0.0 Safari/537.36"
}
[2025-11-11T09:20:14.447Z] [INFO] {
  "timestamp": "2025-11-11T09:20:14.447Z",
  "method": "GET",
  "url": "/api/clients",
  "statusCode": 200,
  "responseTime": "21ms",
  "userId": "690c4c43be8f36eb0f3c17b9"
}
[2025-11-11T09:20:20.958Z] [INFO] {
  "timestamp": "2025-11-11T09:20:20.958Z",
  "method": "GET",
  "url": "/api/clients",
  "ip": "::1",
  "userId": "anonymous",
  "userAgent": "Mozilla/5.0 (Windows NT 10.0; Win64; x64) AppleWebKit/537.36 (KHTML, like Gecko) Chrome/142.0.0.0 Safari/537.36"
}
[2025-11-11T09:20:20.974Z] [INFO] {
  "timestamp": "2025-11-11T09:20:20.974Z",
  "method": "GET",
  "url": "/api/clients",
  "statusCode": 200,
  "responseTime": "16ms",
  "userId": "690c4c43be8f36eb0f3c17b9"
}
[2025-11-11T09:22:10.465Z] [INFO] {
  "timestamp": "2025-11-11T09:22:10.465Z",
  "method": "GET",
  "url": "/api/auth/me",
  "ip": "::1",
  "userId": "anonymous",
  "userAgent": "Mozilla/5.0 (Windows NT 10.0; Win64; x64) AppleWebKit/537.36 (KHTML, like Gecko) Chrome/142.0.0.0 Safari/537.36"
}
[2025-11-11T09:22:10.470Z] [INFO] {
  "timestamp": "2025-11-11T09:22:10.470Z",
  "method": "GET",
  "url": "/favicon.ico",
  "ip": "127.0.0.1",
  "userId": "anonymous",
  "userAgent": "Mozilla/5.0 (Windows NT 10.0; Win64; x64) AppleWebKit/537.36 (KHTML, like Gecko) Chrome/142.0.0.0 Safari/537.36"
}
[2025-11-11T09:22:10.477Z] [INFO] {
  "timestamp": "2025-11-11T09:22:10.477Z",
  "method": "GET",
  "url": "/favicon.ico",
  "statusCode": 200,
  "responseTime": "7ms",
  "userId": "anonymous"
}
[2025-11-11T09:22:10.496Z] [INFO] {
  "timestamp": "2025-11-11T09:22:10.496Z",
  "method": "GET",
  "url": "/api/auth/me",
  "statusCode": 200,
  "responseTime": "31ms",
  "userId": "690c4c43be8f36eb0f3c17b9"
}
[2025-11-11T09:22:10.506Z] [INFO] {
  "timestamp": "2025-11-11T09:22:10.506Z",
  "method": "GET",
  "url": "/api/auth/me",
  "ip": "::1",
  "userId": "anonymous",
  "userAgent": "Mozilla/5.0 (Windows NT 10.0; Win64; x64) AppleWebKit/537.36 (KHTML, like Gecko) Chrome/142.0.0.0 Safari/537.36"
}
[2025-11-11T09:22:10.520Z] [INFO] {
  "timestamp": "2025-11-11T09:22:10.520Z",
  "method": "GET",
  "url": "/api/auth/me",
  "statusCode": 200,
  "responseTime": "14ms",
  "userId": "690c4c43be8f36eb0f3c17b9"
}
[2025-11-11T09:22:10.539Z] [INFO] {
  "timestamp": "2025-11-11T09:22:10.539Z",
  "method": "GET",
  "url": "/api/clients",
  "ip": "::1",
  "userId": "anonymous",
  "userAgent": "Mozilla/5.0 (Windows NT 10.0; Win64; x64) AppleWebKit/537.36 (KHTML, like Gecko) Chrome/142.0.0.0 Safari/537.36"
}
[2025-11-11T09:22:10.555Z] [INFO] {
  "timestamp": "2025-11-11T09:22:10.555Z",
  "method": "GET",
  "url": "/api/clients",
  "statusCode": 200,
  "responseTime": "16ms",
  "userId": "690c4c43be8f36eb0f3c17b9"
}
[2025-11-11T09:22:10.561Z] [INFO] {
  "timestamp": "2025-11-11T09:22:10.561Z",
  "method": "GET",
  "url": "/api/clients",
  "ip": "::1",
  "userId": "anonymous",
  "userAgent": "Mozilla/5.0 (Windows NT 10.0; Win64; x64) AppleWebKit/537.36 (KHTML, like Gecko) Chrome/142.0.0.0 Safari/537.36"
}
[2025-11-11T09:22:10.577Z] [INFO] {
  "timestamp": "2025-11-11T09:22:10.577Z",
  "method": "GET",
  "url": "/api/clients",
  "statusCode": 200,
  "responseTime": "16ms",
  "userId": "690c4c43be8f36eb0f3c17b9"
}
[2025-11-11T09:24:47.156Z] [INFO] Email service initialized successfully
[2025-11-11T09:24:53.002Z] [INFO] {
  "timestamp": "2025-11-11T09:24:53.002Z",
  "method": "GET",
  "url": "/api/auth/me",
  "ip": "::1",
  "userId": "anonymous",
  "userAgent": "Mozilla/5.0 (Windows NT 10.0; Win64; x64) AppleWebKit/537.36 (KHTML, like Gecko) Chrome/142.0.0.0 Safari/537.36"
}
[2025-11-11T09:24:53.013Z] [INFO] {
  "timestamp": "2025-11-11T09:24:53.013Z",
  "method": "GET",
  "url": "/favicon.ico",
  "ip": "127.0.0.1",
  "userId": "anonymous",
  "userAgent": "Mozilla/5.0 (Windows NT 10.0; Win64; x64) AppleWebKit/537.36 (KHTML, like Gecko) Chrome/142.0.0.0 Safari/537.36"
}
[2025-11-11T09:24:53.019Z] [INFO] {
  "timestamp": "2025-11-11T09:24:53.019Z",
  "method": "GET",
  "url": "/favicon.ico",
  "statusCode": 200,
  "responseTime": "6ms",
  "userId": "anonymous"
}
[2025-11-11T09:24:53.045Z] [INFO] {
  "timestamp": "2025-11-11T09:24:53.045Z",
  "method": "GET",
  "url": "/api/auth/me",
  "statusCode": 200,
  "responseTime": "43ms",
  "userId": "690c4c43be8f36eb0f3c17b9"
}
[2025-11-11T09:24:53.055Z] [INFO] {
  "timestamp": "2025-11-11T09:24:53.055Z",
  "method": "GET",
  "url": "/api/auth/me",
  "ip": "::1",
  "userId": "anonymous",
  "userAgent": "Mozilla/5.0 (Windows NT 10.0; Win64; x64) AppleWebKit/537.36 (KHTML, like Gecko) Chrome/142.0.0.0 Safari/537.36"
}
[2025-11-11T09:24:53.068Z] [INFO] {
  "timestamp": "2025-11-11T09:24:53.068Z",
  "method": "GET",
  "url": "/api/auth/me",
  "statusCode": 200,
  "responseTime": "13ms",
  "userId": "690c4c43be8f36eb0f3c17b9"
}
[2025-11-11T09:24:53.094Z] [INFO] {
  "timestamp": "2025-11-11T09:24:53.094Z",
  "method": "GET",
  "url": "/favicon.ico",
  "ip": "127.0.0.1",
  "userId": "anonymous",
  "userAgent": "Mozilla/5.0 (Windows NT 10.0; Win64; x64) AppleWebKit/537.36 (KHTML, like Gecko) Chrome/142.0.0.0 Safari/537.36"
}
[2025-11-11T09:24:53.095Z] [INFO] {
  "timestamp": "2025-11-11T09:24:53.095Z",
  "method": "GET",
  "url": "/favicon.ico",
  "statusCode": 200,
  "responseTime": "1ms",
  "userId": "anonymous"
}
[2025-11-11T09:24:53.106Z] [INFO] {
  "timestamp": "2025-11-11T09:24:53.106Z",
  "method": "GET",
  "url": "/api/activities/recent?limit=3",
  "ip": "127.0.0.1",
  "userId": "anonymous",
  "userAgent": "Mozilla/5.0 (Windows NT 10.0; Win64; x64) AppleWebKit/537.36 (KHTML, like Gecko) Chrome/142.0.0.0 Safari/537.36"
}
[2025-11-11T09:24:53.118Z] [INFO] {
  "timestamp": "2025-11-11T09:24:53.117Z",
  "method": "GET",
  "url": "/api/activities/recent?limit=3",
  "statusCode": 200,
  "responseTime": "11ms",
  "userId": "690c4c43be8f36eb0f3c17b9"
}
[2025-11-11T09:24:54.025Z] [INFO] {
  "timestamp": "2025-11-11T09:24:54.025Z",
  "method": "GET",
  "url": "/api/activities/recent?limit=3",
  "ip": "127.0.0.1",
  "userId": "anonymous",
  "userAgent": "Mozilla/5.0 (Windows NT 10.0; Win64; x64) AppleWebKit/537.36 (KHTML, like Gecko) Chrome/142.0.0.0 Safari/537.36"
}
[2025-11-11T09:24:54.040Z] [INFO] {
  "timestamp": "2025-11-11T09:24:54.040Z",
  "method": "GET",
  "url": "/api/activities/recent?limit=3",
  "statusCode": 200,
  "responseTime": "15ms",
  "userId": "690c4c43be8f36eb0f3c17b9"
}
[2025-11-11T09:24:55.024Z] [INFO] {
  "timestamp": "2025-11-11T09:24:55.023Z",
  "method": "GET",
  "url": "/favicon.ico",
  "ip": "127.0.0.1",
  "userId": "anonymous",
  "userAgent": "Mozilla/5.0 (Windows NT 10.0; Win64; x64) AppleWebKit/537.36 (KHTML, like Gecko) Chrome/142.0.0.0 Safari/537.36"
}
[2025-11-11T09:24:55.030Z] [INFO] {
  "timestamp": "2025-11-11T09:24:55.030Z",
  "method": "GET",
  "url": "/favicon.ico",
  "statusCode": 200,
  "responseTime": "7ms",
  "userId": "anonymous"
}
[2025-11-11T09:24:55.042Z] [INFO] {
  "timestamp": "2025-11-11T09:24:55.042Z",
  "method": "GET",
  "url": "/api/clients",
  "ip": "::1",
  "userId": "anonymous",
  "userAgent": "Mozilla/5.0 (Windows NT 10.0; Win64; x64) AppleWebKit/537.36 (KHTML, like Gecko) Chrome/142.0.0.0 Safari/537.36"
}
[2025-11-11T09:24:55.062Z] [INFO] {
  "timestamp": "2025-11-11T09:24:55.062Z",
  "method": "GET",
  "url": "/api/clients",
  "statusCode": 200,
  "responseTime": "20ms",
  "userId": "690c4c43be8f36eb0f3c17b9"
}
[2025-11-11T09:24:55.069Z] [INFO] {
  "timestamp": "2025-11-11T09:24:55.069Z",
  "method": "GET",
  "url": "/api/clients",
  "ip": "::1",
  "userId": "anonymous",
  "userAgent": "Mozilla/5.0 (Windows NT 10.0; Win64; x64) AppleWebKit/537.36 (KHTML, like Gecko) Chrome/142.0.0.0 Safari/537.36"
}
[2025-11-11T09:24:55.083Z] [INFO] {
  "timestamp": "2025-11-11T09:24:55.083Z",
  "method": "GET",
  "url": "/api/clients",
  "statusCode": 200,
  "responseTime": "14ms",
  "userId": "690c4c43be8f36eb0f3c17b9"
}
[2025-11-11T09:24:57.147Z] [INFO] {
  "timestamp": "2025-11-11T09:24:57.147Z",
  "method": "GET",
  "url": "/api/finance/projects?search=&status=all&year=2025",
  "ip": "::1",
  "userId": "anonymous",
  "userAgent": "Mozilla/5.0 (Windows NT 10.0; Win64; x64) AppleWebKit/537.36 (KHTML, like Gecko) Chrome/142.0.0.0 Safari/537.36"
}
[2025-11-11T09:24:57.153Z] [INFO] {
  "timestamp": "2025-11-11T09:24:57.153Z",
  "method": "GET",
  "url": "/api/finance/stats?year=2025",
  "ip": "::1",
  "userId": "anonymous",
  "userAgent": "Mozilla/5.0 (Windows NT 10.0; Win64; x64) AppleWebKit/537.36 (KHTML, like Gecko) Chrome/142.0.0.0 Safari/537.36"
}
[2025-11-11T09:24:57.193Z] [INFO] {
  "timestamp": "2025-11-11T09:24:57.193Z",
  "method": "GET",
  "url": "/api/finance/projects?search=&status=all&year=2025",
  "statusCode": 200,
  "responseTime": "46ms",
  "userId": "690c4c43be8f36eb0f3c17b9"
}
[2025-11-11T09:24:57.205Z] [INFO] {
  "timestamp": "2025-11-11T09:24:57.205Z",
  "method": "GET",
  "url": "/api/finance/projects?search=&status=all&year=2025",
  "ip": "::1",
  "userId": "anonymous",
  "userAgent": "Mozilla/5.0 (Windows NT 10.0; Win64; x64) AppleWebKit/537.36 (KHTML, like Gecko) Chrome/142.0.0.0 Safari/537.36"
}
[2025-11-11T09:24:57.221Z] [INFO] {
  "timestamp": "2025-11-11T09:24:57.221Z",
  "method": "GET",
  "url": "/api/finance/stats?year=2025",
  "statusCode": 200,
  "responseTime": "67ms",
  "userId": "690c4c43be8f36eb0f3c17b9"
}
[2025-11-11T09:24:57.232Z] [INFO] {
  "timestamp": "2025-11-11T09:24:57.232Z",
  "method": "GET",
  "url": "/api/finance/stats?year=2025",
  "ip": "::1",
  "userId": "anonymous",
  "userAgent": "Mozilla/5.0 (Windows NT 10.0; Win64; x64) AppleWebKit/537.36 (KHTML, like Gecko) Chrome/142.0.0.0 Safari/537.36"
}
[2025-11-11T09:24:57.252Z] [INFO] {
  "timestamp": "2025-11-11T09:24:57.252Z",
  "method": "GET",
  "url": "/api/finance/projects?search=&status=all&year=2025",
  "statusCode": 200,
  "responseTime": "47ms",
  "userId": "690c4c43be8f36eb0f3c17b9"
}
[2025-11-11T09:24:57.271Z] [INFO] {
  "timestamp": "2025-11-11T09:24:57.271Z",
  "method": "GET",
  "url": "/api/finance/stats?year=2025",
  "statusCode": 200,
  "responseTime": "39ms",
  "userId": "690c4c43be8f36eb0f3c17b9"
}
[2025-11-11T09:24:57.458Z] [INFO] {
  "timestamp": "2025-11-11T09:24:57.458Z",
  "method": "GET",
  "url": "/favicon.ico",
  "ip": "127.0.0.1",
  "userId": "anonymous",
  "userAgent": "Mozilla/5.0 (Windows NT 10.0; Win64; x64) AppleWebKit/537.36 (KHTML, like Gecko) Chrome/142.0.0.0 Safari/537.36"
}
[2025-11-11T09:24:57.460Z] [INFO] {
  "timestamp": "2025-11-11T09:24:57.460Z",
  "method": "GET",
  "url": "/favicon.ico",
  "statusCode": 200,
  "responseTime": "2ms",
  "userId": "anonymous"
}
[2025-11-11T09:24:58.728Z] [INFO] {
  "timestamp": "2025-11-11T09:24:58.727Z",
  "method": "GET",
  "url": "/api/clients",
  "ip": "::1",
  "userId": "anonymous",
  "userAgent": "Mozilla/5.0 (Windows NT 10.0; Win64; x64) AppleWebKit/537.36 (KHTML, like Gecko) Chrome/142.0.0.0 Safari/537.36"
}
[2025-11-11T09:24:58.746Z] [INFO] {
  "timestamp": "2025-11-11T09:24:58.746Z",
  "method": "GET",
  "url": "/favicon.ico",
  "ip": "127.0.0.1",
  "userId": "anonymous",
  "userAgent": "Mozilla/5.0 (Windows NT 10.0; Win64; x64) AppleWebKit/537.36 (KHTML, like Gecko) Chrome/142.0.0.0 Safari/537.36"
}
[2025-11-11T09:24:58.752Z] [INFO] {
  "timestamp": "2025-11-11T09:24:58.752Z",
  "method": "GET",
  "url": "/favicon.ico",
  "statusCode": 200,
  "responseTime": "6ms",
  "userId": "anonymous"
}
[2025-11-11T09:24:58.778Z] [INFO] {
  "timestamp": "2025-11-11T09:24:58.775Z",
  "method": "GET",
  "url": "/api/clients",
  "statusCode": 200,
  "responseTime": "48ms",
  "userId": "690c4c43be8f36eb0f3c17b9"
}
[2025-11-11T09:24:58.792Z] [INFO] {
  "timestamp": "2025-11-11T09:24:58.792Z",
  "method": "GET",
  "url": "/api/clients",
  "ip": "::1",
  "userId": "anonymous",
  "userAgent": "Mozilla/5.0 (Windows NT 10.0; Win64; x64) AppleWebKit/537.36 (KHTML, like Gecko) Chrome/142.0.0.0 Safari/537.36"
}
[2025-11-11T09:24:58.807Z] [INFO] {
  "timestamp": "2025-11-11T09:24:58.807Z",
  "method": "GET",
  "url": "/api/clients",
  "statusCode": 200,
  "responseTime": "15ms",
  "userId": "690c4c43be8f36eb0f3c17b9"
}
[2025-11-11T09:24:59.442Z] [INFO] {
  "timestamp": "2025-11-11T09:24:59.442Z",
  "method": "GET",
  "url": "/api/clients",
  "ip": "::1",
  "userId": "anonymous",
  "userAgent": "Mozilla/5.0 (Windows NT 10.0; Win64; x64) AppleWebKit/537.36 (KHTML, like Gecko) Chrome/142.0.0.0 Safari/537.36"
}
[2025-11-11T09:24:59.453Z] [INFO] {
  "timestamp": "2025-11-11T09:24:59.453Z",
  "method": "GET",
  "url": "/api/clients",
  "statusCode": 200,
  "responseTime": "11ms",
  "userId": "690c4c43be8f36eb0f3c17b9"
}
[2025-11-11T09:24:59.460Z] [INFO] {
  "timestamp": "2025-11-11T09:24:59.460Z",
  "method": "GET",
  "url": "/api/clients",
  "ip": "::1",
  "userId": "anonymous",
  "userAgent": "Mozilla/5.0 (Windows NT 10.0; Win64; x64) AppleWebKit/537.36 (KHTML, like Gecko) Chrome/142.0.0.0 Safari/537.36"
}
[2025-11-11T09:24:59.477Z] [INFO] {
  "timestamp": "2025-11-11T09:24:59.477Z",
  "method": "GET",
  "url": "/api/clients",
  "statusCode": 200,
  "responseTime": "17ms",
  "userId": "690c4c43be8f36eb0f3c17b9"
}
[2025-11-11T09:24:59.753Z] [INFO] {
  "timestamp": "2025-11-11T09:24:59.753Z",
  "method": "GET",
  "url": "/favicon.ico",
  "ip": "127.0.0.1",
  "userId": "anonymous",
  "userAgent": "Mozilla/5.0 (Windows NT 10.0; Win64; x64) AppleWebKit/537.36 (KHTML, like Gecko) Chrome/142.0.0.0 Safari/537.36"
}
[2025-11-11T09:24:59.755Z] [INFO] {
  "timestamp": "2025-11-11T09:24:59.755Z",
  "method": "GET",
  "url": "/favicon.ico",
  "statusCode": 200,
  "responseTime": "2ms",
  "userId": "anonymous"
}
[2025-11-11T09:25:00.145Z] [INFO] {
  "timestamp": "2025-11-11T09:25:00.145Z",
  "method": "GET",
  "url": "/api/clients",
  "ip": "::1",
  "userId": "anonymous",
  "userAgent": "Mozilla/5.0 (Windows NT 10.0; Win64; x64) AppleWebKit/537.36 (KHTML, like Gecko) Chrome/142.0.0.0 Safari/537.36"
}
[2025-11-11T09:25:00.162Z] [INFO] {
  "timestamp": "2025-11-11T09:25:00.162Z",
  "method": "GET",
  "url": "/favicon.ico",
  "ip": "127.0.0.1",
  "userId": "anonymous",
  "userAgent": "Mozilla/5.0 (Windows NT 10.0; Win64; x64) AppleWebKit/537.36 (KHTML, like Gecko) Chrome/142.0.0.0 Safari/537.36"
}
[2025-11-11T09:25:00.176Z] [INFO] {
  "timestamp": "2025-11-11T09:25:00.176Z",
  "method": "GET",
  "url": "/favicon.ico",
  "statusCode": 200,
  "responseTime": "14ms",
  "userId": "anonymous"
}
[2025-11-11T09:25:00.199Z] [INFO] {
  "timestamp": "2025-11-11T09:25:00.199Z",
  "method": "GET",
  "url": "/api/clients",
  "statusCode": 200,
  "responseTime": "54ms",
  "userId": "690c4c43be8f36eb0f3c17b9"
}
[2025-11-11T09:25:00.204Z] [INFO] {
  "timestamp": "2025-11-11T09:25:00.204Z",
  "method": "GET",
  "url": "/api/clients",
  "ip": "::1",
  "userId": "anonymous",
  "userAgent": "Mozilla/5.0 (Windows NT 10.0; Win64; x64) AppleWebKit/537.36 (KHTML, like Gecko) Chrome/142.0.0.0 Safari/537.36"
}
[2025-11-11T09:25:00.217Z] [INFO] {
  "timestamp": "2025-11-11T09:25:00.217Z",
  "method": "GET",
  "url": "/api/clients",
  "statusCode": 200,
  "responseTime": "13ms",
  "userId": "690c4c43be8f36eb0f3c17b9"
}
[2025-11-11T09:25:01.413Z] [INFO] {
  "timestamp": "2025-11-11T09:25:01.413Z",
  "method": "GET",
  "url": "/api/clients",
  "ip": "::1",
  "userId": "anonymous",
  "userAgent": "Mozilla/5.0 (Windows NT 10.0; Win64; x64) AppleWebKit/537.36 (KHTML, like Gecko) Chrome/142.0.0.0 Safari/537.36"
}
[2025-11-11T09:25:01.426Z] [INFO] {
  "timestamp": "2025-11-11T09:25:01.426Z",
  "method": "GET",
  "url": "/api/clients",
  "statusCode": 200,
  "responseTime": "13ms",
  "userId": "690c4c43be8f36eb0f3c17b9"
}
[2025-11-11T09:25:01.430Z] [INFO] {
  "timestamp": "2025-11-11T09:25:01.430Z",
  "method": "GET",
  "url": "/api/clients",
  "ip": "::1",
  "userId": "anonymous",
  "userAgent": "Mozilla/5.0 (Windows NT 10.0; Win64; x64) AppleWebKit/537.36 (KHTML, like Gecko) Chrome/142.0.0.0 Safari/537.36"
}
[2025-11-11T09:25:01.440Z] [INFO] {
  "timestamp": "2025-11-11T09:25:01.440Z",
  "method": "GET",
  "url": "/api/clients",
  "statusCode": 200,
  "responseTime": "10ms",
  "userId": "690c4c43be8f36eb0f3c17b9"
}
[2025-11-11T09:25:01.732Z] [INFO] {
  "timestamp": "2025-11-11T09:25:01.732Z",
  "method": "GET",
  "url": "/favicon.ico",
  "ip": "127.0.0.1",
  "userId": "anonymous",
  "userAgent": "Mozilla/5.0 (Windows NT 10.0; Win64; x64) AppleWebKit/537.36 (KHTML, like Gecko) Chrome/142.0.0.0 Safari/537.36"
}
[2025-11-11T09:25:01.733Z] [INFO] {
  "timestamp": "2025-11-11T09:25:01.733Z",
  "method": "GET",
  "url": "/favicon.ico",
  "statusCode": 200,
  "responseTime": "1ms",
  "userId": "anonymous"
}
[2025-11-11T09:25:02.670Z] [INFO] {
  "timestamp": "2025-11-11T09:25:02.670Z",
  "method": "GET",
  "url": "/api/finance/projects?search=&status=all&year=2025",
  "ip": "::1",
  "userId": "anonymous",
  "userAgent": "Mozilla/5.0 (Windows NT 10.0; Win64; x64) AppleWebKit/537.36 (KHTML, like Gecko) Chrome/142.0.0.0 Safari/537.36"
}
[2025-11-11T09:25:02.681Z] [INFO] {
  "timestamp": "2025-11-11T09:25:02.681Z",
  "method": "GET",
  "url": "/api/finance/stats?year=2025",
  "ip": "::1",
  "userId": "anonymous",
  "userAgent": "Mozilla/5.0 (Windows NT 10.0; Win64; x64) AppleWebKit/537.36 (KHTML, like Gecko) Chrome/142.0.0.0 Safari/537.36"
}
[2025-11-11T09:25:02.690Z] [INFO] {
  "timestamp": "2025-11-11T09:25:02.690Z",
  "method": "GET",
  "url": "/favicon.ico",
  "ip": "127.0.0.1",
  "userId": "anonymous",
  "userAgent": "Mozilla/5.0 (Windows NT 10.0; Win64; x64) AppleWebKit/537.36 (KHTML, like Gecko) Chrome/142.0.0.0 Safari/537.36"
}
[2025-11-11T09:25:02.696Z] [INFO] {
  "timestamp": "2025-11-11T09:25:02.696Z",
  "method": "GET",
  "url": "/favicon.ico",
  "statusCode": 200,
  "responseTime": "6ms",
  "userId": "anonymous"
}
[2025-11-11T09:25:02.723Z] [INFO] {
  "timestamp": "2025-11-11T09:25:02.723Z",
  "method": "GET",
  "url": "/api/finance/projects?search=&status=all&year=2025",
  "statusCode": 200,
  "responseTime": "53ms",
  "userId": "690c4c43be8f36eb0f3c17b9"
}
[2025-11-11T09:25:02.732Z] [INFO] {
  "timestamp": "2025-11-11T09:25:02.732Z",
  "method": "GET",
  "url": "/api/finance/projects?search=&status=all&year=2025",
  "ip": "::1",
  "userId": "anonymous",
  "userAgent": "Mozilla/5.0 (Windows NT 10.0; Win64; x64) AppleWebKit/537.36 (KHTML, like Gecko) Chrome/142.0.0.0 Safari/537.36"
}
[2025-11-11T09:25:02.748Z] [INFO] {
  "timestamp": "2025-11-11T09:25:02.748Z",
  "method": "GET",
  "url": "/api/finance/stats?year=2025",
  "statusCode": 200,
  "responseTime": "67ms",
  "userId": "690c4c43be8f36eb0f3c17b9"
}
[2025-11-11T09:25:02.753Z] [INFO] {
  "timestamp": "2025-11-11T09:25:02.753Z",
  "method": "GET",
  "url": "/api/finance/stats?year=2025",
  "ip": "::1",
  "userId": "anonymous",
  "userAgent": "Mozilla/5.0 (Windows NT 10.0; Win64; x64) AppleWebKit/537.36 (KHTML, like Gecko) Chrome/142.0.0.0 Safari/537.36"
}
[2025-11-11T09:25:02.774Z] [INFO] {
  "timestamp": "2025-11-11T09:25:02.774Z",
  "method": "GET",
  "url": "/api/finance/projects?search=&status=all&year=2025",
  "statusCode": 200,
  "responseTime": "42ms",
  "userId": "690c4c43be8f36eb0f3c17b9"
}
[2025-11-11T09:25:02.799Z] [INFO] {
  "timestamp": "2025-11-11T09:25:02.799Z",
  "method": "GET",
  "url": "/api/finance/stats?year=2025",
  "statusCode": 200,
  "responseTime": "46ms",
  "userId": "690c4c43be8f36eb0f3c17b9"
}
[2025-11-11T09:37:31.093Z] [INFO] Email service initialized successfully
[2025-11-11T09:37:37.533Z] [INFO] {
  "timestamp": "2025-11-11T09:37:37.532Z",
  "method": "GET",
  "url": "/api/auth/me",
  "ip": "::1",
  "userId": "anonymous",
  "userAgent": "Mozilla/5.0 (Windows NT 10.0; Win64; x64) AppleWebKit/537.36 (KHTML, like Gecko) Chrome/142.0.0.0 Safari/537.36"
}
[2025-11-11T09:37:37.543Z] [INFO] {
  "timestamp": "2025-11-11T09:37:37.543Z",
  "method": "GET",
  "url": "/favicon.ico",
  "ip": "127.0.0.1",
  "userId": "anonymous",
  "userAgent": "Mozilla/5.0 (Windows NT 10.0; Win64; x64) AppleWebKit/537.36 (KHTML, like Gecko) Chrome/142.0.0.0 Safari/537.36"
}
[2025-11-11T09:37:37.550Z] [INFO] {
  "timestamp": "2025-11-11T09:37:37.550Z",
  "method": "GET",
  "url": "/favicon.ico",
  "statusCode": 200,
  "responseTime": "7ms",
  "userId": "anonymous"
}
[2025-11-11T09:37:37.575Z] [INFO] {
  "timestamp": "2025-11-11T09:37:37.575Z",
  "method": "GET",
  "url": "/api/auth/me",
  "statusCode": 200,
  "responseTime": "43ms",
  "userId": "690c4c43be8f36eb0f3c17b9"
}
[2025-11-11T09:37:37.586Z] [INFO] {
  "timestamp": "2025-11-11T09:37:37.586Z",
  "method": "GET",
  "url": "/api/auth/me",
  "ip": "::1",
  "userId": "anonymous",
  "userAgent": "Mozilla/5.0 (Windows NT 10.0; Win64; x64) AppleWebKit/537.36 (KHTML, like Gecko) Chrome/142.0.0.0 Safari/537.36"
}
[2025-11-11T09:37:37.598Z] [INFO] {
  "timestamp": "2025-11-11T09:37:37.598Z",
  "method": "GET",
  "url": "/api/auth/me",
  "statusCode": 200,
  "responseTime": "12ms",
  "userId": "690c4c43be8f36eb0f3c17b9"
}
[2025-11-11T09:37:37.624Z] [INFO] {
  "timestamp": "2025-11-11T09:37:37.624Z",
  "method": "GET",
  "url": "/favicon.ico",
  "ip": "127.0.0.1",
  "userId": "anonymous",
  "userAgent": "Mozilla/5.0 (Windows NT 10.0; Win64; x64) AppleWebKit/537.36 (KHTML, like Gecko) Chrome/142.0.0.0 Safari/537.36"
}
[2025-11-11T09:37:37.625Z] [INFO] {
  "timestamp": "2025-11-11T09:37:37.625Z",
  "method": "GET",
  "url": "/favicon.ico",
  "statusCode": 200,
  "responseTime": "1ms",
  "userId": "anonymous"
}
[2025-11-11T09:37:37.640Z] [INFO] {
  "timestamp": "2025-11-11T09:37:37.640Z",
  "method": "GET",
  "url": "/api/activities/recent?limit=3",
  "ip": "127.0.0.1",
  "userId": "anonymous",
  "userAgent": "Mozilla/5.0 (Windows NT 10.0; Win64; x64) AppleWebKit/537.36 (KHTML, like Gecko) Chrome/142.0.0.0 Safari/537.36"
}
[2025-11-11T09:37:37.652Z] [INFO] {
  "timestamp": "2025-11-11T09:37:37.652Z",
  "method": "GET",
  "url": "/api/activities/recent?limit=3",
  "statusCode": 200,
  "responseTime": "12ms",
  "userId": "690c4c43be8f36eb0f3c17b9"
}
[2025-11-11T09:37:38.209Z] [INFO] {
  "timestamp": "2025-11-11T09:37:38.209Z",
  "method": "GET",
  "url": "/api/activities/recent?limit=3",
  "ip": "127.0.0.1",
  "userId": "anonymous",
  "userAgent": "Mozilla/5.0 (Windows NT 10.0; Win64; x64) AppleWebKit/537.36 (KHTML, like Gecko) Chrome/142.0.0.0 Safari/537.36"
}
[2025-11-11T09:37:38.224Z] [INFO] {
  "timestamp": "2025-11-11T09:37:38.224Z",
  "method": "GET",
  "url": "/api/activities/recent?limit=3",
  "statusCode": 200,
  "responseTime": "15ms",
  "userId": "690c4c43be8f36eb0f3c17b9"
}
[2025-11-11T09:37:42.162Z] [INFO] {
  "timestamp": "2025-11-11T09:37:42.162Z",
  "method": "GET",
  "url": "/favicon.ico",
  "ip": "127.0.0.1",
  "userId": "anonymous",
  "userAgent": "Mozilla/5.0 (Windows NT 10.0; Win64; x64) AppleWebKit/537.36 (KHTML, like Gecko) Chrome/142.0.0.0 Safari/537.36"
}
[2025-11-11T09:37:42.168Z] [INFO] {
  "timestamp": "2025-11-11T09:37:42.168Z",
  "method": "GET",
  "url": "/favicon.ico",
  "statusCode": 200,
  "responseTime": "6ms",
  "userId": "anonymous"
}
[2025-11-11T09:37:42.179Z] [INFO] {
  "timestamp": "2025-11-11T09:37:42.179Z",
  "method": "GET",
  "url": "/api/clients",
  "ip": "::1",
  "userId": "anonymous",
  "userAgent": "Mozilla/5.0 (Windows NT 10.0; Win64; x64) AppleWebKit/537.36 (KHTML, like Gecko) Chrome/142.0.0.0 Safari/537.36"
}
[2025-11-11T09:37:42.192Z] [INFO] {
  "timestamp": "2025-11-11T09:37:42.192Z",
  "method": "GET",
  "url": "/api/finance/projects?search=&status=all&year=2025",
  "ip": "::1",
  "userId": "anonymous",
  "userAgent": "Mozilla/5.0 (Windows NT 10.0; Win64; x64) AppleWebKit/537.36 (KHTML, like Gecko) Chrome/142.0.0.0 Safari/537.36"
}
[2025-11-11T09:37:42.196Z] [INFO] {
  "timestamp": "2025-11-11T09:37:42.196Z",
  "method": "GET",
  "url": "/api/finance/stats?year=2025",
  "ip": "::1",
  "userId": "anonymous",
  "userAgent": "Mozilla/5.0 (Windows NT 10.0; Win64; x64) AppleWebKit/537.36 (KHTML, like Gecko) Chrome/142.0.0.0 Safari/537.36"
}
[2025-11-11T09:37:42.221Z] [INFO] {
  "timestamp": "2025-11-11T09:37:42.221Z",
  "method": "GET",
  "url": "/api/clients",
  "statusCode": 200,
  "responseTime": "42ms",
  "userId": "690c4c43be8f36eb0f3c17b9"
}
[2025-11-11T09:37:42.232Z] [INFO] {
  "timestamp": "2025-11-11T09:37:42.232Z",
  "method": "GET",
  "url": "/api/clients",
  "ip": "::1",
  "userId": "anonymous",
  "userAgent": "Mozilla/5.0 (Windows NT 10.0; Win64; x64) AppleWebKit/537.36 (KHTML, like Gecko) Chrome/142.0.0.0 Safari/537.36"
}
[2025-11-11T09:37:42.274Z] [INFO] {
  "timestamp": "2025-11-11T09:37:42.274Z",
  "method": "GET",
  "url": "/api/finance/projects?search=&status=all&year=2025",
  "statusCode": 200,
  "responseTime": "82ms",
  "userId": "690c4c43be8f36eb0f3c17b9"
}
[2025-11-11T09:37:42.287Z] [INFO] {
  "timestamp": "2025-11-11T09:37:42.287Z",
  "method": "GET",
  "url": "/api/clients",
  "statusCode": 200,
  "responseTime": "55ms",
  "userId": "690c4c43be8f36eb0f3c17b9"
}
[2025-11-11T09:37:42.306Z] [INFO] {
  "timestamp": "2025-11-11T09:37:42.306Z",
  "method": "GET",
  "url": "/api/finance/projects?search=&status=all&year=2025",
  "ip": "::1",
  "userId": "anonymous",
  "userAgent": "Mozilla/5.0 (Windows NT 10.0; Win64; x64) AppleWebKit/537.36 (KHTML, like Gecko) Chrome/142.0.0.0 Safari/537.36"
}
[2025-11-11T09:37:42.322Z] [INFO] {
  "timestamp": "2025-11-11T09:37:42.322Z",
  "method": "GET",
  "url": "/api/finance/stats?year=2025",
  "statusCode": 200,
  "responseTime": "126ms",
  "userId": "690c4c43be8f36eb0f3c17b9"
}
[2025-11-11T09:37:42.335Z] [INFO] {
  "timestamp": "2025-11-11T09:37:42.335Z",
  "method": "GET",
  "url": "/api/finance/stats?year=2025",
  "ip": "::1",
  "userId": "anonymous",
  "userAgent": "Mozilla/5.0 (Windows NT 10.0; Win64; x64) AppleWebKit/537.36 (KHTML, like Gecko) Chrome/142.0.0.0 Safari/537.36"
}
[2025-11-11T09:37:42.355Z] [INFO] {
  "timestamp": "2025-11-11T09:37:42.355Z",
  "method": "GET",
  "url": "/api/finance/projects?search=&status=all&year=2025",
  "statusCode": 200,
  "responseTime": "49ms",
  "userId": "690c4c43be8f36eb0f3c17b9"
}
[2025-11-11T09:37:42.377Z] [INFO] {
  "timestamp": "2025-11-11T09:37:42.377Z",
  "method": "GET",
  "url": "/api/finance/stats?year=2025",
  "statusCode": 200,
  "responseTime": "42ms",
  "userId": "690c4c43be8f36eb0f3c17b9"
}
[2025-11-11T09:38:40.809Z] [INFO] {
  "timestamp": "2025-11-11T09:38:40.809Z",
  "method": "GET",
  "url": "/api/auth/me",
  "ip": "::1",
  "userId": "anonymous",
  "userAgent": "Mozilla/5.0 (Windows NT 10.0; Win64; x64) AppleWebKit/537.36 (KHTML, like Gecko) Chrome/142.0.0.0 Safari/537.36"
}
[2025-11-11T09:38:40.823Z] [INFO] {
  "timestamp": "2025-11-11T09:38:40.823Z",
  "method": "GET",
  "url": "/api/auth/me",
  "statusCode": 200,
  "responseTime": "13ms",
  "userId": "690c4c43be8f36eb0f3c17b9"
}
[2025-11-11T09:38:40.832Z] [INFO] {
  "timestamp": "2025-11-11T09:38:40.832Z",
  "method": "GET",
  "url": "/api/auth/me",
  "ip": "::1",
  "userId": "anonymous",
  "userAgent": "Mozilla/5.0 (Windows NT 10.0; Win64; x64) AppleWebKit/537.36 (KHTML, like Gecko) Chrome/142.0.0.0 Safari/537.36"
}
[2025-11-11T09:38:40.855Z] [INFO] {
  "timestamp": "2025-11-11T09:38:40.855Z",
  "method": "GET",
  "url": "/api/auth/me",
  "statusCode": 200,
  "responseTime": "23ms",
  "userId": "690c4c43be8f36eb0f3c17b9"
}
[2025-11-11T09:38:40.865Z] [INFO] {
  "timestamp": "2025-11-11T09:38:40.865Z",
  "method": "GET",
  "url": "/api/clients",
  "ip": "::1",
  "userId": "anonymous",
  "userAgent": "Mozilla/5.0 (Windows NT 10.0; Win64; x64) AppleWebKit/537.36 (KHTML, like Gecko) Chrome/142.0.0.0 Safari/537.36"
}
[2025-11-11T09:38:40.883Z] [INFO] {
  "timestamp": "2025-11-11T09:38:40.883Z",
  "method": "GET",
  "url": "/api/finance/projects?search=&status=all&year=2025",
  "ip": "::1",
  "userId": "anonymous",
  "userAgent": "Mozilla/5.0 (Windows NT 10.0; Win64; x64) AppleWebKit/537.36 (KHTML, like Gecko) Chrome/142.0.0.0 Safari/537.36"
}
[2025-11-11T09:38:40.889Z] [INFO] {
  "timestamp": "2025-11-11T09:38:40.889Z",
  "method": "GET",
  "url": "/api/finance/stats?year=2025",
  "ip": "::1",
  "userId": "anonymous",
  "userAgent": "Mozilla/5.0 (Windows NT 10.0; Win64; x64) AppleWebKit/537.36 (KHTML, like Gecko) Chrome/142.0.0.0 Safari/537.36"
}
[2025-11-11T09:38:40.893Z] [INFO] {
  "timestamp": "2025-11-11T09:38:40.893Z",
  "method": "GET",
  "url": "/api/clients",
  "statusCode": 200,
  "responseTime": "28ms",
  "userId": "690c4c43be8f36eb0f3c17b9"
}
[2025-11-11T09:38:40.904Z] [INFO] {
  "timestamp": "2025-11-11T09:38:40.904Z",
  "method": "GET",
  "url": "/api/clients",
  "ip": "::1",
  "userId": "anonymous",
  "userAgent": "Mozilla/5.0 (Windows NT 10.0; Win64; x64) AppleWebKit/537.36 (KHTML, like Gecko) Chrome/142.0.0.0 Safari/537.36"
}
[2025-11-11T09:38:40.936Z] [INFO] {
  "timestamp": "2025-11-11T09:38:40.936Z",
  "method": "GET",
  "url": "/api/clients",
  "statusCode": 200,
  "responseTime": "32ms",
  "userId": "690c4c43be8f36eb0f3c17b9"
}
[2025-11-11T09:38:40.947Z] [INFO] {
  "timestamp": "2025-11-11T09:38:40.947Z",
  "method": "GET",
  "url": "/api/clients",
  "ip": "::1",
  "userId": "anonymous",
  "userAgent": "Mozilla/5.0 (Windows NT 10.0; Win64; x64) AppleWebKit/537.36 (KHTML, like Gecko) Chrome/142.0.0.0 Safari/537.36"
}
[2025-11-11T09:38:40.954Z] [INFO] {
  "timestamp": "2025-11-11T09:38:40.954Z",
  "method": "GET",
  "url": "/api/finance/projects?search=&status=all&year=2025",
  "statusCode": 200,
  "responseTime": "71ms",
  "userId": "690c4c43be8f36eb0f3c17b9"
}
[2025-11-11T09:38:40.975Z] [INFO] {
  "timestamp": "2025-11-11T09:38:40.975Z",
  "method": "GET",
  "url": "/api/finance/projects?search=&status=all&year=2025",
  "ip": "::1",
  "userId": "anonymous",
  "userAgent": "Mozilla/5.0 (Windows NT 10.0; Win64; x64) AppleWebKit/537.36 (KHTML, like Gecko) Chrome/142.0.0.0 Safari/537.36"
}
[2025-11-11T09:38:40.982Z] [INFO] {
  "timestamp": "2025-11-11T09:38:40.982Z",
  "method": "GET",
  "url": "/api/clients",
  "statusCode": 200,
  "responseTime": "35ms",
  "userId": "690c4c43be8f36eb0f3c17b9"
}
[2025-11-11T09:38:40.995Z] [INFO] {
  "timestamp": "2025-11-11T09:38:40.995Z",
  "method": "GET",
  "url": "/api/finance/stats?year=2025",
  "statusCode": 200,
  "responseTime": "106ms",
  "userId": "690c4c43be8f36eb0f3c17b9"
}
[2025-11-11T09:38:41.016Z] [INFO] {
  "timestamp": "2025-11-11T09:38:41.016Z",
  "method": "GET",
  "url": "/api/finance/stats?year=2025",
  "ip": "::1",
  "userId": "anonymous",
  "userAgent": "Mozilla/5.0 (Windows NT 10.0; Win64; x64) AppleWebKit/537.36 (KHTML, like Gecko) Chrome/142.0.0.0 Safari/537.36"
}
[2025-11-11T09:38:41.038Z] [INFO] {
  "timestamp": "2025-11-11T09:38:41.038Z",
  "method": "GET",
  "url": "/api/finance/projects?search=&status=all&year=2025",
  "statusCode": 200,
  "responseTime": "63ms",
  "userId": "690c4c43be8f36eb0f3c17b9"
}
[2025-11-11T09:38:41.049Z] [INFO] {
  "timestamp": "2025-11-11T09:38:41.049Z",
  "method": "GET",
  "url": "/api/finance/projects?search=&status=all&year=2025",
  "ip": "::1",
  "userId": "anonymous",
  "userAgent": "Mozilla/5.0 (Windows NT 10.0; Win64; x64) AppleWebKit/537.36 (KHTML, like Gecko) Chrome/142.0.0.0 Safari/537.36"
}
[2025-11-11T09:38:41.073Z] [INFO] {
  "timestamp": "2025-11-11T09:38:41.073Z",
  "method": "GET",
  "url": "/api/finance/stats?year=2025",
  "statusCode": 200,
  "responseTime": "57ms",
  "userId": "690c4c43be8f36eb0f3c17b9"
}
[2025-11-11T09:38:41.080Z] [INFO] {
  "timestamp": "2025-11-11T09:38:41.080Z",
  "method": "GET",
  "url": "/api/finance/projects?search=&status=all&year=2025",
  "statusCode": 200,
  "responseTime": "31ms",
  "userId": "690c4c43be8f36eb0f3c17b9"
}
[2025-11-11T09:38:41.082Z] [INFO] {
  "timestamp": "2025-11-11T09:38:41.082Z",
  "method": "GET",
  "url": "/api/finance/stats?year=2025",
  "ip": "::1",
  "userId": "anonymous",
  "userAgent": "Mozilla/5.0 (Windows NT 10.0; Win64; x64) AppleWebKit/537.36 (KHTML, like Gecko) Chrome/142.0.0.0 Safari/537.36"
}
[2025-11-11T09:38:41.115Z] [INFO] {
  "timestamp": "2025-11-11T09:38:41.115Z",
  "method": "GET",
  "url": "/api/finance/stats?year=2025",
  "statusCode": 200,
  "responseTime": "33ms",
  "userId": "690c4c43be8f36eb0f3c17b9"
}
[2025-11-11T09:42:04.003Z] [INFO] {
  "timestamp": "2025-11-11T09:42:04.003Z",
  "method": "POST",
  "url": "/api/clients",
  "ip": "::1",
  "userId": "anonymous",
  "userAgent": "Mozilla/5.0 (Windows NT 10.0; Win64; x64) AppleWebKit/537.36 (KHTML, like Gecko) Chrome/142.0.0.0 Safari/537.36"
}
[2025-11-11T09:42:04.035Z] [INFO] {
  "timestamp": "2025-11-11T09:42:04.035Z",
  "method": "POST",
  "url": "/api/clients",
  "statusCode": 201,
  "responseTime": "32ms",
  "userId": "690c4c43be8f36eb0f3c17b9"
}
[2025-11-11T09:42:13.416Z] [INFO] {
  "timestamp": "2025-11-11T09:42:13.416Z",
  "method": "GET",
  "url": "/api/clients",
  "ip": "::1",
  "userId": "anonymous",
  "userAgent": "Mozilla/5.0 (Windows NT 10.0; Win64; x64) AppleWebKit/537.36 (KHTML, like Gecko) Chrome/142.0.0.0 Safari/537.36"
}
[2025-11-11T09:42:13.429Z] [INFO] {
  "timestamp": "2025-11-11T09:42:13.429Z",
  "method": "GET",
  "url": "/api/clients",
  "statusCode": 200,
  "responseTime": "13ms",
  "userId": "690c4c43be8f36eb0f3c17b9"
}
[2025-11-11T09:42:13.441Z] [INFO] {
  "timestamp": "2025-11-11T09:42:13.441Z",
  "method": "GET",
  "url": "/api/clients",
  "ip": "::1",
  "userId": "anonymous",
  "userAgent": "Mozilla/5.0 (Windows NT 10.0; Win64; x64) AppleWebKit/537.36 (KHTML, like Gecko) Chrome/142.0.0.0 Safari/537.36"
}
[2025-11-11T09:42:13.461Z] [INFO] {
  "timestamp": "2025-11-11T09:42:13.461Z",
  "method": "GET",
  "url": "/api/clients",
  "statusCode": 200,
  "responseTime": "20ms",
  "userId": "690c4c43be8f36eb0f3c17b9"
}
[2025-11-11T09:42:13.736Z] [INFO] {
  "timestamp": "2025-11-11T09:42:13.736Z",
  "method": "GET",
  "url": "/favicon.ico",
  "ip": "127.0.0.1",
  "userId": "anonymous",
  "userAgent": "Mozilla/5.0 (Windows NT 10.0; Win64; x64) AppleWebKit/537.36 (KHTML, like Gecko) Chrome/142.0.0.0 Safari/537.36"
}
[2025-11-11T09:42:13.738Z] [INFO] {
  "timestamp": "2025-11-11T09:42:13.738Z",
  "method": "GET",
  "url": "/favicon.ico",
  "statusCode": 200,
  "responseTime": "2ms",
  "userId": "anonymous"
}
[2025-11-11T09:42:17.329Z] [INFO] {
  "timestamp": "2025-11-11T09:42:17.329Z",
  "method": "GET",
  "url": "/api/clients",
  "ip": "::1",
  "userId": "anonymous",
  "userAgent": "Mozilla/5.0 (Windows NT 10.0; Win64; x64) AppleWebKit/537.36 (KHTML, like Gecko) Chrome/142.0.0.0 Safari/537.36"
}
[2025-11-11T09:42:17.334Z] [INFO] {
  "timestamp": "2025-11-11T09:42:17.334Z",
  "method": "GET",
  "url": "/favicon.ico",
  "ip": "127.0.0.1",
  "userId": "anonymous",
  "userAgent": "Mozilla/5.0 (Windows NT 10.0; Win64; x64) AppleWebKit/537.36 (KHTML, like Gecko) Chrome/142.0.0.0 Safari/537.36"
}
[2025-11-11T09:42:17.341Z] [INFO] {
  "timestamp": "2025-11-11T09:42:17.341Z",
  "method": "GET",
  "url": "/favicon.ico",
  "statusCode": 200,
  "responseTime": "7ms",
  "userId": "anonymous"
}
[2025-11-11T09:42:17.357Z] [INFO] {
  "timestamp": "2025-11-11T09:42:17.357Z",
  "method": "GET",
  "url": "/api/clients",
  "statusCode": 200,
  "responseTime": "28ms",
  "userId": "690c4c43be8f36eb0f3c17b9"
}
[2025-11-11T09:42:17.369Z] [INFO] {
  "timestamp": "2025-11-11T09:42:17.369Z",
  "method": "GET",
  "url": "/api/clients",
  "ip": "::1",
  "userId": "anonymous",
  "userAgent": "Mozilla/5.0 (Windows NT 10.0; Win64; x64) AppleWebKit/537.36 (KHTML, like Gecko) Chrome/142.0.0.0 Safari/537.36"
}
[2025-11-11T09:42:17.386Z] [INFO] {
  "timestamp": "2025-11-11T09:42:17.386Z",
  "method": "GET",
  "url": "/api/clients",
  "statusCode": 200,
  "responseTime": "17ms",
  "userId": "690c4c43be8f36eb0f3c17b9"
}
[2025-11-11T09:42:17.749Z] [INFO] {
  "timestamp": "2025-11-11T09:42:17.749Z",
  "method": "GET",
  "url": "/api/clients",
  "ip": "::1",
  "userId": "anonymous",
  "userAgent": "Mozilla/5.0 (Windows NT 10.0; Win64; x64) AppleWebKit/537.36 (KHTML, like Gecko) Chrome/142.0.0.0 Safari/537.36"
}
[2025-11-11T09:42:17.764Z] [INFO] {
  "timestamp": "2025-11-11T09:42:17.764Z",
  "method": "GET",
  "url": "/api/finance/projects?search=&status=all&year=2025",
  "ip": "::1",
  "userId": "anonymous",
  "userAgent": "Mozilla/5.0 (Windows NT 10.0; Win64; x64) AppleWebKit/537.36 (KHTML, like Gecko) Chrome/142.0.0.0 Safari/537.36"
}
[2025-11-11T09:42:17.768Z] [INFO] {
  "timestamp": "2025-11-11T09:42:17.768Z",
  "method": "GET",
  "url": "/api/finance/stats?year=2025",
  "ip": "::1",
  "userId": "anonymous",
  "userAgent": "Mozilla/5.0 (Windows NT 10.0; Win64; x64) AppleWebKit/537.36 (KHTML, like Gecko) Chrome/142.0.0.0 Safari/537.36"
}
[2025-11-11T09:42:17.774Z] [INFO] {
  "timestamp": "2025-11-11T09:42:17.774Z",
  "method": "GET",
  "url": "/api/clients",
  "statusCode": 200,
  "responseTime": "25ms",
  "userId": "690c4c43be8f36eb0f3c17b9"
}
[2025-11-11T09:42:17.784Z] [INFO] {
  "timestamp": "2025-11-11T09:42:17.784Z",
  "method": "GET",
  "url": "/api/clients",
  "ip": "::1",
  "userId": "anonymous",
  "userAgent": "Mozilla/5.0 (Windows NT 10.0; Win64; x64) AppleWebKit/537.36 (KHTML, like Gecko) Chrome/142.0.0.0 Safari/537.36"
}
[2025-11-11T09:42:17.825Z] [INFO] {
  "timestamp": "2025-11-11T09:42:17.825Z",
  "method": "GET",
  "url": "/api/clients",
  "statusCode": 200,
  "responseTime": "41ms",
  "userId": "690c4c43be8f36eb0f3c17b9"
}
[2025-11-11T09:42:17.838Z] [INFO] {
  "timestamp": "2025-11-11T09:42:17.838Z",
  "method": "GET",
  "url": "/api/finance/projects?search=&status=all&year=2025",
  "statusCode": 200,
  "responseTime": "74ms",
  "userId": "690c4c43be8f36eb0f3c17b9"
}
[2025-11-11T09:42:17.848Z] [INFO] {
  "timestamp": "2025-11-11T09:42:17.848Z",
  "method": "GET",
  "url": "/api/finance/projects?search=&status=all&year=2025",
  "ip": "::1",
  "userId": "anonymous",
  "userAgent": "Mozilla/5.0 (Windows NT 10.0; Win64; x64) AppleWebKit/537.36 (KHTML, like Gecko) Chrome/142.0.0.0 Safari/537.36"
}
[2025-11-11T09:42:17.867Z] [INFO] {
  "timestamp": "2025-11-11T09:42:17.867Z",
  "method": "GET",
  "url": "/api/finance/stats?year=2025",
  "statusCode": 200,
  "responseTime": "99ms",
  "userId": "690c4c43be8f36eb0f3c17b9"
}
[2025-11-11T09:42:17.875Z] [INFO] {
  "timestamp": "2025-11-11T09:42:17.875Z",
  "method": "GET",
  "url": "/api/finance/stats?year=2025",
  "ip": "::1",
  "userId": "anonymous",
  "userAgent": "Mozilla/5.0 (Windows NT 10.0; Win64; x64) AppleWebKit/537.36 (KHTML, like Gecko) Chrome/142.0.0.0 Safari/537.36"
}
[2025-11-11T09:42:17.897Z] [INFO] {
  "timestamp": "2025-11-11T09:42:17.897Z",
  "method": "GET",
  "url": "/api/finance/projects?search=&status=all&year=2025",
  "statusCode": 200,
  "responseTime": "49ms",
  "userId": "690c4c43be8f36eb0f3c17b9"
}
[2025-11-11T09:42:17.921Z] [INFO] {
  "timestamp": "2025-11-11T09:42:17.921Z",
  "method": "GET",
  "url": "/api/finance/stats?year=2025",
  "statusCode": 200,
  "responseTime": "46ms",
  "userId": "690c4c43be8f36eb0f3c17b9"
}
[2025-11-11T09:42:18.072Z] [INFO] {
  "timestamp": "2025-11-11T09:42:18.072Z",
  "method": "GET",
  "url": "/favicon.ico",
  "ip": "127.0.0.1",
  "userId": "anonymous",
  "userAgent": "Mozilla/5.0 (Windows NT 10.0; Win64; x64) AppleWebKit/537.36 (KHTML, like Gecko) Chrome/142.0.0.0 Safari/537.36"
}
[2025-11-11T09:42:18.073Z] [INFO] {
  "timestamp": "2025-11-11T09:42:18.073Z",
  "method": "GET",
  "url": "/favicon.ico",
  "statusCode": 200,
  "responseTime": "1ms",
  "userId": "anonymous"
}
[2025-11-11T09:43:19.499Z] [INFO] {
  "timestamp": "2025-11-11T09:43:19.499Z",
  "method": "POST",
  "url": "/api/finance/projects",
  "ip": "::1",
  "userId": "anonymous",
  "userAgent": "Mozilla/5.0 (Windows NT 10.0; Win64; x64) AppleWebKit/537.36 (KHTML, like Gecko) Chrome/142.0.0.0 Safari/537.36"
}
[2025-11-11T09:43:19.524Z] [INFO] {
  "timestamp": "2025-11-11T09:43:19.524Z",
  "method": "POST",
  "url": "/api/finance/projects",
  "statusCode": 200,
  "responseTime": "25ms",
  "userId": "690c4c43be8f36eb0f3c17b9"
}
[2025-11-11T09:43:19.552Z] [INFO] {
  "timestamp": "2025-11-11T09:43:19.552Z",
  "method": "GET",
  "url": "/api/finance/projects?search=&status=all&year=2025",
  "ip": "::1",
  "userId": "anonymous",
  "userAgent": "Mozilla/5.0 (Windows NT 10.0; Win64; x64) AppleWebKit/537.36 (KHTML, like Gecko) Chrome/142.0.0.0 Safari/537.36"
}
[2025-11-11T09:43:19.561Z] [INFO] {
  "timestamp": "2025-11-11T09:43:19.561Z",
  "method": "GET",
  "url": "/api/finance/stats?year=2025",
  "ip": "::1",
  "userId": "anonymous",
  "userAgent": "Mozilla/5.0 (Windows NT 10.0; Win64; x64) AppleWebKit/537.36 (KHTML, like Gecko) Chrome/142.0.0.0 Safari/537.36"
}
[2025-11-11T09:43:19.592Z] [INFO] {
  "timestamp": "2025-11-11T09:43:19.592Z",
  "method": "GET",
  "url": "/api/finance/projects?search=&status=all&year=2025",
  "statusCode": 200,
  "responseTime": "40ms",
  "userId": "690c4c43be8f36eb0f3c17b9"
}
[2025-11-11T09:43:19.605Z] [INFO] {
  "timestamp": "2025-11-11T09:43:19.605Z",
  "method": "GET",
  "url": "/api/finance/stats?year=2025",
  "statusCode": 200,
  "responseTime": "44ms",
  "userId": "690c4c43be8f36eb0f3c17b9"
}
[2025-11-11T09:43:30.931Z] [INFO] {
  "timestamp": "2025-11-11T09:43:30.931Z",
  "method": "GET",
  "url": "/api/finance/export/projects",
  "ip": "::1",
  "userId": "anonymous",
  "userAgent": "Mozilla/5.0 (Windows NT 10.0; Win64; x64) AppleWebKit/537.36 (KHTML, like Gecko) Chrome/142.0.0.0 Safari/537.36"
}
[2025-11-11T09:43:42.619Z] [INFO] {
  "timestamp": "2025-11-11T09:43:42.619Z",
  "method": "GET",
  "url": "/api/clients",
  "ip": "::1",
  "userId": "anonymous",
  "userAgent": "Mozilla/5.0 (Windows NT 10.0; Win64; x64) AppleWebKit/537.36 (KHTML, like Gecko) Chrome/142.0.0.0 Safari/537.36"
}
[2025-11-11T09:43:42.630Z] [INFO] {
  "timestamp": "2025-11-11T09:43:42.630Z",
  "method": "GET",
  "url": "/api/clients",
  "statusCode": 200,
  "responseTime": "11ms",
  "userId": "690c4c43be8f36eb0f3c17b9"
}
[2025-11-11T09:43:42.634Z] [INFO] {
  "timestamp": "2025-11-11T09:43:42.634Z",
  "method": "GET",
  "url": "/api/clients",
  "ip": "::1",
  "userId": "anonymous",
  "userAgent": "Mozilla/5.0 (Windows NT 10.0; Win64; x64) AppleWebKit/537.36 (KHTML, like Gecko) Chrome/142.0.0.0 Safari/537.36"
}
[2025-11-11T09:43:42.646Z] [INFO] {
  "timestamp": "2025-11-11T09:43:42.646Z",
  "method": "GET",
  "url": "/api/clients",
  "statusCode": 200,
  "responseTime": "12ms",
  "userId": "690c4c43be8f36eb0f3c17b9"
}
[2025-11-11T09:43:42.933Z] [INFO] {
  "timestamp": "2025-11-11T09:43:42.933Z",
  "method": "GET",
  "url": "/favicon.ico",
  "ip": "127.0.0.1",
  "userId": "anonymous",
  "userAgent": "Mozilla/5.0 (Windows NT 10.0; Win64; x64) AppleWebKit/537.36 (KHTML, like Gecko) Chrome/142.0.0.0 Safari/537.36"
}
[2025-11-11T09:43:42.934Z] [INFO] {
  "timestamp": "2025-11-11T09:43:42.934Z",
  "method": "GET",
  "url": "/favicon.ico",
  "statusCode": 200,
  "responseTime": "1ms",
  "userId": "anonymous"
}
[2025-11-11T09:44:07.764Z] [INFO] {
  "timestamp": "2025-11-11T09:44:07.764Z",
  "method": "GET",
  "url": "/api/clients",
  "ip": "::1",
  "userId": "anonymous",
  "userAgent": "Mozilla/5.0 (Windows NT 10.0; Win64; x64) AppleWebKit/537.36 (KHTML, like Gecko) Chrome/142.0.0.0 Safari/537.36"
}
[2025-11-11T09:44:07.771Z] [INFO] {
  "timestamp": "2025-11-11T09:44:07.771Z",
  "method": "GET",
  "url": "/api/finance/projects?search=&status=all&year=2025",
  "ip": "::1",
  "userId": "anonymous",
  "userAgent": "Mozilla/5.0 (Windows NT 10.0; Win64; x64) AppleWebKit/537.36 (KHTML, like Gecko) Chrome/142.0.0.0 Safari/537.36"
}
[2025-11-11T09:44:07.784Z] [INFO] {
  "timestamp": "2025-11-11T09:44:07.784Z",
  "method": "GET",
  "url": "/api/finance/stats?year=2025",
  "ip": "::1",
  "userId": "anonymous",
  "userAgent": "Mozilla/5.0 (Windows NT 10.0; Win64; x64) AppleWebKit/537.36 (KHTML, like Gecko) Chrome/142.0.0.0 Safari/537.36"
}
[2025-11-11T09:44:07.796Z] [INFO] {
  "timestamp": "2025-11-11T09:44:07.796Z",
  "method": "GET",
  "url": "/favicon.ico",
  "ip": "127.0.0.1",
  "userId": "anonymous",
  "userAgent": "Mozilla/5.0 (Windows NT 10.0; Win64; x64) AppleWebKit/537.36 (KHTML, like Gecko) Chrome/142.0.0.0 Safari/537.36"
}
[2025-11-11T09:44:07.806Z] [INFO] {
  "timestamp": "2025-11-11T09:44:07.806Z",
  "method": "GET",
  "url": "/favicon.ico",
  "statusCode": 200,
  "responseTime": "10ms",
  "userId": "anonymous"
}
[2025-11-11T09:44:07.815Z] [INFO] {
  "timestamp": "2025-11-11T09:44:07.815Z",
  "method": "GET",
  "url": "/api/clients",
  "statusCode": 200,
  "responseTime": "51ms",
  "userId": "690c4c43be8f36eb0f3c17b9"
}
[2025-11-11T09:44:07.828Z] [INFO] {
  "timestamp": "2025-11-11T09:44:07.828Z",
  "method": "GET",
  "url": "/api/clients",
  "ip": "::1",
  "userId": "anonymous",
  "userAgent": "Mozilla/5.0 (Windows NT 10.0; Win64; x64) AppleWebKit/537.36 (KHTML, like Gecko) Chrome/142.0.0.0 Safari/537.36"
}
[2025-11-11T09:44:07.848Z] [INFO] {
  "timestamp": "2025-11-11T09:44:07.848Z",
  "method": "GET",
  "url": "/api/finance/projects?search=&status=all&year=2025",
  "statusCode": 200,
  "responseTime": "77ms",
  "userId": "690c4c43be8f36eb0f3c17b9"
}
[2025-11-11T09:44:07.851Z] [INFO] {
  "timestamp": "2025-11-11T09:44:07.851Z",
  "method": "GET",
  "url": "/api/clients",
  "statusCode": 200,
  "responseTime": "23ms",
  "userId": "690c4c43be8f36eb0f3c17b9"
}
[2025-11-11T09:44:07.863Z] [INFO] {
  "timestamp": "2025-11-11T09:44:07.863Z",
  "method": "GET",
  "url": "/api/finance/projects?search=&status=all&year=2025",
  "ip": "::1",
  "userId": "anonymous",
  "userAgent": "Mozilla/5.0 (Windows NT 10.0; Win64; x64) AppleWebKit/537.36 (KHTML, like Gecko) Chrome/142.0.0.0 Safari/537.36"
}
[2025-11-11T09:44:07.877Z] [INFO] {
  "timestamp": "2025-11-11T09:44:07.877Z",
  "method": "GET",
  "url": "/api/finance/stats?year=2025",
  "statusCode": 200,
  "responseTime": "93ms",
  "userId": "690c4c43be8f36eb0f3c17b9"
}
[2025-11-11T09:44:07.882Z] [INFO] {
  "timestamp": "2025-11-11T09:44:07.882Z",
  "method": "GET",
  "url": "/api/finance/stats?year=2025",
  "ip": "::1",
  "userId": "anonymous",
  "userAgent": "Mozilla/5.0 (Windows NT 10.0; Win64; x64) AppleWebKit/537.36 (KHTML, like Gecko) Chrome/142.0.0.0 Safari/537.36"
}
[2025-11-11T09:44:07.900Z] [INFO] {
  "timestamp": "2025-11-11T09:44:07.900Z",
  "method": "GET",
  "url": "/api/finance/projects?search=&status=all&year=2025",
  "statusCode": 200,
  "responseTime": "37ms",
  "userId": "690c4c43be8f36eb0f3c17b9"
}
[2025-11-11T09:44:07.928Z] [INFO] {
  "timestamp": "2025-11-11T09:44:07.928Z",
  "method": "GET",
  "url": "/api/finance/stats?year=2025",
  "statusCode": 200,
  "responseTime": "46ms",
  "userId": "690c4c43be8f36eb0f3c17b9"
}
[2025-11-11T09:44:17.565Z] [INFO] {
  "timestamp": "2025-11-11T09:44:17.565Z",
  "method": "GET",
  "url": "/api/clients",
  "ip": "::1",
  "userId": "anonymous",
  "userAgent": "Mozilla/5.0 (Windows NT 10.0; Win64; x64) AppleWebKit/537.36 (KHTML, like Gecko) Chrome/142.0.0.0 Safari/537.36"
}
[2025-11-11T09:44:17.574Z] [INFO] {
  "timestamp": "2025-11-11T09:44:17.574Z",
  "method": "GET",
  "url": "/api/clients",
  "statusCode": 200,
  "responseTime": "9ms",
  "userId": "690c4c43be8f36eb0f3c17b9"
}
[2025-11-11T09:44:17.579Z] [INFO] {
  "timestamp": "2025-11-11T09:44:17.579Z",
  "method": "GET",
  "url": "/api/clients",
  "ip": "::1",
  "userId": "anonymous",
  "userAgent": "Mozilla/5.0 (Windows NT 10.0; Win64; x64) AppleWebKit/537.36 (KHTML, like Gecko) Chrome/142.0.0.0 Safari/537.36"
}
[2025-11-11T09:44:17.589Z] [INFO] {
  "timestamp": "2025-11-11T09:44:17.589Z",
  "method": "GET",
  "url": "/api/clients",
  "statusCode": 200,
  "responseTime": "10ms",
  "userId": "690c4c43be8f36eb0f3c17b9"
}
[2025-11-11T09:44:17.883Z] [INFO] {
  "timestamp": "2025-11-11T09:44:17.883Z",
  "method": "GET",
  "url": "/favicon.ico",
  "ip": "127.0.0.1",
  "userId": "anonymous",
  "userAgent": "Mozilla/5.0 (Windows NT 10.0; Win64; x64) AppleWebKit/537.36 (KHTML, like Gecko) Chrome/142.0.0.0 Safari/537.36"
}
[2025-11-11T09:44:17.885Z] [INFO] {
  "timestamp": "2025-11-11T09:44:17.885Z",
  "method": "GET",
  "url": "/favicon.ico",
  "statusCode": 200,
  "responseTime": "2ms",
  "userId": "anonymous"
}
[2025-11-11T09:53:50.689Z] [INFO] Email service initialized successfully
[2025-11-11T09:53:57.273Z] [INFO] {
  "timestamp": "2025-11-11T09:53:57.273Z",
  "method": "GET",
  "url": "/api/auth/me",
  "ip": "::1",
  "userId": "anonymous",
  "userAgent": "Mozilla/5.0 (Windows NT 10.0; Win64; x64) AppleWebKit/537.36 (KHTML, like Gecko) Chrome/142.0.0.0 Safari/537.36"
}
[2025-11-11T09:53:57.284Z] [INFO] {
  "timestamp": "2025-11-11T09:53:57.284Z",
  "method": "GET",
  "url": "/favicon.ico",
  "ip": "127.0.0.1",
  "userId": "anonymous",
  "userAgent": "Mozilla/5.0 (Windows NT 10.0; Win64; x64) AppleWebKit/537.36 (KHTML, like Gecko) Chrome/142.0.0.0 Safari/537.36"
}
[2025-11-11T09:53:57.294Z] [INFO] {
  "timestamp": "2025-11-11T09:53:57.294Z",
  "method": "GET",
  "url": "/favicon.ico",
  "statusCode": 200,
  "responseTime": "10ms",
  "userId": "anonymous"
}
[2025-11-11T09:53:57.323Z] [INFO] {
  "timestamp": "2025-11-11T09:53:57.323Z",
  "method": "GET",
  "url": "/api/auth/me",
  "statusCode": 200,
  "responseTime": "50ms",
  "userId": "690c4c43be8f36eb0f3c17b9"
}
[2025-11-11T09:53:57.339Z] [INFO] {
  "timestamp": "2025-11-11T09:53:57.339Z",
  "method": "GET",
  "url": "/api/auth/me",
  "ip": "::1",
  "userId": "anonymous",
  "userAgent": "Mozilla/5.0 (Windows NT 10.0; Win64; x64) AppleWebKit/537.36 (KHTML, like Gecko) Chrome/142.0.0.0 Safari/537.36"
}
[2025-11-11T09:53:57.353Z] [INFO] {
  "timestamp": "2025-11-11T09:53:57.353Z",
  "method": "GET",
  "url": "/api/auth/me",
  "statusCode": 200,
  "responseTime": "14ms",
  "userId": "690c4c43be8f36eb0f3c17b9"
}
[2025-11-11T09:53:57.387Z] [INFO] {
  "timestamp": "2025-11-11T09:53:57.387Z",
  "method": "GET",
  "url": "/favicon.ico",
  "ip": "127.0.0.1",
  "userId": "anonymous",
  "userAgent": "Mozilla/5.0 (Windows NT 10.0; Win64; x64) AppleWebKit/537.36 (KHTML, like Gecko) Chrome/142.0.0.0 Safari/537.36"
}
[2025-11-11T09:53:57.388Z] [INFO] {
  "timestamp": "2025-11-11T09:53:57.388Z",
  "method": "GET",
  "url": "/favicon.ico",
  "statusCode": 200,
  "responseTime": "1ms",
  "userId": "anonymous"
}
[2025-11-11T09:53:58.799Z] [INFO] {
  "timestamp": "2025-11-11T09:53:58.799Z",
  "method": "GET",
  "url": "/api/activities/recent?limit=3",
  "ip": "127.0.0.1",
  "userId": "anonymous",
  "userAgent": "Mozilla/5.0 (Windows NT 10.0; Win64; x64) AppleWebKit/537.36 (KHTML, like Gecko) Chrome/142.0.0.0 Safari/537.36"
}
[2025-11-11T09:53:58.819Z] [INFO] {
  "timestamp": "2025-11-11T09:53:58.819Z",
  "method": "GET",
  "url": "/api/activities/recent?limit=3",
  "statusCode": 200,
  "responseTime": "20ms",
  "userId": "690c4c43be8f36eb0f3c17b9"
}
[2025-11-11T09:53:59.342Z] [INFO] {
  "timestamp": "2025-11-11T09:53:59.342Z",
  "method": "GET",
  "url": "/api/clients",
  "ip": "::1",
  "userId": "anonymous",
  "userAgent": "Mozilla/5.0 (Windows NT 10.0; Win64; x64) AppleWebKit/537.36 (KHTML, like Gecko) Chrome/142.0.0.0 Safari/537.36"
}
[2025-11-11T09:53:59.385Z] [INFO] {
  "timestamp": "2025-11-11T09:53:59.383Z",
  "method": "GET",
  "url": "/api/clients",
  "statusCode": 200,
  "responseTime": "41ms",
  "userId": "690c4c43be8f36eb0f3c17b9"
}
[2025-11-11T09:53:59.411Z] [INFO] {
  "timestamp": "2025-11-11T09:53:59.411Z",
  "method": "GET",
  "url": "/api/clients",
  "ip": "::1",
  "userId": "anonymous",
  "userAgent": "Mozilla/5.0 (Windows NT 10.0; Win64; x64) AppleWebKit/537.36 (KHTML, like Gecko) Chrome/142.0.0.0 Safari/537.36"
}
[2025-11-11T09:53:59.435Z] [INFO] {
  "timestamp": "2025-11-11T09:53:59.435Z",
  "method": "GET",
  "url": "/api/clients",
  "statusCode": 200,
  "responseTime": "24ms",
  "userId": "690c4c43be8f36eb0f3c17b9"
}
[2025-11-11T09:54:00.469Z] [INFO] {
  "timestamp": "2025-11-11T09:54:00.469Z",
  "method": "GET",
  "url": "/api/activities/recent?limit=3",
  "ip": "127.0.0.1",
  "userId": "anonymous",
  "userAgent": "Mozilla/5.0 (Windows NT 10.0; Win64; x64) AppleWebKit/537.36 (KHTML, like Gecko) Chrome/142.0.0.0 Safari/537.36"
}
[2025-11-11T09:54:00.475Z] [INFO] {
  "timestamp": "2025-11-11T09:54:00.475Z",
  "method": "GET",
  "url": "/favicon.ico",
  "ip": "127.0.0.1",
  "userId": "anonymous",
  "userAgent": "Mozilla/5.0 (Windows NT 10.0; Win64; x64) AppleWebKit/537.36 (KHTML, like Gecko) Chrome/142.0.0.0 Safari/537.36"
}
[2025-11-11T09:54:00.477Z] [INFO] {
  "timestamp": "2025-11-11T09:54:00.477Z",
  "method": "GET",
  "url": "/favicon.ico",
  "statusCode": 200,
  "responseTime": "2ms",
  "userId": "anonymous"
}
[2025-11-11T09:54:00.494Z] [INFO] {
  "timestamp": "2025-11-11T09:54:00.493Z",
  "method": "GET",
  "url": "/api/activities/recent?limit=3",
  "statusCode": 200,
  "responseTime": "24ms",
  "userId": "690c4c43be8f36eb0f3c17b9"
}
[2025-11-11T09:54:01.891Z] [INFO] {
  "timestamp": "2025-11-11T09:54:01.891Z",
  "method": "GET",
  "url": "/api/activities/recent?limit=3",
  "ip": "127.0.0.1",
  "userId": "anonymous",
  "userAgent": "Mozilla/5.0 (Windows NT 10.0; Win64; x64) AppleWebKit/537.36 (KHTML, like Gecko) Chrome/142.0.0.0 Safari/537.36"
}
[2025-11-11T09:54:01.906Z] [INFO] {
  "timestamp": "2025-11-11T09:54:01.906Z",
  "method": "GET",
  "url": "/api/activities/recent?limit=3",
  "statusCode": 200,
  "responseTime": "15ms",
  "userId": "690c4c43be8f36eb0f3c17b9"
}
[2025-11-11T09:54:02.204Z] [INFO] {
  "timestamp": "2025-11-11T09:54:02.204Z",
  "method": "GET",
  "url": "/favicon.ico",
  "ip": "127.0.0.1",
  "userId": "anonymous",
  "userAgent": "Mozilla/5.0 (Windows NT 10.0; Win64; x64) AppleWebKit/537.36 (KHTML, like Gecko) Chrome/142.0.0.0 Safari/537.36"
}
[2025-11-11T09:54:02.213Z] [INFO] {
  "timestamp": "2025-11-11T09:54:02.213Z",
  "method": "GET",
  "url": "/favicon.ico",
  "statusCode": 200,
  "responseTime": "9ms",
  "userId": "anonymous"
}
[2025-11-11T09:54:02.232Z] [INFO] {
  "timestamp": "2025-11-11T09:54:02.232Z",
  "method": "GET",
  "url": "/api/activities/recent?limit=3",
  "ip": "127.0.0.1",
  "userId": "anonymous",
  "userAgent": "Mozilla/5.0 (Windows NT 10.0; Win64; x64) AppleWebKit/537.36 (KHTML, like Gecko) Chrome/142.0.0.0 Safari/537.36"
}
[2025-11-11T09:54:02.250Z] [INFO] {
  "timestamp": "2025-11-11T09:54:02.250Z",
  "method": "GET",
  "url": "/api/activities/recent?limit=3",
  "statusCode": 200,
  "responseTime": "18ms",
  "userId": "690c4c43be8f36eb0f3c17b9"
}
[2025-11-11T09:54:03.222Z] [INFO] {
  "timestamp": "2025-11-11T09:54:03.222Z",
  "method": "GET",
  "url": "/api/clients",
  "ip": "::1",
  "userId": "anonymous",
  "userAgent": "Mozilla/5.0 (Windows NT 10.0; Win64; x64) AppleWebKit/537.36 (KHTML, like Gecko) Chrome/142.0.0.0 Safari/537.36"
}
[2025-11-11T09:54:03.234Z] [INFO] {
  "timestamp": "2025-11-11T09:54:03.233Z",
  "method": "GET",
  "url": "/api/clients",
  "statusCode": 200,
  "responseTime": "11ms",
  "userId": "690c4c43be8f36eb0f3c17b9"
}
[2025-11-11T09:54:03.239Z] [INFO] {
  "timestamp": "2025-11-11T09:54:03.239Z",
  "method": "GET",
  "url": "/api/clients",
  "ip": "::1",
  "userId": "anonymous",
  "userAgent": "Mozilla/5.0 (Windows NT 10.0; Win64; x64) AppleWebKit/537.36 (KHTML, like Gecko) Chrome/142.0.0.0 Safari/537.36"
}
[2025-11-11T09:54:03.256Z] [INFO] {
  "timestamp": "2025-11-11T09:54:03.256Z",
  "method": "GET",
  "url": "/api/clients",
  "statusCode": 200,
  "responseTime": "17ms",
  "userId": "690c4c43be8f36eb0f3c17b9"
}
[2025-11-11T09:54:03.533Z] [INFO] {
  "timestamp": "2025-11-11T09:54:03.533Z",
  "method": "GET",
  "url": "/favicon.ico",
  "ip": "127.0.0.1",
  "userId": "anonymous",
  "userAgent": "Mozilla/5.0 (Windows NT 10.0; Win64; x64) AppleWebKit/537.36 (KHTML, like Gecko) Chrome/142.0.0.0 Safari/537.36"
}
[2025-11-11T09:54:03.534Z] [INFO] {
  "timestamp": "2025-11-11T09:54:03.534Z",
  "method": "GET",
  "url": "/favicon.ico",
  "statusCode": 200,
  "responseTime": "1ms",
  "userId": "anonymous"
}
[2025-11-11T09:54:24.704Z] [INFO] {
  "timestamp": "2025-11-11T09:54:24.704Z",
  "method": "GET",
  "url": "/api/finance/clients/691304ec4021687c5ca1a688/projects",
  "ip": "::1",
  "userId": "anonymous",
  "userAgent": "Mozilla/5.0 (Windows NT 10.0; Win64; x64) AppleWebKit/537.36 (KHTML, like Gecko) Chrome/142.0.0.0 Safari/537.36"
}
[2025-11-11T09:54:24.734Z] [INFO] {
  "timestamp": "2025-11-11T09:54:24.734Z",
  "method": "GET",
  "url": "/api/finance/clients/691304ec4021687c5ca1a688/projects",
  "statusCode": 200,
  "responseTime": "30ms",
  "userId": "690c4c43be8f36eb0f3c17b9"
}
[2025-11-11T09:54:24.751Z] [INFO] {
  "timestamp": "2025-11-11T09:54:24.751Z",
  "method": "GET",
  "url": "/api/finance/clients/691304ec4021687c5ca1a688/projects",
  "ip": "::1",
  "userId": "anonymous",
  "userAgent": "Mozilla/5.0 (Windows NT 10.0; Win64; x64) AppleWebKit/537.36 (KHTML, like Gecko) Chrome/142.0.0.0 Safari/537.36"
}
[2025-11-11T09:54:24.791Z] [INFO] {
  "timestamp": "2025-11-11T09:54:24.791Z",
  "method": "GET",
  "url": "/api/finance/clients/691304ec4021687c5ca1a688/projects",
  "statusCode": 200,
  "responseTime": "40ms",
  "userId": "690c4c43be8f36eb0f3c17b9"
}
[2025-11-11T09:54:25.023Z] [INFO] {
  "timestamp": "2025-11-11T09:54:25.023Z",
  "method": "GET",
  "url": "/favicon.ico",
  "ip": "127.0.0.1",
  "userId": "anonymous",
  "userAgent": "Mozilla/5.0 (Windows NT 10.0; Win64; x64) AppleWebKit/537.36 (KHTML, like Gecko) Chrome/142.0.0.0 Safari/537.36"
}
[2025-11-11T09:54:25.024Z] [INFO] {
  "timestamp": "2025-11-11T09:54:25.024Z",
  "method": "GET",
  "url": "/favicon.ico",
  "statusCode": 200,
  "responseTime": "1ms",
  "userId": "anonymous"
}
[2025-11-11T09:54:31.443Z] [INFO] {
  "timestamp": "2025-11-11T09:54:31.443Z",
  "method": "GET",
  "url": "/api/clients",
  "ip": "::1",
  "userId": "anonymous",
  "userAgent": "Mozilla/5.0 (Windows NT 10.0; Win64; x64) AppleWebKit/537.36 (KHTML, like Gecko) Chrome/142.0.0.0 Safari/537.36"
}
[2025-11-11T09:54:31.487Z] [INFO] {
  "timestamp": "2025-11-11T09:54:31.487Z",
  "method": "GET",
  "url": "/api/clients",
  "statusCode": 200,
  "responseTime": "44ms",
  "userId": "690c4c43be8f36eb0f3c17b9"
}
[2025-11-11T09:54:31.510Z] [INFO] {
  "timestamp": "2025-11-11T09:54:31.510Z",
  "method": "GET",
  "url": "/api/clients",
  "ip": "::1",
  "userId": "anonymous",
  "userAgent": "Mozilla/5.0 (Windows NT 10.0; Win64; x64) AppleWebKit/537.36 (KHTML, like Gecko) Chrome/142.0.0.0 Safari/537.36"
}
[2025-11-11T09:54:31.541Z] [INFO] {
  "timestamp": "2025-11-11T09:54:31.541Z",
  "method": "GET",
  "url": "/api/clients",
  "statusCode": 200,
  "responseTime": "32ms",
  "userId": "690c4c43be8f36eb0f3c17b9"
}
[2025-11-11T09:54:31.571Z] [INFO] {
  "timestamp": "2025-11-11T09:54:31.571Z",
  "method": "GET",
  "url": "/favicon.ico",
  "ip": "127.0.0.1",
  "userId": "anonymous",
  "userAgent": "Mozilla/5.0 (Windows NT 10.0; Win64; x64) AppleWebKit/537.36 (KHTML, like Gecko) Chrome/142.0.0.0 Safari/537.36"
}
[2025-11-11T09:54:31.573Z] [INFO] {
  "timestamp": "2025-11-11T09:54:31.573Z",
  "method": "GET",
  "url": "/favicon.ico",
  "statusCode": 200,
  "responseTime": "2ms",
  "userId": "anonymous"
}
[2025-11-11T09:54:33.861Z] [INFO] {
  "timestamp": "2025-11-11T09:54:33.861Z",
  "method": "GET",
  "url": "/api/clients",
  "ip": "::1",
  "userId": "anonymous",
  "userAgent": "Mozilla/5.0 (Windows NT 10.0; Win64; x64) AppleWebKit/537.36 (KHTML, like Gecko) Chrome/142.0.0.0 Safari/537.36"
}
[2025-11-11T09:54:33.871Z] [INFO] {
  "timestamp": "2025-11-11T09:54:33.871Z",
  "method": "GET",
  "url": "/api/clients",
  "statusCode": 200,
  "responseTime": "10ms",
  "userId": "690c4c43be8f36eb0f3c17b9"
}
[2025-11-11T09:54:33.880Z] [INFO] {
  "timestamp": "2025-11-11T09:54:33.880Z",
  "method": "GET",
  "url": "/api/clients",
  "ip": "::1",
  "userId": "anonymous",
  "userAgent": "Mozilla/5.0 (Windows NT 10.0; Win64; x64) AppleWebKit/537.36 (KHTML, like Gecko) Chrome/142.0.0.0 Safari/537.36"
}
[2025-11-11T09:54:33.887Z] [INFO] {
  "timestamp": "2025-11-11T09:54:33.887Z",
  "method": "GET",
  "url": "/api/finance/projects?search=&status=all&year=2025",
  "ip": "::1",
  "userId": "anonymous",
  "userAgent": "Mozilla/5.0 (Windows NT 10.0; Win64; x64) AppleWebKit/537.36 (KHTML, like Gecko) Chrome/142.0.0.0 Safari/537.36"
}
[2025-11-11T09:54:33.896Z] [INFO] {
  "timestamp": "2025-11-11T09:54:33.896Z",
  "method": "GET",
  "url": "/api/finance/stats?year=2025",
  "ip": "::1",
  "userId": "anonymous",
  "userAgent": "Mozilla/5.0 (Windows NT 10.0; Win64; x64) AppleWebKit/537.36 (KHTML, like Gecko) Chrome/142.0.0.0 Safari/537.36"
}
[2025-11-11T09:54:33.908Z] [INFO] {
  "timestamp": "2025-11-11T09:54:33.908Z",
  "method": "GET",
  "url": "/favicon.ico",
  "ip": "127.0.0.1",
  "userId": "anonymous",
  "userAgent": "Mozilla/5.0 (Windows NT 10.0; Win64; x64) AppleWebKit/537.36 (KHTML, like Gecko) Chrome/142.0.0.0 Safari/537.36"
}
[2025-11-11T09:54:33.909Z] [INFO] {
  "timestamp": "2025-11-11T09:54:33.909Z",
  "method": "GET",
  "url": "/favicon.ico",
  "statusCode": 200,
  "responseTime": "1ms",
  "userId": "anonymous"
}
[2025-11-11T09:54:33.924Z] [INFO] {
  "timestamp": "2025-11-11T09:54:33.924Z",
  "method": "GET",
  "url": "/api/clients",
  "statusCode": 200,
  "responseTime": "44ms",
  "userId": "690c4c43be8f36eb0f3c17b9"
}
[2025-11-11T09:54:33.956Z] [INFO] {
  "timestamp": "2025-11-11T09:54:33.956Z",
  "method": "GET",
  "url": "/api/finance/projects?search=&status=all&year=2025",
  "statusCode": 200,
  "responseTime": "69ms",
  "userId": "690c4c43be8f36eb0f3c17b9"
}
[2025-11-11T09:54:33.979Z] [INFO] {
  "timestamp": "2025-11-11T09:54:33.979Z",
  "method": "GET",
  "url": "/api/finance/projects?search=&status=all&year=2025",
  "ip": "::1",
  "userId": "anonymous",
  "userAgent": "Mozilla/5.0 (Windows NT 10.0; Win64; x64) AppleWebKit/537.36 (KHTML, like Gecko) Chrome/142.0.0.0 Safari/537.36"
}
[2025-11-11T09:54:33.989Z] [INFO] {
  "timestamp": "2025-11-11T09:54:33.989Z",
  "method": "GET",
  "url": "/api/finance/stats?year=2025",
  "statusCode": 200,
  "responseTime": "93ms",
  "userId": "690c4c43be8f36eb0f3c17b9"
}
[2025-11-11T09:54:34.001Z] [INFO] {
  "timestamp": "2025-11-11T09:54:34.001Z",
  "method": "GET",
  "url": "/api/finance/stats?year=2025",
  "ip": "::1",
  "userId": "anonymous",
  "userAgent": "Mozilla/5.0 (Windows NT 10.0; Win64; x64) AppleWebKit/537.36 (KHTML, like Gecko) Chrome/142.0.0.0 Safari/537.36"
}
[2025-11-11T09:54:34.022Z] [INFO] {
  "timestamp": "2025-11-11T09:54:34.022Z",
  "method": "GET",
  "url": "/api/finance/projects?search=&status=all&year=2025",
  "statusCode": 200,
  "responseTime": "43ms",
  "userId": "690c4c43be8f36eb0f3c17b9"
}
[2025-11-11T09:54:34.048Z] [INFO] {
  "timestamp": "2025-11-11T09:54:34.048Z",
  "method": "GET",
  "url": "/api/finance/stats?year=2025",
  "statusCode": 200,
  "responseTime": "47ms",
  "userId": "690c4c43be8f36eb0f3c17b9"
}
[2025-11-11T09:54:37.469Z] [INFO] {
  "timestamp": "2025-11-11T09:54:37.469Z",
  "method": "GET",
  "url": "/api/clients",
  "ip": "::1",
  "userId": "anonymous",
  "userAgent": "Mozilla/5.0 (Windows NT 10.0; Win64; x64) AppleWebKit/537.36 (KHTML, like Gecko) Chrome/142.0.0.0 Safari/537.36"
}
[2025-11-11T09:54:37.483Z] [INFO] {
  "timestamp": "2025-11-11T09:54:37.483Z",
  "method": "GET",
  "url": "/api/clients",
  "statusCode": 200,
  "responseTime": "13ms",
  "userId": "690c4c43be8f36eb0f3c17b9"
}
[2025-11-11T09:54:37.487Z] [INFO] {
  "timestamp": "2025-11-11T09:54:37.487Z",
  "method": "GET",
  "url": "/api/clients",
  "ip": "::1",
  "userId": "anonymous",
  "userAgent": "Mozilla/5.0 (Windows NT 10.0; Win64; x64) AppleWebKit/537.36 (KHTML, like Gecko) Chrome/142.0.0.0 Safari/537.36"
}
[2025-11-11T09:54:37.497Z] [INFO] {
  "timestamp": "2025-11-11T09:54:37.497Z",
  "method": "GET",
  "url": "/api/clients",
  "statusCode": 200,
  "responseTime": "10ms",
  "userId": "690c4c43be8f36eb0f3c17b9"
}
[2025-11-11T09:54:37.795Z] [INFO] {
  "timestamp": "2025-11-11T09:54:37.795Z",
  "method": "GET",
  "url": "/favicon.ico",
  "ip": "127.0.0.1",
  "userId": "anonymous",
  "userAgent": "Mozilla/5.0 (Windows NT 10.0; Win64; x64) AppleWebKit/537.36 (KHTML, like Gecko) Chrome/142.0.0.0 Safari/537.36"
}
[2025-11-11T09:54:37.796Z] [INFO] {
  "timestamp": "2025-11-11T09:54:37.796Z",
  "method": "GET",
  "url": "/favicon.ico",
  "statusCode": 200,
  "responseTime": "1ms",
  "userId": "anonymous"
}
[2025-11-11T09:54:39.454Z] [INFO] {
  "timestamp": "2025-11-11T09:54:39.454Z",
  "method": "GET",
  "url": "/api/finance/clients/691304ec4021687c5ca1a688/projects",
  "ip": "::1",
  "userId": "anonymous",
  "userAgent": "Mozilla/5.0 (Windows NT 10.0; Win64; x64) AppleWebKit/537.36 (KHTML, like Gecko) Chrome/142.0.0.0 Safari/537.36"
}
[2025-11-11T09:54:39.465Z] [INFO] {
  "timestamp": "2025-11-11T09:54:39.465Z",
  "method": "GET",
  "url": "/favicon.ico",
  "ip": "127.0.0.1",
  "userId": "anonymous",
  "userAgent": "Mozilla/5.0 (Windows NT 10.0; Win64; x64) AppleWebKit/537.36 (KHTML, like Gecko) Chrome/142.0.0.0 Safari/537.36"
}
[2025-11-11T09:54:39.472Z] [INFO] {
  "timestamp": "2025-11-11T09:54:39.472Z",
  "method": "GET",
  "url": "/favicon.ico",
  "statusCode": 200,
  "responseTime": "7ms",
  "userId": "anonymous"
}
[2025-11-11T09:54:39.498Z] [INFO] {
  "timestamp": "2025-11-11T09:54:39.498Z",
  "method": "GET",
  "url": "/api/finance/clients/691304ec4021687c5ca1a688/projects",
  "statusCode": 200,
  "responseTime": "44ms",
  "userId": "690c4c43be8f36eb0f3c17b9"
}
[2025-11-11T09:54:39.502Z] [INFO] {
  "timestamp": "2025-11-11T09:54:39.502Z",
  "method": "GET",
  "url": "/api/finance/clients/691304ec4021687c5ca1a688/projects",
  "ip": "::1",
  "userId": "anonymous",
  "userAgent": "Mozilla/5.0 (Windows NT 10.0; Win64; x64) AppleWebKit/537.36 (KHTML, like Gecko) Chrome/142.0.0.0 Safari/537.36"
}
[2025-11-11T09:54:39.518Z] [INFO] {
  "timestamp": "2025-11-11T09:54:39.518Z",
  "method": "GET",
  "url": "/api/finance/clients/691304ec4021687c5ca1a688/projects",
  "statusCode": 200,
  "responseTime": "16ms",
  "userId": "690c4c43be8f36eb0f3c17b9"
}
[2025-11-11T09:54:40.802Z] [INFO] {
  "timestamp": "2025-11-11T09:54:40.802Z",
  "method": "GET",
  "url": "/api/clients",
  "ip": "::1",
  "userId": "anonymous",
  "userAgent": "Mozilla/5.0 (Windows NT 10.0; Win64; x64) AppleWebKit/537.36 (KHTML, like Gecko) Chrome/142.0.0.0 Safari/537.36"
}
[2025-11-11T09:54:40.822Z] [INFO] {
  "timestamp": "2025-11-11T09:54:40.822Z",
  "method": "GET",
  "url": "/api/finance/projects?search=&status=all&year=2025",
  "ip": "::1",
  "userId": "anonymous",
  "userAgent": "Mozilla/5.0 (Windows NT 10.0; Win64; x64) AppleWebKit/537.36 (KHTML, like Gecko) Chrome/142.0.0.0 Safari/537.36"
}
[2025-11-11T09:54:40.826Z] [INFO] {
  "timestamp": "2025-11-11T09:54:40.826Z",
  "method": "GET",
  "url": "/api/finance/stats?year=2025",
  "ip": "::1",
  "userId": "anonymous",
  "userAgent": "Mozilla/5.0 (Windows NT 10.0; Win64; x64) AppleWebKit/537.36 (KHTML, like Gecko) Chrome/142.0.0.0 Safari/537.36"
}
[2025-11-11T09:54:40.840Z] [INFO] {
  "timestamp": "2025-11-11T09:54:40.840Z",
  "method": "GET",
  "url": "/api/clients",
  "statusCode": 200,
  "responseTime": "38ms",
  "userId": "690c4c43be8f36eb0f3c17b9"
}
[2025-11-11T09:54:40.852Z] [INFO] {
  "timestamp": "2025-11-11T09:54:40.852Z",
  "method": "GET",
  "url": "/api/clients",
  "ip": "::1",
  "userId": "anonymous",
  "userAgent": "Mozilla/5.0 (Windows NT 10.0; Win64; x64) AppleWebKit/537.36 (KHTML, like Gecko) Chrome/142.0.0.0 Safari/537.36"
}
[2025-11-11T09:54:40.872Z] [INFO] {
  "timestamp": "2025-11-11T09:54:40.872Z",
  "method": "GET",
  "url": "/api/clients",
  "statusCode": 200,
  "responseTime": "20ms",
  "userId": "690c4c43be8f36eb0f3c17b9"
}
[2025-11-11T09:54:40.878Z] [INFO] {
  "timestamp": "2025-11-11T09:54:40.878Z",
  "method": "GET",
  "url": "/api/finance/projects?search=&status=all&year=2025",
  "statusCode": 200,
  "responseTime": "56ms",
  "userId": "690c4c43be8f36eb0f3c17b9"
}
[2025-11-11T09:54:40.889Z] [INFO] {
  "timestamp": "2025-11-11T09:54:40.889Z",
  "method": "GET",
  "url": "/api/finance/projects?search=&status=all&year=2025",
  "ip": "::1",
  "userId": "anonymous",
  "userAgent": "Mozilla/5.0 (Windows NT 10.0; Win64; x64) AppleWebKit/537.36 (KHTML, like Gecko) Chrome/142.0.0.0 Safari/537.36"
}
[2025-11-11T09:54:40.904Z] [INFO] {
  "timestamp": "2025-11-11T09:54:40.904Z",
  "method": "GET",
  "url": "/api/finance/stats?year=2025",
  "statusCode": 200,
  "responseTime": "78ms",
  "userId": "690c4c43be8f36eb0f3c17b9"
}
[2025-11-11T09:54:40.911Z] [INFO] {
  "timestamp": "2025-11-11T09:54:40.911Z",
  "method": "GET",
  "url": "/api/finance/stats?year=2025",
  "ip": "::1",
  "userId": "anonymous",
  "userAgent": "Mozilla/5.0 (Windows NT 10.0; Win64; x64) AppleWebKit/537.36 (KHTML, like Gecko) Chrome/142.0.0.0 Safari/537.36"
}
[2025-11-11T09:54:40.931Z] [INFO] {
  "timestamp": "2025-11-11T09:54:40.931Z",
  "method": "GET",
  "url": "/api/finance/projects?search=&status=all&year=2025",
  "statusCode": 200,
  "responseTime": "42ms",
  "userId": "690c4c43be8f36eb0f3c17b9"
}
[2025-11-11T09:54:40.962Z] [INFO] {
  "timestamp": "2025-11-11T09:54:40.962Z",
  "method": "GET",
  "url": "/api/finance/stats?year=2025",
  "statusCode": 200,
  "responseTime": "51ms",
  "userId": "690c4c43be8f36eb0f3c17b9"
}
[2025-11-11T09:54:41.128Z] [INFO] {
  "timestamp": "2025-11-11T09:54:41.128Z",
  "method": "GET",
  "url": "/favicon.ico",
  "ip": "127.0.0.1",
  "userId": "anonymous",
  "userAgent": "Mozilla/5.0 (Windows NT 10.0; Win64; x64) AppleWebKit/537.36 (KHTML, like Gecko) Chrome/142.0.0.0 Safari/537.36"
}
[2025-11-11T09:54:41.129Z] [INFO] {
  "timestamp": "2025-11-11T09:54:41.129Z",
  "method": "GET",
  "url": "/favicon.ico",
  "statusCode": 200,
  "responseTime": "1ms",
  "userId": "anonymous"
}
[2025-11-11T09:54:51.981Z] [INFO] Email service initialized successfully
[2025-11-11T09:54:59.187Z] [INFO] {
  "timestamp": "2025-11-11T09:54:59.187Z",
  "method": "PUT",
  "url": "/api/finance/projects/6912bdae18e070671809de35",
  "ip": "::1",
  "userId": "anonymous",
  "userAgent": "Mozilla/5.0 (Windows NT 10.0; Win64; x64) AppleWebKit/537.36 (KHTML, like Gecko) Chrome/142.0.0.0 Safari/537.36"
}
[2025-11-11T09:54:59.250Z] [INFO] {
  "timestamp": "2025-11-11T09:54:59.250Z",
  "method": "PUT",
  "url": "/api/finance/projects/6912bdae18e070671809de35",
  "statusCode": 200,
  "responseTime": "63ms",
  "userId": "690c4c43be8f36eb0f3c17b9"
}
[2025-11-11T09:54:59.275Z] [INFO] {
  "timestamp": "2025-11-11T09:54:59.275Z",
  "method": "GET",
  "url": "/api/finance/projects?search=&status=all&year=2025",
  "ip": "::1",
  "userId": "anonymous",
  "userAgent": "Mozilla/5.0 (Windows NT 10.0; Win64; x64) AppleWebKit/537.36 (KHTML, like Gecko) Chrome/142.0.0.0 Safari/537.36"
}
[2025-11-11T09:54:59.283Z] [INFO] {
  "timestamp": "2025-11-11T09:54:59.283Z",
  "method": "GET",
  "url": "/api/finance/stats?year=2025",
  "ip": "::1",
  "userId": "anonymous",
  "userAgent": "Mozilla/5.0 (Windows NT 10.0; Win64; x64) AppleWebKit/537.36 (KHTML, like Gecko) Chrome/142.0.0.0 Safari/537.36"
}
[2025-11-11T09:54:59.306Z] [INFO] {
  "timestamp": "2025-11-11T09:54:59.306Z",
  "method": "GET",
  "url": "/api/finance/projects?search=&status=all&year=2025",
  "statusCode": 200,
  "responseTime": "30ms",
  "userId": "690c4c43be8f36eb0f3c17b9"
}
[2025-11-11T09:54:59.319Z] [INFO] {
  "timestamp": "2025-11-11T09:54:59.319Z",
  "method": "GET",
  "url": "/api/finance/stats?year=2025",
  "statusCode": 200,
  "responseTime": "36ms",
  "userId": "690c4c43be8f36eb0f3c17b9"
}
[2025-11-11T09:55:01.267Z] [INFO] {
  "timestamp": "2025-11-11T09:55:01.267Z",
  "method": "GET",
  "url": "/api/clients",
  "ip": "::1",
  "userId": "anonymous",
  "userAgent": "Mozilla/5.0 (Windows NT 10.0; Win64; x64) AppleWebKit/537.36 (KHTML, like Gecko) Chrome/142.0.0.0 Safari/537.36"
}
[2025-11-11T09:55:01.274Z] [INFO] {
  "timestamp": "2025-11-11T09:55:01.274Z",
  "method": "GET",
  "url": "/favicon.ico",
  "ip": "127.0.0.1",
  "userId": "anonymous",
  "userAgent": "Mozilla/5.0 (Windows NT 10.0; Win64; x64) AppleWebKit/537.36 (KHTML, like Gecko) Chrome/142.0.0.0 Safari/537.36"
}
[2025-11-11T09:55:01.275Z] [INFO] {
  "timestamp": "2025-11-11T09:55:01.275Z",
  "method": "GET",
  "url": "/favicon.ico",
  "statusCode": 200,
  "responseTime": "1ms",
  "userId": "anonymous"
}
[2025-11-11T09:55:01.282Z] [INFO] {
  "timestamp": "2025-11-11T09:55:01.282Z",
  "method": "GET",
  "url": "/api/clients",
  "statusCode": 200,
  "responseTime": "15ms",
  "userId": "690c4c43be8f36eb0f3c17b9"
}
[2025-11-11T09:55:01.287Z] [INFO] {
  "timestamp": "2025-11-11T09:55:01.287Z",
  "method": "GET",
  "url": "/api/clients",
  "ip": "::1",
  "userId": "anonymous",
  "userAgent": "Mozilla/5.0 (Windows NT 10.0; Win64; x64) AppleWebKit/537.36 (KHTML, like Gecko) Chrome/142.0.0.0 Safari/537.36"
}
[2025-11-11T09:55:01.298Z] [INFO] {
  "timestamp": "2025-11-11T09:55:01.298Z",
  "method": "GET",
  "url": "/api/clients",
  "statusCode": 200,
  "responseTime": "11ms",
  "userId": "690c4c43be8f36eb0f3c17b9"
}
[2025-11-11T09:55:02.705Z] [INFO] {
  "timestamp": "2025-11-11T09:55:02.705Z",
  "method": "GET",
  "url": "/api/finance/clients/691304ec4021687c5ca1a688/projects",
  "ip": "::1",
  "userId": "anonymous",
  "userAgent": "Mozilla/5.0 (Windows NT 10.0; Win64; x64) AppleWebKit/537.36 (KHTML, like Gecko) Chrome/142.0.0.0 Safari/537.36"
}
[2025-11-11T09:55:02.726Z] [INFO] {
  "timestamp": "2025-11-11T09:55:02.726Z",
  "method": "GET",
  "url": "/api/finance/clients/691304ec4021687c5ca1a688/projects",
  "statusCode": 200,
  "responseTime": "21ms",
  "userId": "690c4c43be8f36eb0f3c17b9"
}
[2025-11-11T09:55:02.733Z] [INFO] {
  "timestamp": "2025-11-11T09:55:02.733Z",
  "method": "GET",
  "url": "/api/finance/clients/691304ec4021687c5ca1a688/projects",
  "ip": "::1",
  "userId": "anonymous",
  "userAgent": "Mozilla/5.0 (Windows NT 10.0; Win64; x64) AppleWebKit/537.36 (KHTML, like Gecko) Chrome/142.0.0.0 Safari/537.36"
}
[2025-11-11T09:55:02.750Z] [INFO] {
  "timestamp": "2025-11-11T09:55:02.750Z",
  "method": "GET",
  "url": "/api/finance/clients/691304ec4021687c5ca1a688/projects",
  "statusCode": 200,
  "responseTime": "17ms",
  "userId": "690c4c43be8f36eb0f3c17b9"
}
[2025-11-11T09:55:03.019Z] [INFO] {
  "timestamp": "2025-11-11T09:55:03.019Z",
  "method": "GET",
  "url": "/favicon.ico",
  "ip": "127.0.0.1",
  "userId": "anonymous",
  "userAgent": "Mozilla/5.0 (Windows NT 10.0; Win64; x64) AppleWebKit/537.36 (KHTML, like Gecko) Chrome/142.0.0.0 Safari/537.36"
}
[2025-11-11T09:55:03.021Z] [INFO] {
  "timestamp": "2025-11-11T09:55:03.021Z",
  "method": "GET",
  "url": "/favicon.ico",
  "statusCode": 200,
  "responseTime": "2ms",
  "userId": "anonymous"
}
[2025-11-11T09:55:33.363Z] [INFO] {
  "timestamp": "2025-11-11T09:55:33.363Z",
  "method": "GET",
  "url": "/api/clients",
  "ip": "::1",
  "userId": "anonymous",
  "userAgent": "Mozilla/5.0 (Windows NT 10.0; Win64; x64) AppleWebKit/537.36 (KHTML, like Gecko) Chrome/142.0.0.0 Safari/537.36"
}
[2025-11-11T09:55:33.371Z] [INFO] {
  "timestamp": "2025-11-11T09:55:33.371Z",
  "method": "GET",
  "url": "/favicon.ico",
  "ip": "127.0.0.1",
  "userId": "anonymous",
  "userAgent": "Mozilla/5.0 (Windows NT 10.0; Win64; x64) AppleWebKit/537.36 (KHTML, like Gecko) Chrome/142.0.0.0 Safari/537.36"
}
[2025-11-11T09:55:33.377Z] [INFO] {
  "timestamp": "2025-11-11T09:55:33.376Z",
  "method": "GET",
  "url": "/favicon.ico",
  "statusCode": 200,
  "responseTime": "5ms",
  "userId": "anonymous"
}
[2025-11-11T09:55:33.394Z] [INFO] {
  "timestamp": "2025-11-11T09:55:33.394Z",
  "method": "GET",
  "url": "/api/clients",
  "statusCode": 200,
  "responseTime": "31ms",
  "userId": "690c4c43be8f36eb0f3c17b9"
}
[2025-11-11T09:55:33.411Z] [INFO] {
  "timestamp": "2025-11-11T09:55:33.411Z",
  "method": "GET",
  "url": "/api/clients",
  "ip": "::1",
  "userId": "anonymous",
  "userAgent": "Mozilla/5.0 (Windows NT 10.0; Win64; x64) AppleWebKit/537.36 (KHTML, like Gecko) Chrome/142.0.0.0 Safari/537.36"
}
[2025-11-11T09:55:33.422Z] [INFO] {
  "timestamp": "2025-11-11T09:55:33.422Z",
  "method": "GET",
  "url": "/api/clients",
  "statusCode": 200,
  "responseTime": "11ms",
  "userId": "690c4c43be8f36eb0f3c17b9"
}
[2025-11-11T09:55:36.113Z] [INFO] {
  "timestamp": "2025-11-11T09:55:36.113Z",
  "method": "GET",
  "url": "/api/finance/clients/691304ec4021687c5ca1a688/projects",
  "ip": "::1",
  "userId": "anonymous",
  "userAgent": "Mozilla/5.0 (Windows NT 10.0; Win64; x64) AppleWebKit/537.36 (KHTML, like Gecko) Chrome/142.0.0.0 Safari/537.36"
}
[2025-11-11T09:55:36.138Z] [INFO] {
  "timestamp": "2025-11-11T09:55:36.138Z",
  "method": "GET",
  "url": "/api/finance/clients/691304ec4021687c5ca1a688/projects",
  "statusCode": 200,
  "responseTime": "25ms",
  "userId": "690c4c43be8f36eb0f3c17b9"
}
[2025-11-11T09:55:36.144Z] [INFO] {
  "timestamp": "2025-11-11T09:55:36.144Z",
  "method": "GET",
  "url": "/api/finance/clients/691304ec4021687c5ca1a688/projects",
  "ip": "::1",
  "userId": "anonymous",
  "userAgent": "Mozilla/5.0 (Windows NT 10.0; Win64; x64) AppleWebKit/537.36 (KHTML, like Gecko) Chrome/142.0.0.0 Safari/537.36"
}
[2025-11-11T09:55:36.159Z] [INFO] {
  "timestamp": "2025-11-11T09:55:36.159Z",
  "method": "GET",
  "url": "/api/finance/clients/691304ec4021687c5ca1a688/projects",
  "statusCode": 200,
  "responseTime": "15ms",
  "userId": "690c4c43be8f36eb0f3c17b9"
}
[2025-11-11T09:55:36.425Z] [INFO] {
  "timestamp": "2025-11-11T09:55:36.425Z",
  "method": "GET",
  "url": "/favicon.ico",
  "ip": "127.0.0.1",
  "userId": "anonymous",
  "userAgent": "Mozilla/5.0 (Windows NT 10.0; Win64; x64) AppleWebKit/537.36 (KHTML, like Gecko) Chrome/142.0.0.0 Safari/537.36"
}
[2025-11-11T09:55:36.425Z] [INFO] {
  "timestamp": "2025-11-11T09:55:36.425Z",
  "method": "GET",
  "url": "/favicon.ico",
  "statusCode": 200,
  "responseTime": "0ms",
  "userId": "anonymous"
}
[2025-11-11T09:56:53.806Z] [INFO] {
  "timestamp": "2025-11-11T09:56:53.806Z",
  "method": "GET",
  "url": "/api/finance/clients/691304ec4021687c5ca1a688/projects",
  "ip": "::1",
  "userId": "anonymous",
  "userAgent": "Mozilla/5.0 (Windows NT 10.0; Win64; x64) AppleWebKit/537.36 (KHTML, like Gecko) Chrome/142.0.0.0 Safari/537.36"
}
[2025-11-11T09:56:53.823Z] [INFO] {
  "timestamp": "2025-11-11T09:56:53.823Z",
  "method": "GET",
  "url": "/api/finance/clients/691304ec4021687c5ca1a688/projects",
  "statusCode": 200,
  "responseTime": "17ms",
  "userId": "690c4c43be8f36eb0f3c17b9"
}
[2025-11-11T09:56:53.832Z] [INFO] {
  "timestamp": "2025-11-11T09:56:53.832Z",
  "method": "GET",
  "url": "/api/finance/clients/691304ec4021687c5ca1a688/projects",
  "ip": "::1",
  "userId": "anonymous",
  "userAgent": "Mozilla/5.0 (Windows NT 10.0; Win64; x64) AppleWebKit/537.36 (KHTML, like Gecko) Chrome/142.0.0.0 Safari/537.36"
}
[2025-11-11T09:56:53.852Z] [INFO] {
  "timestamp": "2025-11-11T09:56:53.852Z",
  "method": "GET",
  "url": "/api/finance/clients/691304ec4021687c5ca1a688/projects",
  "statusCode": 200,
  "responseTime": "20ms",
  "userId": "690c4c43be8f36eb0f3c17b9"
}
[2025-11-11T09:57:00.859Z] [INFO] {
  "timestamp": "2025-11-11T09:57:00.859Z",
  "method": "GET",
  "url": "/api/finance/clients/691304ec4021687c5ca1a688/projects",
  "ip": "::1",
  "userId": "anonymous",
  "userAgent": "Mozilla/5.0 (Windows NT 10.0; Win64; x64) AppleWebKit/537.36 (KHTML, like Gecko) Chrome/142.0.0.0 Safari/537.36"
}
[2025-11-11T09:57:00.897Z] [INFO] {
  "timestamp": "2025-11-11T09:57:00.896Z",
  "method": "GET",
  "url": "/api/finance/clients/691304ec4021687c5ca1a688/projects",
  "statusCode": 200,
  "responseTime": "37ms",
  "userId": "690c4c43be8f36eb0f3c17b9"
}
[2025-11-11T09:57:08.805Z] [INFO] {
  "timestamp": "2025-11-11T09:57:08.805Z",
  "method": "GET",
  "url": "/api/finance/clients/691304ec4021687c5ca1a688/projects",
  "ip": "::1",
  "userId": "anonymous",
  "userAgent": "Mozilla/5.0 (Windows NT 10.0; Win64; x64) AppleWebKit/537.36 (KHTML, like Gecko) Chrome/142.0.0.0 Safari/537.36"
}
[2025-11-11T09:57:08.826Z] [INFO] {
  "timestamp": "2025-11-11T09:57:08.826Z",
  "method": "GET",
  "url": "/api/finance/clients/691304ec4021687c5ca1a688/projects",
  "statusCode": 200,
  "responseTime": "21ms",
  "userId": "690c4c43be8f36eb0f3c17b9"
}
[2025-11-11T09:57:19.816Z] [INFO] {
  "timestamp": "2025-11-11T09:57:19.816Z",
  "method": "GET",
  "url": "/api/finance/clients/691304ec4021687c5ca1a688/projects",
  "ip": "::1",
  "userId": "anonymous",
  "userAgent": "Mozilla/5.0 (Windows NT 10.0; Win64; x64) AppleWebKit/537.36 (KHTML, like Gecko) Chrome/142.0.0.0 Safari/537.36"
}
[2025-11-11T09:57:19.839Z] [INFO] {
  "timestamp": "2025-11-11T09:57:19.839Z",
  "method": "GET",
  "url": "/api/finance/clients/691304ec4021687c5ca1a688/projects",
  "statusCode": 200,
  "responseTime": "23ms",
  "userId": "690c4c43be8f36eb0f3c17b9"
}
[2025-11-11T09:57:39.808Z] [INFO] {
  "timestamp": "2025-11-11T09:57:39.808Z",
  "method": "GET",
  "url": "/api/finance/clients/691304ec4021687c5ca1a688/projects",
  "ip": "::1",
  "userId": "anonymous",
  "userAgent": "Mozilla/5.0 (Windows NT 10.0; Win64; x64) AppleWebKit/537.36 (KHTML, like Gecko) Chrome/142.0.0.0 Safari/537.36"
}
[2025-11-11T09:57:39.827Z] [INFO] {
  "timestamp": "2025-11-11T09:57:39.827Z",
  "method": "GET",
  "url": "/api/finance/clients/691304ec4021687c5ca1a688/projects",
  "statusCode": 200,
  "responseTime": "19ms",
  "userId": "690c4c43be8f36eb0f3c17b9"
}
[2025-11-11T09:59:03.794Z] [INFO] {
  "timestamp": "2025-11-11T09:59:03.794Z",
  "method": "GET",
  "url": "/api/finance/clients/691304ec4021687c5ca1a688/projects",
  "ip": "::1",
  "userId": "anonymous",
  "userAgent": "Mozilla/5.0 (Windows NT 10.0; Win64; x64) AppleWebKit/537.36 (KHTML, like Gecko) Chrome/142.0.0.0 Safari/537.36"
}
[2025-11-11T09:59:03.810Z] [INFO] {
  "timestamp": "2025-11-11T09:59:03.810Z",
  "method": "GET",
  "url": "/api/finance/clients/691304ec4021687c5ca1a688/projects",
  "statusCode": 200,
  "responseTime": "16ms",
  "userId": "690c4c43be8f36eb0f3c17b9"
}
[2025-11-11T09:59:13.795Z] [INFO] {
  "timestamp": "2025-11-11T09:59:13.795Z",
  "method": "GET",
  "url": "/api/finance/clients/691304ec4021687c5ca1a688/projects",
  "ip": "::1",
  "userId": "anonymous",
  "userAgent": "Mozilla/5.0 (Windows NT 10.0; Win64; x64) AppleWebKit/537.36 (KHTML, like Gecko) Chrome/142.0.0.0 Safari/537.36"
}
[2025-11-11T09:59:13.814Z] [INFO] {
  "timestamp": "2025-11-11T09:59:13.814Z",
  "method": "GET",
  "url": "/api/finance/clients/691304ec4021687c5ca1a688/projects",
  "statusCode": 200,
  "responseTime": "19ms",
  "userId": "690c4c43be8f36eb0f3c17b9"
}
[2025-11-11T10:00:18.099Z] [INFO] {
  "timestamp": "2025-11-11T10:00:18.099Z",
  "method": "GET",
  "url": "/api/clients",
  "ip": "::1",
  "userId": "anonymous",
  "userAgent": "Mozilla/5.0 (Windows NT 10.0; Win64; x64) AppleWebKit/537.36 (KHTML, like Gecko) Chrome/142.0.0.0 Safari/537.36"
}
[2025-11-11T10:00:18.105Z] [INFO] {
  "timestamp": "2025-11-11T10:00:18.105Z",
  "method": "GET",
  "url": "/api/finance/projects?search=&status=all&year=2025",
  "ip": "::1",
  "userId": "anonymous",
  "userAgent": "Mozilla/5.0 (Windows NT 10.0; Win64; x64) AppleWebKit/537.36 (KHTML, like Gecko) Chrome/142.0.0.0 Safari/537.36"
}
[2025-11-11T10:00:18.131Z] [INFO] {
  "timestamp": "2025-11-11T10:00:18.131Z",
  "method": "GET",
  "url": "/api/finance/stats?year=2025",
  "ip": "::1",
  "userId": "anonymous",
  "userAgent": "Mozilla/5.0 (Windows NT 10.0; Win64; x64) AppleWebKit/537.36 (KHTML, like Gecko) Chrome/142.0.0.0 Safari/537.36"
}
[2025-11-11T10:00:18.153Z] [INFO] {
  "timestamp": "2025-11-11T10:00:18.153Z",
  "method": "GET",
  "url": "/api/clients",
  "statusCode": 200,
  "responseTime": "54ms",
  "userId": "690c4c43be8f36eb0f3c17b9"
}
[2025-11-11T10:00:18.175Z] [INFO] {
  "timestamp": "2025-11-11T10:00:18.175Z",
  "method": "GET",
  "url": "/api/clients",
  "ip": "::1",
  "userId": "anonymous",
  "userAgent": "Mozilla/5.0 (Windows NT 10.0; Win64; x64) AppleWebKit/537.36 (KHTML, like Gecko) Chrome/142.0.0.0 Safari/537.36"
}
[2025-11-11T10:00:18.207Z] [INFO] {
  "timestamp": "2025-11-11T10:00:18.207Z",
  "method": "GET",
  "url": "/api/finance/projects?search=&status=all&year=2025",
  "statusCode": 200,
  "responseTime": "102ms",
  "userId": "690c4c43be8f36eb0f3c17b9"
}
[2025-11-11T10:00:18.217Z] [INFO] {
  "timestamp": "2025-11-11T10:00:18.216Z",
  "method": "GET",
  "url": "/api/clients",
  "statusCode": 200,
  "responseTime": "41ms",
  "userId": "690c4c43be8f36eb0f3c17b9"
}
[2025-11-11T10:00:18.236Z] [INFO] {
  "timestamp": "2025-11-11T10:00:18.236Z",
  "method": "GET",
  "url": "/api/finance/projects?search=&status=all&year=2025",
  "ip": "::1",
  "userId": "anonymous",
  "userAgent": "Mozilla/5.0 (Windows NT 10.0; Win64; x64) AppleWebKit/537.36 (KHTML, like Gecko) Chrome/142.0.0.0 Safari/537.36"
}
[2025-11-11T10:00:18.257Z] [INFO] {
  "timestamp": "2025-11-11T10:00:18.257Z",
  "method": "GET",
  "url": "/api/finance/stats?year=2025",
  "statusCode": 200,
  "responseTime": "126ms",
  "userId": "690c4c43be8f36eb0f3c17b9"
}
[2025-11-11T10:00:18.270Z] [INFO] {
  "timestamp": "2025-11-11T10:00:18.270Z",
  "method": "GET",
  "url": "/api/finance/stats?year=2025",
  "ip": "::1",
  "userId": "anonymous",
  "userAgent": "Mozilla/5.0 (Windows NT 10.0; Win64; x64) AppleWebKit/537.36 (KHTML, like Gecko) Chrome/142.0.0.0 Safari/537.36"
}
[2025-11-11T10:00:18.291Z] [INFO] {
  "timestamp": "2025-11-11T10:00:18.291Z",
  "method": "GET",
  "url": "/api/finance/projects?search=&status=all&year=2025",
  "statusCode": 200,
  "responseTime": "55ms",
  "userId": "690c4c43be8f36eb0f3c17b9"
}
[2025-11-11T10:00:18.320Z] [INFO] {
  "timestamp": "2025-11-11T10:00:18.320Z",
  "method": "GET",
  "url": "/api/finance/stats?year=2025",
  "statusCode": 200,
  "responseTime": "50ms",
  "userId": "690c4c43be8f36eb0f3c17b9"
}
[2025-11-11T10:00:18.409Z] [INFO] {
  "timestamp": "2025-11-11T10:00:18.409Z",
  "method": "GET",
  "url": "/favicon.ico",
  "ip": "127.0.0.1",
  "userId": "anonymous",
  "userAgent": "Mozilla/5.0 (Windows NT 10.0; Win64; x64) AppleWebKit/537.36 (KHTML, like Gecko) Chrome/142.0.0.0 Safari/537.36"
}
[2025-11-11T10:00:18.412Z] [INFO] {
  "timestamp": "2025-11-11T10:00:18.412Z",
  "method": "GET",
  "url": "/favicon.ico",
  "statusCode": 200,
  "responseTime": "3ms",
  "userId": "anonymous"
}
[2025-11-11T10:00:39.943Z] [INFO] {
  "timestamp": "2025-11-11T10:00:39.943Z",
  "method": "PUT",
  "url": "/api/finance/projects/6912bdae18e070671809de35",
  "ip": "::1",
  "userId": "anonymous",
  "userAgent": "Mozilla/5.0 (Windows NT 10.0; Win64; x64) AppleWebKit/537.36 (KHTML, like Gecko) Chrome/142.0.0.0 Safari/537.36"
}
[2025-11-11T10:00:40.016Z] [INFO] {
  "timestamp": "2025-11-11T10:00:40.016Z",
  "method": "PUT",
  "url": "/api/finance/projects/6912bdae18e070671809de35",
  "statusCode": 200,
  "responseTime": "73ms",
  "userId": "690c4c43be8f36eb0f3c17b9"
}
[2025-11-11T10:00:40.061Z] [INFO] {
  "timestamp": "2025-11-11T10:00:40.061Z",
  "method": "GET",
  "url": "/api/finance/projects?search=&status=all&year=2025",
  "ip": "::1",
  "userId": "anonymous",
  "userAgent": "Mozilla/5.0 (Windows NT 10.0; Win64; x64) AppleWebKit/537.36 (KHTML, like Gecko) Chrome/142.0.0.0 Safari/537.36"
}
[2025-11-11T10:00:40.085Z] [INFO] {
  "timestamp": "2025-11-11T10:00:40.085Z",
  "method": "GET",
  "url": "/api/finance/stats?year=2025",
  "ip": "::1",
  "userId": "anonymous",
  "userAgent": "Mozilla/5.0 (Windows NT 10.0; Win64; x64) AppleWebKit/537.36 (KHTML, like Gecko) Chrome/142.0.0.0 Safari/537.36"
}
[2025-11-11T10:00:40.133Z] [INFO] {
  "timestamp": "2025-11-11T10:00:40.132Z",
  "method": "GET",
  "url": "/api/finance/projects?search=&status=all&year=2025",
  "statusCode": 200,
  "responseTime": "71ms",
  "userId": "690c4c43be8f36eb0f3c17b9"
}
[2025-11-11T10:00:40.153Z] [INFO] {
  "timestamp": "2025-11-11T10:00:40.152Z",
  "method": "GET",
  "url": "/api/finance/stats?year=2025",
  "statusCode": 200,
  "responseTime": "67ms",
  "userId": "690c4c43be8f36eb0f3c17b9"
}
[2025-11-11T10:00:46.354Z] [INFO] {
  "timestamp": "2025-11-11T10:00:46.354Z",
  "method": "GET",
  "url": "/api/clients",
  "ip": "::1",
  "userId": "anonymous",
  "userAgent": "Mozilla/5.0 (Windows NT 10.0; Win64; x64) AppleWebKit/537.36 (KHTML, like Gecko) Chrome/142.0.0.0 Safari/537.36"
}
[2025-11-11T10:00:46.360Z] [INFO] {
  "timestamp": "2025-11-11T10:00:46.360Z",
  "method": "GET",
  "url": "/favicon.ico",
  "ip": "127.0.0.1",
  "userId": "anonymous",
  "userAgent": "Mozilla/5.0 (Windows NT 10.0; Win64; x64) AppleWebKit/537.36 (KHTML, like Gecko) Chrome/142.0.0.0 Safari/537.36"
}
[2025-11-11T10:00:46.361Z] [INFO] {
  "timestamp": "2025-11-11T10:00:46.361Z",
  "method": "GET",
  "url": "/favicon.ico",
  "statusCode": 200,
  "responseTime": "1ms",
  "userId": "anonymous"
}
[2025-11-11T10:00:46.369Z] [INFO] {
  "timestamp": "2025-11-11T10:00:46.369Z",
  "method": "GET",
  "url": "/api/clients",
  "statusCode": 200,
  "responseTime": "15ms",
  "userId": "690c4c43be8f36eb0f3c17b9"
}
[2025-11-11T10:00:46.375Z] [INFO] {
  "timestamp": "2025-11-11T10:00:46.375Z",
  "method": "GET",
  "url": "/api/clients",
  "ip": "::1",
  "userId": "anonymous",
  "userAgent": "Mozilla/5.0 (Windows NT 10.0; Win64; x64) AppleWebKit/537.36 (KHTML, like Gecko) Chrome/142.0.0.0 Safari/537.36"
}
[2025-11-11T10:00:46.387Z] [INFO] {
  "timestamp": "2025-11-11T10:00:46.387Z",
  "method": "GET",
  "url": "/api/clients",
  "statusCode": 200,
  "responseTime": "12ms",
  "userId": "690c4c43be8f36eb0f3c17b9"
}
[2025-11-11T10:00:47.910Z] [INFO] {
  "timestamp": "2025-11-11T10:00:47.910Z",
  "method": "GET",
  "url": "/api/finance/clients/691304ec4021687c5ca1a688/projects",
  "ip": "::1",
  "userId": "anonymous",
  "userAgent": "Mozilla/5.0 (Windows NT 10.0; Win64; x64) AppleWebKit/537.36 (KHTML, like Gecko) Chrome/142.0.0.0 Safari/537.36"
}
[2025-11-11T10:00:47.940Z] [INFO] {
  "timestamp": "2025-11-11T10:00:47.940Z",
  "method": "GET",
  "url": "/api/finance/clients/691304ec4021687c5ca1a688/projects",
  "statusCode": 200,
  "responseTime": "30ms",
  "userId": "690c4c43be8f36eb0f3c17b9"
}
[2025-11-11T10:00:47.948Z] [INFO] {
  "timestamp": "2025-11-11T10:00:47.948Z",
  "method": "GET",
  "url": "/api/finance/clients/691304ec4021687c5ca1a688/projects",
  "ip": "::1",
  "userId": "anonymous",
  "userAgent": "Mozilla/5.0 (Windows NT 10.0; Win64; x64) AppleWebKit/537.36 (KHTML, like Gecko) Chrome/142.0.0.0 Safari/537.36"
}
[2025-11-11T10:00:47.985Z] [INFO] {
  "timestamp": "2025-11-11T10:00:47.985Z",
  "method": "GET",
  "url": "/api/finance/clients/691304ec4021687c5ca1a688/projects",
  "statusCode": 200,
  "responseTime": "37ms",
  "userId": "690c4c43be8f36eb0f3c17b9"
}
[2025-11-11T10:00:48.226Z] [INFO] {
  "timestamp": "2025-11-11T10:00:48.225Z",
  "method": "GET",
  "url": "/favicon.ico",
  "ip": "127.0.0.1",
  "userId": "anonymous",
  "userAgent": "Mozilla/5.0 (Windows NT 10.0; Win64; x64) AppleWebKit/537.36 (KHTML, like Gecko) Chrome/142.0.0.0 Safari/537.36"
}
[2025-11-11T10:00:48.227Z] [INFO] {
  "timestamp": "2025-11-11T10:00:48.227Z",
  "method": "GET",
  "url": "/favicon.ico",
  "statusCode": 200,
  "responseTime": "2ms",
  "userId": "anonymous"
}
[2025-11-11T10:01:08.863Z] [INFO] {
  "timestamp": "2025-11-11T10:01:08.863Z",
  "method": "GET",
  "url": "/api/clients",
  "ip": "::1",
  "userId": "anonymous",
  "userAgent": "Mozilla/5.0 (Windows NT 10.0; Win64; x64) AppleWebKit/537.36 (KHTML, like Gecko) Chrome/142.0.0.0 Safari/537.36"
}
[2025-11-11T10:01:08.874Z] [INFO] {
  "timestamp": "2025-11-11T10:01:08.874Z",
  "method": "GET",
  "url": "/favicon.ico",
  "ip": "127.0.0.1",
  "userId": "anonymous",
  "userAgent": "Mozilla/5.0 (Windows NT 10.0; Win64; x64) AppleWebKit/537.36 (KHTML, like Gecko) Chrome/142.0.0.0 Safari/537.36"
}
[2025-11-11T10:01:08.881Z] [INFO] {
  "timestamp": "2025-11-11T10:01:08.881Z",
  "method": "GET",
  "url": "/favicon.ico",
  "statusCode": 200,
  "responseTime": "6ms",
  "userId": "anonymous"
}
[2025-11-11T10:01:08.900Z] [INFO] {
  "timestamp": "2025-11-11T10:01:08.900Z",
  "method": "GET",
  "url": "/api/clients",
  "statusCode": 200,
  "responseTime": "37ms",
  "userId": "690c4c43be8f36eb0f3c17b9"
}
[2025-11-11T10:01:08.908Z] [INFO] {
  "timestamp": "2025-11-11T10:01:08.908Z",
  "method": "GET",
  "url": "/api/clients",
  "ip": "::1",
  "userId": "anonymous",
  "userAgent": "Mozilla/5.0 (Windows NT 10.0; Win64; x64) AppleWebKit/537.36 (KHTML, like Gecko) Chrome/142.0.0.0 Safari/537.36"
}
[2025-11-11T10:01:08.916Z] [INFO] {
  "timestamp": "2025-11-11T10:01:08.916Z",
  "method": "GET",
  "url": "/api/clients",
  "statusCode": 200,
  "responseTime": "8ms",
  "userId": "690c4c43be8f36eb0f3c17b9"
}
[2025-11-11T10:01:11.279Z] [INFO] {
  "timestamp": "2025-11-11T10:01:11.279Z",
  "method": "GET",
  "url": "/api/finance/clients/691304ec4021687c5ca1a688/projects",
  "ip": "::1",
  "userId": "anonymous",
  "userAgent": "Mozilla/5.0 (Windows NT 10.0; Win64; x64) AppleWebKit/537.36 (KHTML, like Gecko) Chrome/142.0.0.0 Safari/537.36"
}
[2025-11-11T10:01:11.299Z] [INFO] {
  "timestamp": "2025-11-11T10:01:11.299Z",
  "method": "GET",
  "url": "/api/finance/clients/691304ec4021687c5ca1a688/projects",
  "statusCode": 200,
  "responseTime": "20ms",
  "userId": "690c4c43be8f36eb0f3c17b9"
}
[2025-11-11T10:01:11.308Z] [INFO] {
  "timestamp": "2025-11-11T10:01:11.308Z",
  "method": "GET",
  "url": "/api/finance/clients/691304ec4021687c5ca1a688/projects",
  "ip": "::1",
  "userId": "anonymous",
  "userAgent": "Mozilla/5.0 (Windows NT 10.0; Win64; x64) AppleWebKit/537.36 (KHTML, like Gecko) Chrome/142.0.0.0 Safari/537.36"
}
[2025-11-11T10:01:11.335Z] [INFO] {
  "timestamp": "2025-11-11T10:01:11.335Z",
  "method": "GET",
  "url": "/api/finance/clients/691304ec4021687c5ca1a688/projects",
  "statusCode": 200,
  "responseTime": "27ms",
  "userId": "690c4c43be8f36eb0f3c17b9"
}
[2025-11-11T10:01:11.597Z] [INFO] {
  "timestamp": "2025-11-11T10:01:11.597Z",
  "method": "GET",
  "url": "/favicon.ico",
  "ip": "127.0.0.1",
  "userId": "anonymous",
  "userAgent": "Mozilla/5.0 (Windows NT 10.0; Win64; x64) AppleWebKit/537.36 (KHTML, like Gecko) Chrome/142.0.0.0 Safari/537.36"
}
[2025-11-11T10:01:11.598Z] [INFO] {
  "timestamp": "2025-11-11T10:01:11.598Z",
  "method": "GET",
  "url": "/favicon.ico",
  "statusCode": 200,
  "responseTime": "1ms",
  "userId": "anonymous"
}
[2025-11-11T10:01:12.508Z] [INFO] {
  "timestamp": "2025-11-11T10:01:12.507Z",
  "method": "GET",
  "url": "/api/clients",
  "ip": "::1",
  "userId": "anonymous",
  "userAgent": "Mozilla/5.0 (Windows NT 10.0; Win64; x64) AppleWebKit/537.36 (KHTML, like Gecko) Chrome/142.0.0.0 Safari/537.36"
}
[2025-11-11T10:01:12.518Z] [INFO] {
  "timestamp": "2025-11-11T10:01:12.518Z",
  "method": "GET",
  "url": "/favicon.ico",
  "ip": "127.0.0.1",
  "userId": "anonymous",
  "userAgent": "Mozilla/5.0 (Windows NT 10.0; Win64; x64) AppleWebKit/537.36 (KHTML, like Gecko) Chrome/142.0.0.0 Safari/537.36"
}
[2025-11-11T10:01:12.527Z] [INFO] {
  "timestamp": "2025-11-11T10:01:12.527Z",
  "method": "GET",
  "url": "/favicon.ico",
  "statusCode": 200,
  "responseTime": "9ms",
  "userId": "anonymous"
}
[2025-11-11T10:01:12.548Z] [INFO] {
  "timestamp": "2025-11-11T10:01:12.548Z",
  "method": "GET",
  "url": "/api/clients",
  "statusCode": 200,
  "responseTime": "41ms",
  "userId": "690c4c43be8f36eb0f3c17b9"
}
[2025-11-11T10:01:12.553Z] [INFO] {
  "timestamp": "2025-11-11T10:01:12.553Z",
  "method": "GET",
  "url": "/api/clients",
  "ip": "::1",
  "userId": "anonymous",
  "userAgent": "Mozilla/5.0 (Windows NT 10.0; Win64; x64) AppleWebKit/537.36 (KHTML, like Gecko) Chrome/142.0.0.0 Safari/537.36"
}
[2025-11-11T10:01:12.569Z] [INFO] {
  "timestamp": "2025-11-11T10:01:12.569Z",
  "method": "GET",
  "url": "/api/clients",
  "statusCode": 200,
  "responseTime": "16ms",
  "userId": "690c4c43be8f36eb0f3c17b9"
}
[2025-11-11T10:01:13.282Z] [INFO] {
  "timestamp": "2025-11-11T10:01:13.282Z",
  "method": "GET",
  "url": "/api/finance/clients/691304ec4021687c5ca1a688/projects",
  "ip": "::1",
  "userId": "anonymous",
  "userAgent": "Mozilla/5.0 (Windows NT 10.0; Win64; x64) AppleWebKit/537.36 (KHTML, like Gecko) Chrome/142.0.0.0 Safari/537.36"
}
[2025-11-11T10:01:13.304Z] [INFO] {
  "timestamp": "2025-11-11T10:01:13.303Z",
  "method": "GET",
  "url": "/api/finance/clients/691304ec4021687c5ca1a688/projects",
  "statusCode": 200,
  "responseTime": "21ms",
  "userId": "690c4c43be8f36eb0f3c17b9"
}
[2025-11-11T10:01:13.310Z] [INFO] {
  "timestamp": "2025-11-11T10:01:13.310Z",
  "method": "GET",
  "url": "/api/finance/clients/691304ec4021687c5ca1a688/projects",
  "ip": "::1",
  "userId": "anonymous",
  "userAgent": "Mozilla/5.0 (Windows NT 10.0; Win64; x64) AppleWebKit/537.36 (KHTML, like Gecko) Chrome/142.0.0.0 Safari/537.36"
}
[2025-11-11T10:01:13.331Z] [INFO] {
  "timestamp": "2025-11-11T10:01:13.331Z",
  "method": "GET",
  "url": "/api/finance/clients/691304ec4021687c5ca1a688/projects",
  "statusCode": 200,
  "responseTime": "21ms",
  "userId": "690c4c43be8f36eb0f3c17b9"
}
[2025-11-11T10:01:13.590Z] [INFO] {
  "timestamp": "2025-11-11T10:01:13.590Z",
  "method": "GET",
  "url": "/favicon.ico",
  "ip": "127.0.0.1",
  "userId": "anonymous",
  "userAgent": "Mozilla/5.0 (Windows NT 10.0; Win64; x64) AppleWebKit/537.36 (KHTML, like Gecko) Chrome/142.0.0.0 Safari/537.36"
}
[2025-11-11T10:01:13.593Z] [INFO] {
  "timestamp": "2025-11-11T10:01:13.593Z",
  "method": "GET",
  "url": "/favicon.ico",
  "statusCode": 200,
  "responseTime": "3ms",
  "userId": "anonymous"
}
[2025-11-11T10:03:05.893Z] [INFO] {
  "timestamp": "2025-11-11T10:03:05.893Z",
  "method": "GET",
  "url": "/api/clients",
  "ip": "::1",
  "userId": "anonymous",
  "userAgent": "Mozilla/5.0 (Windows NT 10.0; Win64; x64) AppleWebKit/537.36 (KHTML, like Gecko) Chrome/142.0.0.0 Safari/537.36"
}
[2025-11-11T10:03:05.902Z] [INFO] {
  "timestamp": "2025-11-11T10:03:05.902Z",
  "method": "GET",
  "url": "/api/clients",
  "statusCode": 200,
  "responseTime": "9ms",
  "userId": "690c4c43be8f36eb0f3c17b9"
}
[2025-11-11T10:03:05.916Z] [INFO] {
  "timestamp": "2025-11-11T10:03:05.916Z",
  "method": "GET",
  "url": "/api/clients",
  "ip": "::1",
  "userId": "anonymous",
  "userAgent": "Mozilla/5.0 (Windows NT 10.0; Win64; x64) AppleWebKit/537.36 (KHTML, like Gecko) Chrome/142.0.0.0 Safari/537.36"
}
[2025-11-11T10:03:05.936Z] [INFO] {
  "timestamp": "2025-11-11T10:03:05.936Z",
  "method": "GET",
  "url": "/api/clients",
  "statusCode": 200,
  "responseTime": "20ms",
  "userId": "690c4c43be8f36eb0f3c17b9"
}
[2025-11-11T10:03:06.192Z] [INFO] {
  "timestamp": "2025-11-11T10:03:06.192Z",
  "method": "GET",
  "url": "/favicon.ico",
  "ip": "127.0.0.1",
  "userId": "anonymous",
  "userAgent": "Mozilla/5.0 (Windows NT 10.0; Win64; x64) AppleWebKit/537.36 (KHTML, like Gecko) Chrome/142.0.0.0 Safari/537.36"
}
[2025-11-11T10:03:06.192Z] [INFO] {
  "timestamp": "2025-11-11T10:03:06.192Z",
  "method": "GET",
  "url": "/favicon.ico",
  "statusCode": 200,
  "responseTime": "0ms",
  "userId": "anonymous"
}
[2025-11-11T10:03:08.560Z] [INFO] {
  "timestamp": "2025-11-11T10:03:08.560Z",
  "method": "GET",
  "url": "/api/finance/clients/691304ec4021687c5ca1a688/projects",
  "ip": "::1",
  "userId": "anonymous",
  "userAgent": "Mozilla/5.0 (Windows NT 10.0; Win64; x64) AppleWebKit/537.36 (KHTML, like Gecko) Chrome/142.0.0.0 Safari/537.36"
}
[2025-11-11T10:03:08.621Z] [INFO] {
  "timestamp": "2025-11-11T10:03:08.621Z",
  "method": "GET",
  "url": "/api/finance/clients/691304ec4021687c5ca1a688/projects",
  "statusCode": 200,
  "responseTime": "61ms",
  "userId": "690c4c43be8f36eb0f3c17b9"
}
[2025-11-11T10:03:08.667Z] [INFO] {
  "timestamp": "2025-11-11T10:03:08.667Z",
  "method": "GET",
  "url": "/api/finance/clients/691304ec4021687c5ca1a688/projects",
  "ip": "::1",
  "userId": "anonymous",
  "userAgent": "Mozilla/5.0 (Windows NT 10.0; Win64; x64) AppleWebKit/537.36 (KHTML, like Gecko) Chrome/142.0.0.0 Safari/537.36"
}
[2025-11-11T10:03:08.747Z] [INFO] {
  "timestamp": "2025-11-11T10:03:08.747Z",
  "method": "GET",
  "url": "/api/finance/clients/691304ec4021687c5ca1a688/projects",
  "statusCode": 200,
  "responseTime": "80ms",
  "userId": "690c4c43be8f36eb0f3c17b9"
}
[2025-11-11T10:03:09.320Z] [INFO] {
  "timestamp": "2025-11-11T10:03:09.320Z",
  "method": "GET",
  "url": "/favicon.ico",
  "ip": "127.0.0.1",
  "userId": "anonymous",
  "userAgent": "Mozilla/5.0 (Windows NT 10.0; Win64; x64) AppleWebKit/537.36 (KHTML, like Gecko) Chrome/142.0.0.0 Safari/537.36"
}
[2025-11-11T10:03:09.322Z] [INFO] {
  "timestamp": "2025-11-11T10:03:09.322Z",
  "method": "GET",
  "url": "/favicon.ico",
  "statusCode": 200,
  "responseTime": "2ms",
  "userId": "anonymous"
}
[2025-11-11T10:03:09.698Z] [INFO] {
  "timestamp": "2025-11-11T10:03:09.698Z",
  "method": "GET",
  "url": "/api/finance/clients/691304ec4021687c5ca1a688/projects",
  "ip": "::1",
  "userId": "anonymous",
  "userAgent": "Mozilla/5.0 (Windows NT 10.0; Win64; x64) AppleWebKit/537.36 (KHTML, like Gecko) Chrome/142.0.0.0 Safari/537.36"
}
[2025-11-11T10:03:09.952Z] [INFO] {
  "timestamp": "2025-11-11T10:03:09.951Z",
  "method": "GET",
  "url": "/api/finance/clients/691304ec4021687c5ca1a688/projects",
  "statusCode": 200,
  "responseTime": "240ms",
  "userId": "690c4c43be8f36eb0f3c17b9"
}
[2025-11-11T10:03:16.232Z] [INFO] {
  "timestamp": "2025-11-11T10:03:16.232Z",
  "method": "GET",
  "url": "/api/clients",
  "ip": "::1",
  "userId": "anonymous",
  "userAgent": "Mozilla/5.0 (Windows NT 10.0; Win64; x64) AppleWebKit/537.36 (KHTML, like Gecko) Chrome/142.0.0.0 Safari/537.36"
}
[2025-11-11T10:03:16.241Z] [INFO] {
  "timestamp": "2025-11-11T10:03:16.241Z",
  "method": "GET",
  "url": "/api/finance/projects?search=&status=all&year=2025",
  "ip": "::1",
  "userId": "anonymous",
  "userAgent": "Mozilla/5.0 (Windows NT 10.0; Win64; x64) AppleWebKit/537.36 (KHTML, like Gecko) Chrome/142.0.0.0 Safari/537.36"
}
[2025-11-11T10:03:16.253Z] [INFO] {
  "timestamp": "2025-11-11T10:03:16.253Z",
  "method": "GET",
  "url": "/api/finance/stats?year=2025",
  "ip": "::1",
  "userId": "anonymous",
  "userAgent": "Mozilla/5.0 (Windows NT 10.0; Win64; x64) AppleWebKit/537.36 (KHTML, like Gecko) Chrome/142.0.0.0 Safari/537.36"
}
[2025-11-11T10:03:16.294Z] [INFO] {
  "timestamp": "2025-11-11T10:03:16.294Z",
  "method": "GET",
  "url": "/api/clients",
  "statusCode": 200,
  "responseTime": "62ms",
  "userId": "690c4c43be8f36eb0f3c17b9"
}
[2025-11-11T10:03:16.313Z] [INFO] {
  "timestamp": "2025-11-11T10:03:16.313Z",
  "method": "GET",
  "url": "/api/clients",
  "ip": "::1",
  "userId": "anonymous",
  "userAgent": "Mozilla/5.0 (Windows NT 10.0; Win64; x64) AppleWebKit/537.36 (KHTML, like Gecko) Chrome/142.0.0.0 Safari/537.36"
}
[2025-11-11T10:03:16.333Z] [INFO] {
  "timestamp": "2025-11-11T10:03:16.333Z",
  "method": "GET",
  "url": "/api/finance/projects?search=&status=all&year=2025",
  "statusCode": 200,
  "responseTime": "92ms",
  "userId": "690c4c43be8f36eb0f3c17b9"
}
[2025-11-11T10:03:16.343Z] [INFO] {
  "timestamp": "2025-11-11T10:03:16.343Z",
  "method": "GET",
  "url": "/api/clients",
  "statusCode": 200,
  "responseTime": "30ms",
  "userId": "690c4c43be8f36eb0f3c17b9"
}
[2025-11-11T10:03:16.352Z] [INFO] {
  "timestamp": "2025-11-11T10:03:16.352Z",
  "method": "GET",
  "url": "/api/finance/projects?search=&status=all&year=2025",
  "ip": "::1",
  "userId": "anonymous",
  "userAgent": "Mozilla/5.0 (Windows NT 10.0; Win64; x64) AppleWebKit/537.36 (KHTML, like Gecko) Chrome/142.0.0.0 Safari/537.36"
}
[2025-11-11T10:03:16.363Z] [INFO] {
  "timestamp": "2025-11-11T10:03:16.363Z",
  "method": "GET",
  "url": "/api/finance/stats?year=2025",
  "statusCode": 200,
  "responseTime": "110ms",
  "userId": "690c4c43be8f36eb0f3c17b9"
}
[2025-11-11T10:03:16.375Z] [INFO] {
  "timestamp": "2025-11-11T10:03:16.375Z",
  "method": "GET",
  "url": "/api/finance/stats?year=2025",
  "ip": "::1",
  "userId": "anonymous",
  "userAgent": "Mozilla/5.0 (Windows NT 10.0; Win64; x64) AppleWebKit/537.36 (KHTML, like Gecko) Chrome/142.0.0.0 Safari/537.36"
}
[2025-11-11T10:03:16.398Z] [INFO] {
  "timestamp": "2025-11-11T10:03:16.398Z",
  "method": "GET",
  "url": "/api/finance/projects?search=&status=all&year=2025",
  "statusCode": 200,
  "responseTime": "46ms",
  "userId": "690c4c43be8f36eb0f3c17b9"
}
[2025-11-11T10:03:16.426Z] [INFO] {
  "timestamp": "2025-11-11T10:03:16.426Z",
  "method": "GET",
  "url": "/api/finance/stats?year=2025",
  "statusCode": 200,
  "responseTime": "51ms",
  "userId": "690c4c43be8f36eb0f3c17b9"
}
[2025-11-11T10:03:16.562Z] [INFO] {
  "timestamp": "2025-11-11T10:03:16.562Z",
  "method": "GET",
  "url": "/favicon.ico",
  "ip": "127.0.0.1",
  "userId": "anonymous",
  "userAgent": "Mozilla/5.0 (Windows NT 10.0; Win64; x64) AppleWebKit/537.36 (KHTML, like Gecko) Chrome/142.0.0.0 Safari/537.36"
}
[2025-11-11T10:03:16.564Z] [INFO] {
  "timestamp": "2025-11-11T10:03:16.564Z",
  "method": "GET",
  "url": "/favicon.ico",
  "statusCode": 200,
  "responseTime": "2ms",
  "userId": "anonymous"
}
[2025-11-11T10:03:18.252Z] [INFO] {
  "timestamp": "2025-11-11T10:03:18.252Z",
  "method": "GET",
  "url": "/api/clients",
  "ip": "::1",
  "userId": "anonymous",
  "userAgent": "Mozilla/5.0 (Windows NT 10.0; Win64; x64) AppleWebKit/537.36 (KHTML, like Gecko) Chrome/142.0.0.0 Safari/537.36"
}
[2025-11-11T10:03:18.256Z] [INFO] {
  "timestamp": "2025-11-11T10:03:18.256Z",
  "method": "GET",
  "url": "/api/finance/stats?year=2025",
  "ip": "::1",
  "userId": "anonymous",
  "userAgent": "Mozilla/5.0 (Windows NT 10.0; Win64; x64) AppleWebKit/537.36 (KHTML, like Gecko) Chrome/142.0.0.0 Safari/537.36"
}
[2025-11-11T10:03:18.267Z] [INFO] {
  "timestamp": "2025-11-11T10:03:18.267Z",
  "method": "GET",
  "url": "/api/finance/projects?search=1&status=all&year=2025",
  "ip": "::1",
  "userId": "anonymous",
  "userAgent": "Mozilla/5.0 (Windows NT 10.0; Win64; x64) AppleWebKit/537.36 (KHTML, like Gecko) Chrome/142.0.0.0 Safari/537.36"
}
[2025-11-11T10:03:18.292Z] [INFO] {
  "timestamp": "2025-11-11T10:03:18.292Z",
  "method": "GET",
  "url": "/api/clients",
  "statusCode": 200,
  "responseTime": "40ms",
  "userId": "690c4c43be8f36eb0f3c17b9"
}
[2025-11-11T10:03:18.312Z] [INFO] {
  "timestamp": "2025-11-11T10:03:18.312Z",
  "method": "GET",
  "url": "/api/finance/projects?search=1&status=all&year=2025",
  "statusCode": 200,
  "responseTime": "45ms",
  "userId": "690c4c43be8f36eb0f3c17b9"
}
[2025-11-11T10:03:18.327Z] [INFO] {
  "timestamp": "2025-11-11T10:03:18.327Z",
  "method": "GET",
  "url": "/api/finance/stats?year=2025",
  "statusCode": 200,
  "responseTime": "71ms",
  "userId": "690c4c43be8f36eb0f3c17b9"
}
[2025-11-11T10:03:20.468Z] [INFO] {
  "timestamp": "2025-11-11T10:03:20.468Z",
  "method": "GET",
  "url": "/api/clients",
  "ip": "::1",
  "userId": "anonymous",
  "userAgent": "Mozilla/5.0 (Windows NT 10.0; Win64; x64) AppleWebKit/537.36 (KHTML, like Gecko) Chrome/142.0.0.0 Safari/537.36"
}
[2025-11-11T10:03:20.473Z] [INFO] {
  "timestamp": "2025-11-11T10:03:20.473Z",
  "method": "GET",
  "url": "/api/finance/stats?year=2025",
  "ip": "::1",
  "userId": "anonymous",
  "userAgent": "Mozilla/5.0 (Windows NT 10.0; Win64; x64) AppleWebKit/537.36 (KHTML, like Gecko) Chrome/142.0.0.0 Safari/537.36"
}
[2025-11-11T10:03:20.478Z] [INFO] {
  "timestamp": "2025-11-11T10:03:20.478Z",
  "method": "GET",
  "url": "/api/finance/projects?search=10&status=all&year=2025",
  "ip": "::1",
  "userId": "anonymous",
  "userAgent": "Mozilla/5.0 (Windows NT 10.0; Win64; x64) AppleWebKit/537.36 (KHTML, like Gecko) Chrome/142.0.0.0 Safari/537.36"
}
[2025-11-11T10:03:20.499Z] [INFO] {
  "timestamp": "2025-11-11T10:03:20.499Z",
  "method": "GET",
  "url": "/api/clients",
  "statusCode": 200,
  "responseTime": "31ms",
  "userId": "690c4c43be8f36eb0f3c17b9"
}
[2025-11-11T10:03:20.513Z] [INFO] {
  "timestamp": "2025-11-11T10:03:20.513Z",
  "method": "GET",
  "url": "/api/finance/projects?search=10&status=all&year=2025",
  "statusCode": 200,
  "responseTime": "35ms",
  "userId": "690c4c43be8f36eb0f3c17b9"
}
[2025-11-11T10:03:20.526Z] [INFO] {
  "timestamp": "2025-11-11T10:03:20.526Z",
  "method": "GET",
  "url": "/api/finance/stats?year=2025",
  "statusCode": 200,
  "responseTime": "53ms",
  "userId": "690c4c43be8f36eb0f3c17b9"
}
[2025-11-11T10:03:21.722Z] [INFO] {
  "timestamp": "2025-11-11T10:03:21.722Z",
  "method": "GET",
  "url": "/api/finance/projects?search=10-&status=all&year=2025",
  "ip": "::1",
  "userId": "anonymous",
  "userAgent": "Mozilla/5.0 (Windows NT 10.0; Win64; x64) AppleWebKit/537.36 (KHTML, like Gecko) Chrome/142.0.0.0 Safari/537.36"
}
[2025-11-11T10:03:21.725Z] [INFO] {
  "timestamp": "2025-11-11T10:03:21.725Z",
  "method": "GET",
  "url": "/api/clients",
  "ip": "::1",
  "userId": "anonymous",
  "userAgent": "Mozilla/5.0 (Windows NT 10.0; Win64; x64) AppleWebKit/537.36 (KHTML, like Gecko) Chrome/142.0.0.0 Safari/537.36"
}
[2025-11-11T10:03:21.729Z] [INFO] {
  "timestamp": "2025-11-11T10:03:21.729Z",
  "method": "GET",
  "url": "/api/finance/stats?year=2025",
  "ip": "::1",
  "userId": "anonymous",
  "userAgent": "Mozilla/5.0 (Windows NT 10.0; Win64; x64) AppleWebKit/537.36 (KHTML, like Gecko) Chrome/142.0.0.0 Safari/537.36"
}
[2025-11-11T10:03:21.745Z] [INFO] {
  "timestamp": "2025-11-11T10:03:21.745Z",
  "method": "GET",
  "url": "/api/clients",
  "statusCode": 200,
  "responseTime": "20ms",
  "userId": "690c4c43be8f36eb0f3c17b9"
}
[2025-11-11T10:03:21.759Z] [INFO] {
  "timestamp": "2025-11-11T10:03:21.759Z",
  "method": "GET",
  "url": "/api/finance/projects?search=10-&status=all&year=2025",
  "statusCode": 200,
  "responseTime": "37ms",
  "userId": "690c4c43be8f36eb0f3c17b9"
}
[2025-11-11T10:03:21.774Z] [INFO] {
  "timestamp": "2025-11-11T10:03:21.774Z",
  "method": "GET",
  "url": "/api/finance/stats?year=2025",
  "statusCode": 200,
  "responseTime": "45ms",
  "userId": "690c4c43be8f36eb0f3c17b9"
}
[2025-11-11T10:03:23.915Z] [INFO] {
  "timestamp": "2025-11-11T10:03:23.915Z",
  "method": "GET",
  "url": "/api/clients",
  "ip": "::1",
  "userId": "anonymous",
  "userAgent": "Mozilla/5.0 (Windows NT 10.0; Win64; x64) AppleWebKit/537.36 (KHTML, like Gecko) Chrome/142.0.0.0 Safari/537.36"
}
[2025-11-11T10:03:23.920Z] [INFO] {
  "timestamp": "2025-11-11T10:03:23.920Z",
  "method": "GET",
  "url": "/api/finance/stats?year=2025",
  "ip": "::1",
  "userId": "anonymous",
  "userAgent": "Mozilla/5.0 (Windows NT 10.0; Win64; x64) AppleWebKit/537.36 (KHTML, like Gecko) Chrome/142.0.0.0 Safari/537.36"
}
[2025-11-11T10:03:23.924Z] [INFO] {
  "timestamp": "2025-11-11T10:03:23.924Z",
  "method": "GET",
  "url": "/api/finance/projects?search=10-1&status=all&year=2025",
  "ip": "::1",
  "userId": "anonymous",
  "userAgent": "Mozilla/5.0 (Windows NT 10.0; Win64; x64) AppleWebKit/537.36 (KHTML, like Gecko) Chrome/142.0.0.0 Safari/537.36"
}
[2025-11-11T10:03:23.939Z] [INFO] {
  "timestamp": "2025-11-11T10:03:23.939Z",
  "method": "GET",
  "url": "/api/clients",
  "statusCode": 200,
  "responseTime": "24ms",
  "userId": "690c4c43be8f36eb0f3c17b9"
}
[2025-11-11T10:03:23.951Z] [INFO] {
  "timestamp": "2025-11-11T10:03:23.951Z",
  "method": "GET",
  "url": "/api/finance/projects?search=10-1&status=all&year=2025",
  "statusCode": 200,
  "responseTime": "27ms",
  "userId": "690c4c43be8f36eb0f3c17b9"
}
[2025-11-11T10:03:23.962Z] [INFO] {
  "timestamp": "2025-11-11T10:03:23.962Z",
  "method": "GET",
  "url": "/api/finance/stats?year=2025",
  "statusCode": 200,
  "responseTime": "42ms",
  "userId": "690c4c43be8f36eb0f3c17b9"
}
[2025-11-11T10:03:24.440Z] [INFO] {
  "timestamp": "2025-11-11T10:03:24.440Z",
  "method": "GET",
  "url": "/api/clients",
  "ip": "::1",
  "userId": "anonymous",
  "userAgent": "Mozilla/5.0 (Windows NT 10.0; Win64; x64) AppleWebKit/537.36 (KHTML, like Gecko) Chrome/142.0.0.0 Safari/537.36"
}
[2025-11-11T10:03:24.446Z] [INFO] {
  "timestamp": "2025-11-11T10:03:24.446Z",
  "method": "GET",
  "url": "/api/finance/stats?year=2025",
  "ip": "::1",
  "userId": "anonymous",
  "userAgent": "Mozilla/5.0 (Windows NT 10.0; Win64; x64) AppleWebKit/537.36 (KHTML, like Gecko) Chrome/142.0.0.0 Safari/537.36"
}
[2025-11-11T10:03:24.453Z] [INFO] {
  "timestamp": "2025-11-11T10:03:24.453Z",
  "method": "GET",
  "url": "/api/finance/projects?search=10-10&status=all&year=2025",
  "ip": "::1",
  "userId": "anonymous",
  "userAgent": "Mozilla/5.0 (Windows NT 10.0; Win64; x64) AppleWebKit/537.36 (KHTML, like Gecko) Chrome/142.0.0.0 Safari/537.36"
}
[2025-11-11T10:03:24.468Z] [INFO] {
  "timestamp": "2025-11-11T10:03:24.468Z",
  "method": "GET",
  "url": "/api/clients",
  "statusCode": 200,
  "responseTime": "28ms",
  "userId": "690c4c43be8f36eb0f3c17b9"
}
[2025-11-11T10:03:24.480Z] [INFO] {
  "timestamp": "2025-11-11T10:03:24.480Z",
  "method": "GET",
  "url": "/api/finance/projects?search=10-10&status=all&year=2025",
  "statusCode": 200,
  "responseTime": "27ms",
  "userId": "690c4c43be8f36eb0f3c17b9"
}
[2025-11-11T10:03:24.495Z] [INFO] {
  "timestamp": "2025-11-11T10:03:24.495Z",
  "method": "GET",
  "url": "/api/finance/stats?year=2025",
  "statusCode": 200,
  "responseTime": "49ms",
  "userId": "690c4c43be8f36eb0f3c17b9"
}
[2025-11-11T10:03:25.475Z] [INFO] {
  "timestamp": "2025-11-11T10:03:25.475Z",
  "method": "GET",
  "url": "/api/clients",
  "ip": "::1",
  "userId": "anonymous",
  "userAgent": "Mozilla/5.0 (Windows NT 10.0; Win64; x64) AppleWebKit/537.36 (KHTML, like Gecko) Chrome/142.0.0.0 Safari/537.36"
}
[2025-11-11T10:03:25.479Z] [INFO] {
  "timestamp": "2025-11-11T10:03:25.479Z",
  "method": "GET",
  "url": "/api/finance/stats?year=2025",
  "ip": "::1",
  "userId": "anonymous",
  "userAgent": "Mozilla/5.0 (Windows NT 10.0; Win64; x64) AppleWebKit/537.36 (KHTML, like Gecko) Chrome/142.0.0.0 Safari/537.36"
}
[2025-11-11T10:03:25.484Z] [INFO] {
  "timestamp": "2025-11-11T10:03:25.484Z",
  "method": "GET",
  "url": "/api/finance/projects?search=10-101&status=all&year=2025",
  "ip": "::1",
  "userId": "anonymous",
  "userAgent": "Mozilla/5.0 (Windows NT 10.0; Win64; x64) AppleWebKit/537.36 (KHTML, like Gecko) Chrome/142.0.0.0 Safari/537.36"
}
[2025-11-11T10:03:25.504Z] [INFO] {
  "timestamp": "2025-11-11T10:03:25.504Z",
  "method": "GET",
  "url": "/api/clients",
  "statusCode": 200,
  "responseTime": "29ms",
  "userId": "690c4c43be8f36eb0f3c17b9"
}
[2025-11-11T10:03:25.518Z] [INFO] {
  "timestamp": "2025-11-11T10:03:25.518Z",
  "method": "GET",
  "url": "/api/finance/projects?search=10-101&status=all&year=2025",
  "statusCode": 200,
  "responseTime": "34ms",
  "userId": "690c4c43be8f36eb0f3c17b9"
}
[2025-11-11T10:03:25.530Z] [INFO] {
  "timestamp": "2025-11-11T10:03:25.530Z",
  "method": "GET",
  "url": "/api/finance/stats?year=2025",
  "statusCode": 200,
  "responseTime": "51ms",
  "userId": "690c4c43be8f36eb0f3c17b9"
}
[2025-11-11T10:03:26.890Z] [INFO] {
  "timestamp": "2025-11-11T10:03:26.890Z",
  "method": "GET",
  "url": "/api/finance/projects?search=10-10&status=all&year=2025",
  "ip": "::1",
  "userId": "anonymous",
  "userAgent": "Mozilla/5.0 (Windows NT 10.0; Win64; x64) AppleWebKit/537.36 (KHTML, like Gecko) Chrome/142.0.0.0 Safari/537.36"
}
[2025-11-11T10:03:26.895Z] [INFO] {
  "timestamp": "2025-11-11T10:03:26.895Z",
  "method": "GET",
  "url": "/api/clients",
  "ip": "::1",
  "userId": "anonymous",
  "userAgent": "Mozilla/5.0 (Windows NT 10.0; Win64; x64) AppleWebKit/537.36 (KHTML, like Gecko) Chrome/142.0.0.0 Safari/537.36"
}
[2025-11-11T10:03:26.903Z] [INFO] {
  "timestamp": "2025-11-11T10:03:26.903Z",
  "method": "GET",
  "url": "/api/finance/stats?year=2025",
  "ip": "::1",
  "userId": "anonymous",
  "userAgent": "Mozilla/5.0 (Windows NT 10.0; Win64; x64) AppleWebKit/537.36 (KHTML, like Gecko) Chrome/142.0.0.0 Safari/537.36"
}
[2025-11-11T10:03:26.928Z] [INFO] {
  "timestamp": "2025-11-11T10:03:26.928Z",
  "method": "GET",
  "url": "/api/clients",
  "statusCode": 200,
  "responseTime": "33ms",
  "userId": "690c4c43be8f36eb0f3c17b9"
}
[2025-11-11T10:03:26.957Z] [INFO] {
  "timestamp": "2025-11-11T10:03:26.957Z",
  "method": "GET",
  "url": "/api/finance/projects?search=10-10&status=all&year=2025",
  "statusCode": 200,
  "responseTime": "67ms",
  "userId": "690c4c43be8f36eb0f3c17b9"
}
[2025-11-11T10:03:26.988Z] [INFO] {
  "timestamp": "2025-11-11T10:03:26.987Z",
  "method": "GET",
  "url": "/api/finance/stats?year=2025",
  "statusCode": 200,
  "responseTime": "84ms",
  "userId": "690c4c43be8f36eb0f3c17b9"
}
[2025-11-11T10:03:27.830Z] [INFO] {
  "timestamp": "2025-11-11T10:03:27.830Z",
  "method": "GET",
  "url": "/api/clients",
  "ip": "::1",
  "userId": "anonymous",
  "userAgent": "Mozilla/5.0 (Windows NT 10.0; Win64; x64) AppleWebKit/537.36 (KHTML, like Gecko) Chrome/142.0.0.0 Safari/537.36"
}
[2025-11-11T10:03:27.837Z] [INFO] {
  "timestamp": "2025-11-11T10:03:27.837Z",
  "method": "GET",
  "url": "/api/finance/stats?year=2025",
  "ip": "::1",
  "userId": "anonymous",
  "userAgent": "Mozilla/5.0 (Windows NT 10.0; Win64; x64) AppleWebKit/537.36 (KHTML, like Gecko) Chrome/142.0.0.0 Safari/537.36"
}
[2025-11-11T10:03:27.841Z] [INFO] {
  "timestamp": "2025-11-11T10:03:27.841Z",
  "method": "GET",
  "url": "/api/finance/projects?search=10-102&status=all&year=2025",
  "ip": "::1",
  "userId": "anonymous",
  "userAgent": "Mozilla/5.0 (Windows NT 10.0; Win64; x64) AppleWebKit/537.36 (KHTML, like Gecko) Chrome/142.0.0.0 Safari/537.36"
}
[2025-11-11T10:03:27.869Z] [INFO] {
  "timestamp": "2025-11-11T10:03:27.869Z",
  "method": "GET",
  "url": "/api/clients",
  "statusCode": 200,
  "responseTime": "39ms",
  "userId": "690c4c43be8f36eb0f3c17b9"
}
[2025-11-11T10:03:27.893Z] [INFO] {
  "timestamp": "2025-11-11T10:03:27.893Z",
  "method": "GET",
  "url": "/api/finance/projects?search=10-102&status=all&year=2025",
  "statusCode": 200,
  "responseTime": "52ms",
  "userId": "690c4c43be8f36eb0f3c17b9"
}
[2025-11-11T10:03:27.909Z] [INFO] {
  "timestamp": "2025-11-11T10:03:27.909Z",
  "method": "GET",
  "url": "/api/finance/stats?year=2025",
  "statusCode": 200,
  "responseTime": "72ms",
  "userId": "690c4c43be8f36eb0f3c17b9"
}
[2025-11-11T10:03:28.322Z] [INFO] {
  "timestamp": "2025-11-11T10:03:28.322Z",
  "method": "GET",
  "url": "/api/clients",
  "ip": "::1",
  "userId": "anonymous",
  "userAgent": "Mozilla/5.0 (Windows NT 10.0; Win64; x64) AppleWebKit/537.36 (KHTML, like Gecko) Chrome/142.0.0.0 Safari/537.36"
}
[2025-11-11T10:03:28.330Z] [INFO] {
  "timestamp": "2025-11-11T10:03:28.330Z",
  "method": "GET",
  "url": "/api/finance/projects?search=10-10&status=all&year=2025",
  "ip": "::1",
  "userId": "anonymous",
  "userAgent": "Mozilla/5.0 (Windows NT 10.0; Win64; x64) AppleWebKit/537.36 (KHTML, like Gecko) Chrome/142.0.0.0 Safari/537.36"
}
[2025-11-11T10:03:28.344Z] [INFO] {
  "timestamp": "2025-11-11T10:03:28.344Z",
  "method": "GET",
  "url": "/api/finance/stats?year=2025",
  "ip": "::1",
  "userId": "anonymous",
  "userAgent": "Mozilla/5.0 (Windows NT 10.0; Win64; x64) AppleWebKit/537.36 (KHTML, like Gecko) Chrome/142.0.0.0 Safari/537.36"
}
[2025-11-11T10:03:28.431Z] [INFO] {
  "timestamp": "2025-11-11T10:03:28.431Z",
  "method": "GET",
  "url": "/api/clients",
  "statusCode": 200,
  "responseTime": "109ms",
  "userId": "690c4c43be8f36eb0f3c17b9"
}
[2025-11-11T10:03:28.482Z] [INFO] {
  "timestamp": "2025-11-11T10:03:28.482Z",
  "method": "GET",
  "url": "/api/finance/projects?search=10-10&status=all&year=2025",
  "statusCode": 200,
  "responseTime": "152ms",
  "userId": "690c4c43be8f36eb0f3c17b9"
}
[2025-11-11T10:03:28.550Z] [INFO] {
  "timestamp": "2025-11-11T10:03:28.550Z",
  "method": "GET",
  "url": "/api/clients",
  "ip": "::1",
  "userId": "anonymous",
  "userAgent": "Mozilla/5.0 (Windows NT 10.0; Win64; x64) AppleWebKit/537.36 (KHTML, like Gecko) Chrome/142.0.0.0 Safari/537.36"
}
[2025-11-11T10:03:28.577Z] [INFO] {
  "timestamp": "2025-11-11T10:03:28.577Z",
  "method": "GET",
  "url": "/api/finance/projects?search=10-1&status=all&year=2025",
  "ip": "::1",
  "userId": "anonymous",
  "userAgent": "Mozilla/5.0 (Windows NT 10.0; Win64; x64) AppleWebKit/537.36 (KHTML, like Gecko) Chrome/142.0.0.0 Safari/537.36"
}
[2025-11-11T10:03:28.612Z] [INFO] {
  "timestamp": "2025-11-11T10:03:28.612Z",
  "method": "GET",
  "url": "/api/finance/stats?year=2025",
  "statusCode": 200,
  "responseTime": "268ms",
  "userId": "690c4c43be8f36eb0f3c17b9"
}
[2025-11-11T10:03:28.630Z] [INFO] {
  "timestamp": "2025-11-11T10:03:28.630Z",
  "method": "GET",
  "url": "/api/finance/stats?year=2025",
  "ip": "::1",
  "userId": "anonymous",
  "userAgent": "Mozilla/5.0 (Windows NT 10.0; Win64; x64) AppleWebKit/537.36 (KHTML, like Gecko) Chrome/142.0.0.0 Safari/537.36"
}
[2025-11-11T10:03:28.639Z] [INFO] {
  "timestamp": "2025-11-11T10:03:28.639Z",
  "method": "GET",
  "url": "/api/clients",
  "statusCode": 200,
  "responseTime": "89ms",
  "userId": "690c4c43be8f36eb0f3c17b9"
}
[2025-11-11T10:03:28.673Z] [INFO] {
  "timestamp": "2025-11-11T10:03:28.673Z",
  "method": "GET",
  "url": "/api/finance/projects?search=10-1&status=all&year=2025",
  "statusCode": 200,
  "responseTime": "96ms",
  "userId": "690c4c43be8f36eb0f3c17b9"
}
[2025-11-11T10:03:28.698Z] [INFO] {
  "timestamp": "2025-11-11T10:03:28.697Z",
  "method": "GET",
  "url": "/api/finance/stats?year=2025",
  "statusCode": 200,
  "responseTime": "67ms",
  "userId": "690c4c43be8f36eb0f3c17b9"
}
[2025-11-11T10:03:28.778Z] [INFO] {
  "timestamp": "2025-11-11T10:03:28.778Z",
  "method": "GET",
  "url": "/api/clients",
  "ip": "::1",
  "userId": "anonymous",
  "userAgent": "Mozilla/5.0 (Windows NT 10.0; Win64; x64) AppleWebKit/537.36 (KHTML, like Gecko) Chrome/142.0.0.0 Safari/537.36"
}
[2025-11-11T10:03:28.785Z] [INFO] {
  "timestamp": "2025-11-11T10:03:28.785Z",
  "method": "GET",
  "url": "/api/finance/stats?year=2025",
  "ip": "::1",
  "userId": "anonymous",
  "userAgent": "Mozilla/5.0 (Windows NT 10.0; Win64; x64) AppleWebKit/537.36 (KHTML, like Gecko) Chrome/142.0.0.0 Safari/537.36"
}
[2025-11-11T10:03:28.791Z] [INFO] {
  "timestamp": "2025-11-11T10:03:28.791Z",
  "method": "GET",
  "url": "/api/finance/projects?search=10-&status=all&year=2025",
  "ip": "::1",
  "userId": "anonymous",
  "userAgent": "Mozilla/5.0 (Windows NT 10.0; Win64; x64) AppleWebKit/537.36 (KHTML, like Gecko) Chrome/142.0.0.0 Safari/537.36"
}
[2025-11-11T10:03:28.815Z] [INFO] {
  "timestamp": "2025-11-11T10:03:28.815Z",
  "method": "GET",
  "url": "/api/clients",
  "statusCode": 200,
  "responseTime": "37ms",
  "userId": "690c4c43be8f36eb0f3c17b9"
}
[2025-11-11T10:03:28.847Z] [INFO] {
  "timestamp": "2025-11-11T10:03:28.847Z",
  "method": "GET",
  "url": "/api/finance/projects?search=10-&status=all&year=2025",
  "statusCode": 200,
  "responseTime": "56ms",
  "userId": "690c4c43be8f36eb0f3c17b9"
}
[2025-11-11T10:03:28.879Z] [INFO] {
  "timestamp": "2025-11-11T10:03:28.879Z",
  "method": "GET",
  "url": "/api/finance/stats?year=2025",
  "statusCode": 200,
  "responseTime": "94ms",
  "userId": "690c4c43be8f36eb0f3c17b9"
}
[2025-11-11T10:03:29.010Z] [INFO] {
  "timestamp": "2025-11-11T10:03:29.010Z",
  "method": "GET",
  "url": "/api/clients",
  "ip": "::1",
  "userId": "anonymous",
  "userAgent": "Mozilla/5.0 (Windows NT 10.0; Win64; x64) AppleWebKit/537.36 (KHTML, like Gecko) Chrome/142.0.0.0 Safari/537.36"
}
[2025-11-11T10:03:29.025Z] [INFO] {
  "timestamp": "2025-11-11T10:03:29.025Z",
  "method": "GET",
  "url": "/api/finance/stats?year=2025",
  "ip": "::1",
  "userId": "anonymous",
  "userAgent": "Mozilla/5.0 (Windows NT 10.0; Win64; x64) AppleWebKit/537.36 (KHTML, like Gecko) Chrome/142.0.0.0 Safari/537.36"
}
[2025-11-11T10:03:29.045Z] [INFO] {
  "timestamp": "2025-11-11T10:03:29.045Z",
  "method": "GET",
  "url": "/api/finance/projects?search=10&status=all&year=2025",
  "ip": "::1",
  "userId": "anonymous",
  "userAgent": "Mozilla/5.0 (Windows NT 10.0; Win64; x64) AppleWebKit/537.36 (KHTML, like Gecko) Chrome/142.0.0.0 Safari/537.36"
}
[2025-11-11T10:03:29.094Z] [INFO] {
  "timestamp": "2025-11-11T10:03:29.094Z",
  "method": "GET",
  "url": "/api/clients",
  "statusCode": 200,
  "responseTime": "84ms",
  "userId": "690c4c43be8f36eb0f3c17b9"
}
[2025-11-11T10:03:29.272Z] [INFO] {
  "timestamp": "2025-11-11T10:03:29.272Z",
  "method": "GET",
  "url": "/api/clients",
  "ip": "::1",
  "userId": "anonymous",
  "userAgent": "Mozilla/5.0 (Windows NT 10.0; Win64; x64) AppleWebKit/537.36 (KHTML, like Gecko) Chrome/142.0.0.0 Safari/537.36"
}
[2025-11-11T10:03:29.296Z] [INFO] {
  "timestamp": "2025-11-11T10:03:29.296Z",
  "method": "GET",
  "url": "/api/finance/projects?search=10&status=all&year=2025",
  "statusCode": 200,
  "responseTime": "251ms",
  "userId": "690c4c43be8f36eb0f3c17b9"
}
[2025-11-11T10:03:29.312Z] [INFO] {
  "timestamp": "2025-11-11T10:03:29.312Z",
  "method": "GET",
  "url": "/api/finance/projects?search=1&status=all&year=2025",
  "ip": "::1",
  "userId": "anonymous",
  "userAgent": "Mozilla/5.0 (Windows NT 10.0; Win64; x64) AppleWebKit/537.36 (KHTML, like Gecko) Chrome/142.0.0.0 Safari/537.36"
}
[2025-11-11T10:03:29.431Z] [INFO] {
  "timestamp": "2025-11-11T10:03:29.429Z",
  "method": "GET",
  "url": "/api/finance/stats?year=2025",
  "statusCode": 200,
  "responseTime": "404ms",
  "userId": "690c4c43be8f36eb0f3c17b9"
}
[2025-11-11T10:03:29.456Z] [INFO] {
  "timestamp": "2025-11-11T10:03:29.456Z",
  "method": "GET",
  "url": "/api/clients",
  "statusCode": 200,
  "responseTime": "183ms",
  "userId": "690c4c43be8f36eb0f3c17b9"
}
[2025-11-11T10:03:29.471Z] [INFO] {
  "timestamp": "2025-11-11T10:03:29.471Z",
  "method": "GET",
  "url": "/api/finance/stats?year=2025",
  "ip": "::1",
  "userId": "anonymous",
  "userAgent": "Mozilla/5.0 (Windows NT 10.0; Win64; x64) AppleWebKit/537.36 (KHTML, like Gecko) Chrome/142.0.0.0 Safari/537.36"
}
[2025-11-11T10:03:29.491Z] [INFO] {
  "timestamp": "2025-11-11T10:03:29.491Z",
  "method": "GET",
  "url": "/api/finance/projects?search=&status=all&year=2025",
  "ip": "::1",
  "userId": "anonymous",
  "userAgent": "Mozilla/5.0 (Windows NT 10.0; Win64; x64) AppleWebKit/537.36 (KHTML, like Gecko) Chrome/142.0.0.0 Safari/537.36"
}
[2025-11-11T10:03:29.509Z] [INFO] {
  "timestamp": "2025-11-11T10:03:29.509Z",
  "method": "GET",
  "url": "/api/clients",
  "ip": "::1",
  "userId": "anonymous",
  "userAgent": "Mozilla/5.0 (Windows NT 10.0; Win64; x64) AppleWebKit/537.36 (KHTML, like Gecko) Chrome/142.0.0.0 Safari/537.36"
}
[2025-11-11T10:03:29.549Z] [INFO] {
  "timestamp": "2025-11-11T10:03:29.549Z",
  "method": "GET",
  "url": "/api/finance/projects?search=1&status=all&year=2025",
  "statusCode": 200,
  "responseTime": "237ms",
  "userId": "690c4c43be8f36eb0f3c17b9"
}
[2025-11-11T10:03:29.583Z] [INFO] {
  "timestamp": "2025-11-11T10:03:29.583Z",
  "method": "GET",
  "url": "/api/clients",
  "statusCode": 200,
  "responseTime": "74ms",
  "userId": "690c4c43be8f36eb0f3c17b9"
}
[2025-11-11T10:03:29.608Z] [INFO] {
  "timestamp": "2025-11-11T10:03:29.608Z",
  "method": "GET",
  "url": "/api/finance/projects?search=&status=all&year=2025",
  "statusCode": 200,
  "responseTime": "117ms",
  "userId": "690c4c43be8f36eb0f3c17b9"
}
[2025-11-11T10:03:29.636Z] [INFO] {
  "timestamp": "2025-11-11T10:03:29.636Z",
  "method": "GET",
  "url": "/api/finance/stats?year=2025",
  "statusCode": 200,
  "responseTime": "165ms",
  "userId": "690c4c43be8f36eb0f3c17b9"
}
[2025-11-11T10:03:29.657Z] [INFO] {
  "timestamp": "2025-11-11T10:03:29.657Z",
  "method": "GET",
  "url": "/api/finance/stats?year=2025",
  "ip": "::1",
  "userId": "anonymous",
  "userAgent": "Mozilla/5.0 (Windows NT 10.0; Win64; x64) AppleWebKit/537.36 (KHTML, like Gecko) Chrome/142.0.0.0 Safari/537.36"
}
[2025-11-11T10:03:29.697Z] [INFO] {
  "timestamp": "2025-11-11T10:03:29.696Z",
  "method": "GET",
  "url": "/api/finance/stats?year=2025",
  "statusCode": 200,
  "responseTime": "39ms",
  "userId": "690c4c43be8f36eb0f3c17b9"
}
[2025-11-11T10:04:03.903Z] [INFO] {
  "timestamp": "2025-11-11T10:04:03.903Z",
  "method": "GET",
  "url": "/api/clients",
  "ip": "::1",
  "userId": "anonymous",
  "userAgent": "Mozilla/5.0 (Windows NT 10.0; Win64; x64) AppleWebKit/537.36 (KHTML, like Gecko) Chrome/142.0.0.0 Safari/537.36"
}
[2025-11-11T10:04:03.918Z] [INFO] {
  "timestamp": "2025-11-11T10:04:03.918Z",
  "method": "GET",
  "url": "/api/clients",
  "statusCode": 200,
  "responseTime": "15ms",
  "userId": "690c4c43be8f36eb0f3c17b9"
}
[2025-11-11T10:04:03.927Z] [INFO] {
  "timestamp": "2025-11-11T10:04:03.927Z",
  "method": "GET",
  "url": "/api/clients",
  "ip": "::1",
  "userId": "anonymous",
  "userAgent": "Mozilla/5.0 (Windows NT 10.0; Win64; x64) AppleWebKit/537.36 (KHTML, like Gecko) Chrome/142.0.0.0 Safari/537.36"
}
[2025-11-11T10:04:03.945Z] [INFO] {
  "timestamp": "2025-11-11T10:04:03.945Z",
  "method": "GET",
  "url": "/api/clients",
  "statusCode": 200,
  "responseTime": "18ms",
  "userId": "690c4c43be8f36eb0f3c17b9"
}
[2025-11-11T10:04:04.219Z] [INFO] {
  "timestamp": "2025-11-11T10:04:04.219Z",
  "method": "GET",
  "url": "/favicon.ico",
  "ip": "127.0.0.1",
  "userId": "anonymous",
  "userAgent": "Mozilla/5.0 (Windows NT 10.0; Win64; x64) AppleWebKit/537.36 (KHTML, like Gecko) Chrome/142.0.0.0 Safari/537.36"
}
[2025-11-11T10:04:04.220Z] [INFO] {
  "timestamp": "2025-11-11T10:04:04.220Z",
  "method": "GET",
  "url": "/favicon.ico",
  "statusCode": 200,
  "responseTime": "1ms",
  "userId": "anonymous"
}
[2025-11-11T10:04:04.989Z] [INFO] {
  "timestamp": "2025-11-11T10:04:04.989Z",
  "method": "GET",
  "url": "/api/clients",
  "ip": "::1",
  "userId": "anonymous",
  "userAgent": "Mozilla/5.0 (Windows NT 10.0; Win64; x64) AppleWebKit/537.36 (KHTML, like Gecko) Chrome/142.0.0.0 Safari/537.36"
}
[2025-11-11T10:04:04.999Z] [INFO] {
  "timestamp": "2025-11-11T10:04:04.999Z",
  "method": "GET",
  "url": "/favicon.ico",
  "ip": "127.0.0.1",
  "userId": "anonymous",
  "userAgent": "Mozilla/5.0 (Windows NT 10.0; Win64; x64) AppleWebKit/537.36 (KHTML, like Gecko) Chrome/142.0.0.0 Safari/537.36"
}
[2025-11-11T10:04:05.006Z] [INFO] {
  "timestamp": "2025-11-11T10:04:05.006Z",
  "method": "GET",
  "url": "/favicon.ico",
  "statusCode": 200,
  "responseTime": "7ms",
  "userId": "anonymous"
}
[2025-11-11T10:04:05.026Z] [INFO] {
  "timestamp": "2025-11-11T10:04:05.026Z",
  "method": "GET",
  "url": "/api/clients",
  "statusCode": 200,
  "responseTime": "37ms",
  "userId": "690c4c43be8f36eb0f3c17b9"
}
[2025-11-11T10:04:05.033Z] [INFO] {
  "timestamp": "2025-11-11T10:04:05.032Z",
  "method": "GET",
  "url": "/api/clients",
  "ip": "::1",
  "userId": "anonymous",
  "userAgent": "Mozilla/5.0 (Windows NT 10.0; Win64; x64) AppleWebKit/537.36 (KHTML, like Gecko) Chrome/142.0.0.0 Safari/537.36"
}
[2025-11-11T10:04:05.040Z] [INFO] {
  "timestamp": "2025-11-11T10:04:05.040Z",
  "method": "GET",
  "url": "/api/clients",
  "statusCode": 200,
  "responseTime": "8ms",
  "userId": "690c4c43be8f36eb0f3c17b9"
}
[2025-11-11T10:04:07.154Z] [INFO] {
  "timestamp": "2025-11-11T10:04:07.154Z",
  "method": "GET",
  "url": "/api/clients",
  "ip": "::1",
  "userId": "anonymous",
  "userAgent": "Mozilla/5.0 (Windows NT 10.0; Win64; x64) AppleWebKit/537.36 (KHTML, like Gecko) Chrome/142.0.0.0 Safari/537.36"
}
[2025-11-11T10:04:07.164Z] [INFO] {
  "timestamp": "2025-11-11T10:04:07.164Z",
  "method": "GET",
  "url": "/api/finance/projects?search=&status=all&year=2025",
  "ip": "::1",
  "userId": "anonymous",
  "userAgent": "Mozilla/5.0 (Windows NT 10.0; Win64; x64) AppleWebKit/537.36 (KHTML, like Gecko) Chrome/142.0.0.0 Safari/537.36"
}
[2025-11-11T10:04:07.168Z] [INFO] {
  "timestamp": "2025-11-11T10:04:07.168Z",
  "method": "GET",
  "url": "/api/finance/stats?year=2025",
  "ip": "::1",
  "userId": "anonymous",
  "userAgent": "Mozilla/5.0 (Windows NT 10.0; Win64; x64) AppleWebKit/537.36 (KHTML, like Gecko) Chrome/142.0.0.0 Safari/537.36"
}
[2025-11-11T10:04:07.172Z] [INFO] {
  "timestamp": "2025-11-11T10:04:07.172Z",
  "method": "GET",
  "url": "/api/clients",
  "statusCode": 200,
  "responseTime": "18ms",
  "userId": "690c4c43be8f36eb0f3c17b9"
}
[2025-11-11T10:04:07.181Z] [INFO] {
  "timestamp": "2025-11-11T10:04:07.180Z",
  "method": "GET",
  "url": "/api/clients",
  "ip": "::1",
  "userId": "anonymous",
  "userAgent": "Mozilla/5.0 (Windows NT 10.0; Win64; x64) AppleWebKit/537.36 (KHTML, like Gecko) Chrome/142.0.0.0 Safari/537.36"
}
[2025-11-11T10:04:07.203Z] [INFO] {
  "timestamp": "2025-11-11T10:04:07.203Z",
  "method": "GET",
  "url": "/api/clients",
  "statusCode": 200,
  "responseTime": "23ms",
  "userId": "690c4c43be8f36eb0f3c17b9"
}
[2025-11-11T10:04:07.205Z] [INFO] {
  "timestamp": "2025-11-11T10:04:07.205Z",
  "method": "GET",
  "url": "/api/finance/projects?search=&status=all&year=2025",
  "statusCode": 200,
  "responseTime": "41ms",
  "userId": "690c4c43be8f36eb0f3c17b9"
}
[2025-11-11T10:04:07.217Z] [INFO] {
  "timestamp": "2025-11-11T10:04:07.217Z",
  "method": "GET",
  "url": "/api/finance/projects?search=&status=all&year=2025",
  "ip": "::1",
  "userId": "anonymous",
  "userAgent": "Mozilla/5.0 (Windows NT 10.0; Win64; x64) AppleWebKit/537.36 (KHTML, like Gecko) Chrome/142.0.0.0 Safari/537.36"
}
[2025-11-11T10:04:07.224Z] [INFO] {
  "timestamp": "2025-11-11T10:04:07.224Z",
  "method": "GET",
  "url": "/api/finance/stats?year=2025",
  "statusCode": 200,
  "responseTime": "56ms",
  "userId": "690c4c43be8f36eb0f3c17b9"
}
[2025-11-11T10:04:07.235Z] [INFO] {
  "timestamp": "2025-11-11T10:04:07.235Z",
  "method": "GET",
  "url": "/api/finance/stats?year=2025",
  "ip": "::1",
  "userId": "anonymous",
  "userAgent": "Mozilla/5.0 (Windows NT 10.0; Win64; x64) AppleWebKit/537.36 (KHTML, like Gecko) Chrome/142.0.0.0 Safari/537.36"
}
[2025-11-11T10:04:07.253Z] [INFO] {
  "timestamp": "2025-11-11T10:04:07.253Z",
  "method": "GET",
  "url": "/api/finance/projects?search=&status=all&year=2025",
  "statusCode": 200,
  "responseTime": "36ms",
  "userId": "690c4c43be8f36eb0f3c17b9"
}
[2025-11-11T10:04:07.274Z] [INFO] {
  "timestamp": "2025-11-11T10:04:07.274Z",
  "method": "GET",
  "url": "/api/finance/stats?year=2025",
  "statusCode": 200,
  "responseTime": "39ms",
  "userId": "690c4c43be8f36eb0f3c17b9"
}
[2025-11-11T10:04:07.479Z] [INFO] {
  "timestamp": "2025-11-11T10:04:07.479Z",
  "method": "GET",
  "url": "/favicon.ico",
  "ip": "127.0.0.1",
  "userId": "anonymous",
  "userAgent": "Mozilla/5.0 (Windows NT 10.0; Win64; x64) AppleWebKit/537.36 (KHTML, like Gecko) Chrome/142.0.0.0 Safari/537.36"
}
[2025-11-11T10:04:07.480Z] [INFO] {
  "timestamp": "2025-11-11T10:04:07.480Z",
  "method": "GET",
  "url": "/favicon.ico",
  "statusCode": 200,
  "responseTime": "1ms",
  "userId": "anonymous"
}
[2025-11-11T10:04:14.073Z] [INFO] {
  "timestamp": "2025-11-11T10:04:14.073Z",
  "method": "GET",
  "url": "/favicon.ico",
  "ip": "127.0.0.1",
  "userId": "anonymous",
  "userAgent": "Mozilla/5.0 (Windows NT 10.0; Win64; x64) AppleWebKit/537.36 (KHTML, like Gecko) Chrome/142.0.0.0 Safari/537.36"
}
[2025-11-11T10:04:14.085Z] [INFO] {
  "timestamp": "2025-11-11T10:04:14.085Z",
  "method": "GET",
  "url": "/favicon.ico",
  "statusCode": 200,
  "responseTime": "12ms",
  "userId": "anonymous"
}
[2025-11-11T10:04:14.095Z] [INFO] {
  "timestamp": "2025-11-11T10:04:14.095Z",
  "method": "GET",
  "url": "/api/clients",
  "ip": "::1",
  "userId": "anonymous",
  "userAgent": "Mozilla/5.0 (Windows NT 10.0; Win64; x64) AppleWebKit/537.36 (KHTML, like Gecko) Chrome/142.0.0.0 Safari/537.36"
}
[2025-11-11T10:04:14.112Z] [INFO] {
  "timestamp": "2025-11-11T10:04:14.112Z",
  "method": "GET",
  "url": "/api/clients",
  "statusCode": 200,
  "responseTime": "17ms",
  "userId": "690c4c43be8f36eb0f3c17b9"
}
[2025-11-11T10:04:14.118Z] [INFO] {
  "timestamp": "2025-11-11T10:04:14.118Z",
  "method": "GET",
  "url": "/api/clients",
  "ip": "::1",
  "userId": "anonymous",
  "userAgent": "Mozilla/5.0 (Windows NT 10.0; Win64; x64) AppleWebKit/537.36 (KHTML, like Gecko) Chrome/142.0.0.0 Safari/537.36"
}
[2025-11-11T10:04:14.133Z] [INFO] {
  "timestamp": "2025-11-11T10:04:14.133Z",
  "method": "GET",
  "url": "/api/clients",
  "statusCode": 200,
  "responseTime": "15ms",
  "userId": "690c4c43be8f36eb0f3c17b9"
}
[2025-11-11T10:04:15.323Z] [INFO] {
  "timestamp": "2025-11-11T10:04:15.323Z",
  "method": "GET",
  "url": "/api/finance/clients/691304ec4021687c5ca1a688/projects",
  "ip": "::1",
  "userId": "anonymous",
  "userAgent": "Mozilla/5.0 (Windows NT 10.0; Win64; x64) AppleWebKit/537.36 (KHTML, like Gecko) Chrome/142.0.0.0 Safari/537.36"
}
[2025-11-11T10:04:15.338Z] [INFO] {
  "timestamp": "2025-11-11T10:04:15.338Z",
  "method": "GET",
  "url": "/api/finance/clients/691304ec4021687c5ca1a688/projects",
  "statusCode": 200,
  "responseTime": "15ms",
  "userId": "690c4c43be8f36eb0f3c17b9"
}
[2025-11-11T10:04:15.343Z] [INFO] {
  "timestamp": "2025-11-11T10:04:15.342Z",
  "method": "GET",
  "url": "/api/finance/clients/691304ec4021687c5ca1a688/projects",
  "ip": "::1",
  "userId": "anonymous",
  "userAgent": "Mozilla/5.0 (Windows NT 10.0; Win64; x64) AppleWebKit/537.36 (KHTML, like Gecko) Chrome/142.0.0.0 Safari/537.36"
}
[2025-11-11T10:04:15.363Z] [INFO] {
  "timestamp": "2025-11-11T10:04:15.363Z",
  "method": "GET",
  "url": "/api/finance/clients/691304ec4021687c5ca1a688/projects",
  "statusCode": 200,
  "responseTime": "21ms",
  "userId": "690c4c43be8f36eb0f3c17b9"
}
[2025-11-11T10:04:15.634Z] [INFO] {
  "timestamp": "2025-11-11T10:04:15.634Z",
  "method": "GET",
  "url": "/favicon.ico",
  "ip": "127.0.0.1",
  "userId": "anonymous",
  "userAgent": "Mozilla/5.0 (Windows NT 10.0; Win64; x64) AppleWebKit/537.36 (KHTML, like Gecko) Chrome/142.0.0.0 Safari/537.36"
}
[2025-11-11T10:04:15.635Z] [INFO] {
  "timestamp": "2025-11-11T10:04:15.635Z",
  "method": "GET",
  "url": "/favicon.ico",
  "statusCode": 200,
  "responseTime": "1ms",
  "userId": "anonymous"
}
[2025-11-11T10:04:56.767Z] [INFO] {
  "timestamp": "2025-11-11T10:04:56.767Z",
  "method": "GET",
  "url": "/api/clients",
  "ip": "::1",
  "userId": "anonymous",
  "userAgent": "Mozilla/5.0 (Windows NT 10.0; Win64; x64) AppleWebKit/537.36 (KHTML, like Gecko) Chrome/142.0.0.0 Safari/537.36"
}
[2025-11-11T10:04:56.778Z] [INFO] {
  "timestamp": "2025-11-11T10:04:56.778Z",
  "method": "GET",
  "url": "/favicon.ico",
  "ip": "127.0.0.1",
  "userId": "anonymous",
  "userAgent": "Mozilla/5.0 (Windows NT 10.0; Win64; x64) AppleWebKit/537.36 (KHTML, like Gecko) Chrome/142.0.0.0 Safari/537.36"
}
[2025-11-11T10:04:56.783Z] [INFO] {
  "timestamp": "2025-11-11T10:04:56.783Z",
  "method": "GET",
  "url": "/favicon.ico",
  "statusCode": 200,
  "responseTime": "5ms",
  "userId": "anonymous"
}
[2025-11-11T10:04:56.796Z] [INFO] {
  "timestamp": "2025-11-11T10:04:56.796Z",
  "method": "GET",
  "url": "/api/clients",
  "statusCode": 200,
  "responseTime": "29ms",
  "userId": "690c4c43be8f36eb0f3c17b9"
}
[2025-11-11T10:04:56.808Z] [INFO] {
  "timestamp": "2025-11-11T10:04:56.808Z",
  "method": "GET",
  "url": "/api/clients",
  "ip": "::1",
  "userId": "anonymous",
  "userAgent": "Mozilla/5.0 (Windows NT 10.0; Win64; x64) AppleWebKit/537.36 (KHTML, like Gecko) Chrome/142.0.0.0 Safari/537.36"
}
[2025-11-11T10:04:56.818Z] [INFO] {
  "timestamp": "2025-11-11T10:04:56.818Z",
  "method": "GET",
  "url": "/api/clients",
  "statusCode": 200,
  "responseTime": "10ms",
  "userId": "690c4c43be8f36eb0f3c17b9"
}
[2025-11-11T10:04:58.584Z] [INFO] {
  "timestamp": "2025-11-11T10:04:58.584Z",
  "method": "GET",
  "url": "/api/finance/clients/6912bc9418e070671809ddc8/projects",
  "ip": "::1",
  "userId": "anonymous",
  "userAgent": "Mozilla/5.0 (Windows NT 10.0; Win64; x64) AppleWebKit/537.36 (KHTML, like Gecko) Chrome/142.0.0.0 Safari/537.36"
}
[2025-11-11T10:04:58.597Z] [INFO] {
  "timestamp": "2025-11-11T10:04:58.597Z",
  "method": "GET",
  "url": "/api/finance/clients/6912bc9418e070671809ddc8/projects",
  "statusCode": 200,
  "responseTime": "13ms",
  "userId": "690c4c43be8f36eb0f3c17b9"
}
[2025-11-11T10:04:58.600Z] [INFO] {
  "timestamp": "2025-11-11T10:04:58.600Z",
  "method": "GET",
  "url": "/api/finance/clients/6912bc9418e070671809ddc8/projects",
  "ip": "::1",
  "userId": "anonymous",
  "userAgent": "Mozilla/5.0 (Windows NT 10.0; Win64; x64) AppleWebKit/537.36 (KHTML, like Gecko) Chrome/142.0.0.0 Safari/537.36"
}
[2025-11-11T10:04:58.615Z] [INFO] {
  "timestamp": "2025-11-11T10:04:58.615Z",
  "method": "GET",
  "url": "/api/finance/clients/6912bc9418e070671809ddc8/projects",
  "statusCode": 200,
  "responseTime": "15ms",
  "userId": "690c4c43be8f36eb0f3c17b9"
}
[2025-11-11T10:04:58.900Z] [INFO] {
  "timestamp": "2025-11-11T10:04:58.900Z",
  "method": "GET",
  "url": "/favicon.ico",
  "ip": "127.0.0.1",
  "userId": "anonymous",
  "userAgent": "Mozilla/5.0 (Windows NT 10.0; Win64; x64) AppleWebKit/537.36 (KHTML, like Gecko) Chrome/142.0.0.0 Safari/537.36"
}
[2025-11-11T10:04:58.902Z] [INFO] {
  "timestamp": "2025-11-11T10:04:58.902Z",
  "method": "GET",
  "url": "/favicon.ico",
  "statusCode": 200,
  "responseTime": "2ms",
  "userId": "anonymous"
}
[2025-11-11T10:05:01.886Z] [INFO] {
  "timestamp": "2025-11-11T10:05:01.886Z",
  "method": "GET",
  "url": "/api/clients",
  "ip": "::1",
  "userId": "anonymous",
  "userAgent": "Mozilla/5.0 (Windows NT 10.0; Win64; x64) AppleWebKit/537.36 (KHTML, like Gecko) Chrome/142.0.0.0 Safari/537.36"
}
[2025-11-11T10:05:01.898Z] [INFO] {
  "timestamp": "2025-11-11T10:05:01.898Z",
  "method": "GET",
  "url": "/favicon.ico",
  "ip": "127.0.0.1",
  "userId": "anonymous",
  "userAgent": "Mozilla/5.0 (Windows NT 10.0; Win64; x64) AppleWebKit/537.36 (KHTML, like Gecko) Chrome/142.0.0.0 Safari/537.36"
}
[2025-11-11T10:05:01.904Z] [INFO] {
  "timestamp": "2025-11-11T10:05:01.904Z",
  "method": "GET",
  "url": "/favicon.ico",
  "statusCode": 200,
  "responseTime": "6ms",
  "userId": "anonymous"
}
[2025-11-11T10:05:01.918Z] [INFO] {
  "timestamp": "2025-11-11T10:05:01.918Z",
  "method": "GET",
  "url": "/api/clients",
  "statusCode": 200,
  "responseTime": "32ms",
  "userId": "690c4c43be8f36eb0f3c17b9"
}
[2025-11-11T10:05:01.932Z] [INFO] {
  "timestamp": "2025-11-11T10:05:01.932Z",
  "method": "GET",
  "url": "/api/clients",
  "ip": "::1",
  "userId": "anonymous",
  "userAgent": "Mozilla/5.0 (Windows NT 10.0; Win64; x64) AppleWebKit/537.36 (KHTML, like Gecko) Chrome/142.0.0.0 Safari/537.36"
}
[2025-11-11T10:05:01.948Z] [INFO] {
  "timestamp": "2025-11-11T10:05:01.948Z",
  "method": "GET",
  "url": "/api/clients",
  "statusCode": 200,
  "responseTime": "16ms",
  "userId": "690c4c43be8f36eb0f3c17b9"
}
[2025-11-11T10:06:07.234Z] [INFO] {
  "timestamp": "2025-11-11T10:06:07.234Z",
  "method": "GET",
  "url": "/api/finance/clients/691304ec4021687c5ca1a688/projects",
  "ip": "::1",
  "userId": "anonymous",
  "userAgent": "Mozilla/5.0 (Windows NT 10.0; Win64; x64) AppleWebKit/537.36 (KHTML, like Gecko) Chrome/142.0.0.0 Safari/537.36"
}
[2025-11-11T10:06:07.243Z] [INFO] {
  "timestamp": "2025-11-11T10:06:07.243Z",
  "method": "GET",
  "url": "/favicon.ico",
  "ip": "127.0.0.1",
  "userId": "anonymous",
  "userAgent": "Mozilla/5.0 (Windows NT 10.0; Win64; x64) AppleWebKit/537.36 (KHTML, like Gecko) Chrome/142.0.0.0 Safari/537.36"
}
[2025-11-11T10:06:07.244Z] [INFO] {
  "timestamp": "2025-11-11T10:06:07.244Z",
  "method": "GET",
  "url": "/favicon.ico",
  "statusCode": 200,
  "responseTime": "1ms",
  "userId": "anonymous"
}
[2025-11-11T10:06:07.256Z] [INFO] {
  "timestamp": "2025-11-11T10:06:07.256Z",
  "method": "GET",
  "url": "/api/finance/clients/691304ec4021687c5ca1a688/projects",
  "statusCode": 200,
  "responseTime": "22ms",
  "userId": "690c4c43be8f36eb0f3c17b9"
}
[2025-11-11T10:06:07.269Z] [INFO] {
  "timestamp": "2025-11-11T10:06:07.269Z",
  "method": "GET",
  "url": "/api/finance/clients/691304ec4021687c5ca1a688/projects",
  "ip": "::1",
  "userId": "anonymous",
  "userAgent": "Mozilla/5.0 (Windows NT 10.0; Win64; x64) AppleWebKit/537.36 (KHTML, like Gecko) Chrome/142.0.0.0 Safari/537.36"
}
[2025-11-11T10:06:07.284Z] [INFO] {
  "timestamp": "2025-11-11T10:06:07.284Z",
  "method": "GET",
  "url": "/api/finance/clients/691304ec4021687c5ca1a688/projects",
  "statusCode": 200,
  "responseTime": "15ms",
  "userId": "690c4c43be8f36eb0f3c17b9"
}
[2025-11-11T10:06:22.609Z] [INFO] {
  "timestamp": "2025-11-11T10:06:22.609Z",
  "method": "GET",
  "url": "/api/clients",
  "ip": "::1",
  "userId": "anonymous",
  "userAgent": "Mozilla/5.0 (Windows NT 10.0; Win64; x64) AppleWebKit/537.36 (KHTML, like Gecko) Chrome/142.0.0.0 Safari/537.36"
}
[2025-11-11T10:06:22.613Z] [INFO] {
  "timestamp": "2025-11-11T10:06:22.613Z",
  "method": "GET",
  "url": "/api/finance/projects?search=&status=all&year=2025",
  "ip": "::1",
  "userId": "anonymous",
  "userAgent": "Mozilla/5.0 (Windows NT 10.0; Win64; x64) AppleWebKit/537.36 (KHTML, like Gecko) Chrome/142.0.0.0 Safari/537.36"
}
[2025-11-11T10:06:22.617Z] [INFO] {
  "timestamp": "2025-11-11T10:06:22.617Z",
  "method": "GET",
  "url": "/api/finance/stats?year=2025",
  "ip": "::1",
  "userId": "anonymous",
  "userAgent": "Mozilla/5.0 (Windows NT 10.0; Win64; x64) AppleWebKit/537.36 (KHTML, like Gecko) Chrome/142.0.0.0 Safari/537.36"
}
[2025-11-11T10:06:22.631Z] [INFO] {
  "timestamp": "2025-11-11T10:06:22.631Z",
  "method": "GET",
  "url": "/api/clients",
  "statusCode": 200,
  "responseTime": "22ms",
  "userId": "690c4c43be8f36eb0f3c17b9"
}
[2025-11-11T10:06:22.638Z] [INFO] {
  "timestamp": "2025-11-11T10:06:22.638Z",
  "method": "GET",
  "url": "/api/clients",
  "ip": "::1",
  "userId": "anonymous",
  "userAgent": "Mozilla/5.0 (Windows NT 10.0; Win64; x64) AppleWebKit/537.36 (KHTML, like Gecko) Chrome/142.0.0.0 Safari/537.36"
}
[2025-11-11T10:06:22.654Z] [INFO] {
  "timestamp": "2025-11-11T10:06:22.654Z",
  "method": "GET",
  "url": "/api/finance/projects?search=&status=all&year=2025",
  "statusCode": 200,
  "responseTime": "41ms",
  "userId": "690c4c43be8f36eb0f3c17b9"
}
[2025-11-11T10:06:22.659Z] [INFO] {
  "timestamp": "2025-11-11T10:06:22.659Z",
  "method": "GET",
  "url": "/api/clients",
  "statusCode": 200,
  "responseTime": "21ms",
  "userId": "690c4c43be8f36eb0f3c17b9"
}
[2025-11-11T10:06:22.669Z] [INFO] {
  "timestamp": "2025-11-11T10:06:22.669Z",
  "method": "GET",
  "url": "/api/finance/projects?search=&status=all&year=2025",
  "ip": "::1",
  "userId": "anonymous",
  "userAgent": "Mozilla/5.0 (Windows NT 10.0; Win64; x64) AppleWebKit/537.36 (KHTML, like Gecko) Chrome/142.0.0.0 Safari/537.36"
}
[2025-11-11T10:06:22.682Z] [INFO] {
  "timestamp": "2025-11-11T10:06:22.682Z",
  "method": "GET",
  "url": "/api/finance/stats?year=2025",
  "statusCode": 200,
  "responseTime": "65ms",
  "userId": "690c4c43be8f36eb0f3c17b9"
}
[2025-11-11T10:06:22.687Z] [INFO] {
  "timestamp": "2025-11-11T10:06:22.687Z",
  "method": "GET",
  "url": "/api/finance/stats?year=2025",
  "ip": "::1",
  "userId": "anonymous",
  "userAgent": "Mozilla/5.0 (Windows NT 10.0; Win64; x64) AppleWebKit/537.36 (KHTML, like Gecko) Chrome/142.0.0.0 Safari/537.36"
}
[2025-11-11T10:06:22.707Z] [INFO] {
  "timestamp": "2025-11-11T10:06:22.707Z",
  "method": "GET",
  "url": "/api/finance/projects?search=&status=all&year=2025",
  "statusCode": 200,
  "responseTime": "38ms",
  "userId": "690c4c43be8f36eb0f3c17b9"
}
[2025-11-11T10:06:22.727Z] [INFO] {
  "timestamp": "2025-11-11T10:06:22.727Z",
  "method": "GET",
  "url": "/api/finance/stats?year=2025",
  "statusCode": 200,
  "responseTime": "40ms",
  "userId": "690c4c43be8f36eb0f3c17b9"
}
[2025-11-11T10:06:22.937Z] [INFO] {
  "timestamp": "2025-11-11T10:06:22.937Z",
  "method": "GET",
  "url": "/favicon.ico",
  "ip": "127.0.0.1",
  "userId": "anonymous",
  "userAgent": "Mozilla/5.0 (Windows NT 10.0; Win64; x64) AppleWebKit/537.36 (KHTML, like Gecko) Chrome/142.0.0.0 Safari/537.36"
}
[2025-11-11T10:06:22.939Z] [INFO] {
  "timestamp": "2025-11-11T10:06:22.939Z",
  "method": "GET",
  "url": "/favicon.ico",
  "statusCode": 200,
  "responseTime": "2ms",
  "userId": "anonymous"
}
[2025-11-11T10:06:47.133Z] [INFO] {
  "timestamp": "2025-11-11T10:06:47.133Z",
  "method": "GET",
  "url": "/api/clients",
  "ip": "::1",
  "userId": "anonymous",
  "userAgent": "Mozilla/5.0 (Windows NT 10.0; Win64; x64) AppleWebKit/537.36 (KHTML, like Gecko) Chrome/142.0.0.0 Safari/537.36"
}
[2025-11-11T10:06:47.142Z] [INFO] {
  "timestamp": "2025-11-11T10:06:47.142Z",
  "method": "GET",
  "url": "/favicon.ico",
  "ip": "127.0.0.1",
  "userId": "anonymous",
  "userAgent": "Mozilla/5.0 (Windows NT 10.0; Win64; x64) AppleWebKit/537.36 (KHTML, like Gecko) Chrome/142.0.0.0 Safari/537.36"
}
[2025-11-11T10:06:47.148Z] [INFO] {
  "timestamp": "2025-11-11T10:06:47.148Z",
  "method": "GET",
  "url": "/favicon.ico",
  "statusCode": 200,
  "responseTime": "6ms",
  "userId": "anonymous"
}
[2025-11-11T10:06:47.160Z] [INFO] {
  "timestamp": "2025-11-11T10:06:47.160Z",
  "method": "GET",
  "url": "/api/clients",
  "statusCode": 200,
  "responseTime": "27ms",
  "userId": "690c4c43be8f36eb0f3c17b9"
}
[2025-11-11T10:06:47.173Z] [INFO] {
  "timestamp": "2025-11-11T10:06:47.172Z",
  "method": "GET",
  "url": "/api/clients",
  "ip": "::1",
  "userId": "anonymous",
  "userAgent": "Mozilla/5.0 (Windows NT 10.0; Win64; x64) AppleWebKit/537.36 (KHTML, like Gecko) Chrome/142.0.0.0 Safari/537.36"
}
[2025-11-11T10:06:47.184Z] [INFO] {
  "timestamp": "2025-11-11T10:06:47.184Z",
  "method": "GET",
  "url": "/api/clients",
  "statusCode": 200,
  "responseTime": "12ms",
  "userId": "690c4c43be8f36eb0f3c17b9"
}
[2025-11-11T10:06:51.105Z] [INFO] {
  "timestamp": "2025-11-11T10:06:51.105Z",
  "method": "GET",
  "url": "/api/finance/clients/691304ec4021687c5ca1a688/projects",
  "ip": "::1",
  "userId": "anonymous",
  "userAgent": "Mozilla/5.0 (Windows NT 10.0; Win64; x64) AppleWebKit/537.36 (KHTML, like Gecko) Chrome/142.0.0.0 Safari/537.36"
}
[2025-11-11T10:06:51.123Z] [INFO] {
  "timestamp": "2025-11-11T10:06:51.123Z",
  "method": "GET",
  "url": "/api/finance/clients/691304ec4021687c5ca1a688/projects",
  "statusCode": 200,
  "responseTime": "18ms",
  "userId": "690c4c43be8f36eb0f3c17b9"
}
[2025-11-11T10:06:51.131Z] [INFO] {
  "timestamp": "2025-11-11T10:06:51.131Z",
  "method": "GET",
  "url": "/api/finance/clients/691304ec4021687c5ca1a688/projects",
  "ip": "::1",
  "userId": "anonymous",
  "userAgent": "Mozilla/5.0 (Windows NT 10.0; Win64; x64) AppleWebKit/537.36 (KHTML, like Gecko) Chrome/142.0.0.0 Safari/537.36"
}
[2025-11-11T10:06:51.150Z] [INFO] {
  "timestamp": "2025-11-11T10:06:51.150Z",
  "method": "GET",
  "url": "/api/finance/clients/691304ec4021687c5ca1a688/projects",
  "statusCode": 200,
  "responseTime": "19ms",
  "userId": "690c4c43be8f36eb0f3c17b9"
}
[2025-11-11T10:06:51.425Z] [INFO] {
  "timestamp": "2025-11-11T10:06:51.425Z",
  "method": "GET",
  "url": "/favicon.ico",
  "ip": "127.0.0.1",
  "userId": "anonymous",
  "userAgent": "Mozilla/5.0 (Windows NT 10.0; Win64; x64) AppleWebKit/537.36 (KHTML, like Gecko) Chrome/142.0.0.0 Safari/537.36"
}
[2025-11-11T10:06:51.427Z] [INFO] {
  "timestamp": "2025-11-11T10:06:51.427Z",
  "method": "GET",
  "url": "/favicon.ico",
  "statusCode": 200,
  "responseTime": "2ms",
  "userId": "anonymous"
}
[2025-11-11T10:08:50.054Z] [INFO] {
  "timestamp": "2025-11-11T10:08:50.054Z",
  "method": "GET",
  "url": "/api/finance/clients/691304ec4021687c5ca1a688/projects",
  "ip": "::1",
  "userId": "anonymous",
  "userAgent": "Mozilla/5.0 (Windows NT 10.0; Win64; x64) AppleWebKit/537.36 (KHTML, like Gecko) Chrome/142.0.0.0 Safari/537.36"
}
[2025-11-11T10:08:50.088Z] [INFO] {
  "timestamp": "2025-11-11T10:08:50.088Z",
  "method": "GET",
  "url": "/api/finance/clients/691304ec4021687c5ca1a688/projects",
  "statusCode": 200,
  "responseTime": "34ms",
  "userId": "690c4c43be8f36eb0f3c17b9"
}
[2025-11-11T10:10:09.878Z] [INFO] {
  "timestamp": "2025-11-11T10:10:09.878Z",
  "method": "GET",
  "url": "/api/clients",
  "ip": "::1",
  "userId": "anonymous",
  "userAgent": "Mozilla/5.0 (Windows NT 10.0; Win64; x64) AppleWebKit/537.36 (KHTML, like Gecko) Chrome/142.0.0.0 Safari/537.36"
}
[2025-11-11T10:10:09.887Z] [INFO] {
  "timestamp": "2025-11-11T10:10:09.887Z",
  "method": "GET",
  "url": "/favicon.ico",
  "ip": "127.0.0.1",
  "userId": "anonymous",
  "userAgent": "Mozilla/5.0 (Windows NT 10.0; Win64; x64) AppleWebKit/537.36 (KHTML, like Gecko) Chrome/142.0.0.0 Safari/537.36"
}
[2025-11-11T10:10:09.894Z] [INFO] {
  "timestamp": "2025-11-11T10:10:09.894Z",
  "method": "GET",
  "url": "/favicon.ico",
  "statusCode": 200,
  "responseTime": "7ms",
  "userId": "anonymous"
}
[2025-11-11T10:10:09.905Z] [INFO] {
  "timestamp": "2025-11-11T10:10:09.905Z",
  "method": "GET",
  "url": "/api/clients",
  "statusCode": 200,
  "responseTime": "27ms",
  "userId": "690c4c43be8f36eb0f3c17b9"
}
[2025-11-11T10:10:09.915Z] [INFO] {
  "timestamp": "2025-11-11T10:10:09.915Z",
  "method": "GET",
  "url": "/api/clients",
  "ip": "::1",
  "userId": "anonymous",
  "userAgent": "Mozilla/5.0 (Windows NT 10.0; Win64; x64) AppleWebKit/537.36 (KHTML, like Gecko) Chrome/142.0.0.0 Safari/537.36"
}
[2025-11-11T10:10:09.922Z] [INFO] {
  "timestamp": "2025-11-11T10:10:09.922Z",
  "method": "GET",
  "url": "/api/clients",
  "statusCode": 200,
  "responseTime": "7ms",
  "userId": "690c4c43be8f36eb0f3c17b9"
}
[2025-11-11T10:11:09.089Z] [INFO] {
  "timestamp": "2025-11-11T10:11:09.089Z",
  "method": "GET",
  "url": "/api/clients",
  "ip": "::1",
  "userId": "anonymous",
  "userAgent": "Mozilla/5.0 (Windows NT 10.0; Win64; x64) AppleWebKit/537.36 (KHTML, like Gecko) Chrome/142.0.0.0 Safari/537.36"
}
[2025-11-11T10:11:09.093Z] [INFO] {
  "timestamp": "2025-11-11T10:11:09.093Z",
  "method": "GET",
  "url": "/api/finance/projects?search=&status=all&year=2025",
  "ip": "::1",
  "userId": "anonymous",
  "userAgent": "Mozilla/5.0 (Windows NT 10.0; Win64; x64) AppleWebKit/537.36 (KHTML, like Gecko) Chrome/142.0.0.0 Safari/537.36"
}
[2025-11-11T10:11:09.096Z] [INFO] {
  "timestamp": "2025-11-11T10:11:09.096Z",
  "method": "GET",
  "url": "/api/finance/stats?year=2025",
  "ip": "::1",
  "userId": "anonymous",
  "userAgent": "Mozilla/5.0 (Windows NT 10.0; Win64; x64) AppleWebKit/537.36 (KHTML, like Gecko) Chrome/142.0.0.0 Safari/537.36"
}
[2025-11-11T10:11:09.111Z] [INFO] {
  "timestamp": "2025-11-11T10:11:09.111Z",
  "method": "GET",
  "url": "/api/clients",
  "statusCode": 200,
  "responseTime": "22ms",
  "userId": "690c4c43be8f36eb0f3c17b9"
}
[2025-11-11T10:11:09.122Z] [INFO] {
  "timestamp": "2025-11-11T10:11:09.122Z",
  "method": "GET",
  "url": "/api/clients",
  "ip": "::1",
  "userId": "anonymous",
  "userAgent": "Mozilla/5.0 (Windows NT 10.0; Win64; x64) AppleWebKit/537.36 (KHTML, like Gecko) Chrome/142.0.0.0 Safari/537.36"
}
[2025-11-11T10:11:09.142Z] [INFO] {
  "timestamp": "2025-11-11T10:11:09.142Z",
  "method": "GET",
  "url": "/api/finance/projects?search=&status=all&year=2025",
  "statusCode": 200,
  "responseTime": "49ms",
  "userId": "690c4c43be8f36eb0f3c17b9"
}
[2025-11-11T10:11:09.146Z] [INFO] {
  "timestamp": "2025-11-11T10:11:09.146Z",
  "method": "GET",
  "url": "/api/clients",
  "statusCode": 200,
  "responseTime": "24ms",
  "userId": "690c4c43be8f36eb0f3c17b9"
}
[2025-11-11T10:11:09.160Z] [INFO] {
  "timestamp": "2025-11-11T10:11:09.160Z",
  "method": "GET",
  "url": "/api/finance/projects?search=&status=all&year=2025",
  "ip": "::1",
  "userId": "anonymous",
  "userAgent": "Mozilla/5.0 (Windows NT 10.0; Win64; x64) AppleWebKit/537.36 (KHTML, like Gecko) Chrome/142.0.0.0 Safari/537.36"
}
[2025-11-11T10:11:09.170Z] [INFO] {
  "timestamp": "2025-11-11T10:11:09.170Z",
  "method": "GET",
  "url": "/api/finance/stats?year=2025",
  "statusCode": 200,
  "responseTime": "74ms",
  "userId": "690c4c43be8f36eb0f3c17b9"
}
[2025-11-11T10:11:09.177Z] [INFO] {
  "timestamp": "2025-11-11T10:11:09.177Z",
  "method": "GET",
  "url": "/api/finance/stats?year=2025",
  "ip": "::1",
  "userId": "anonymous",
  "userAgent": "Mozilla/5.0 (Windows NT 10.0; Win64; x64) AppleWebKit/537.36 (KHTML, like Gecko) Chrome/142.0.0.0 Safari/537.36"
}
[2025-11-11T10:11:09.195Z] [INFO] {
  "timestamp": "2025-11-11T10:11:09.195Z",
  "method": "GET",
  "url": "/api/finance/projects?search=&status=all&year=2025",
  "statusCode": 200,
  "responseTime": "35ms",
  "userId": "690c4c43be8f36eb0f3c17b9"
}
[2025-11-11T10:11:09.212Z] [INFO] {
  "timestamp": "2025-11-11T10:11:09.212Z",
  "method": "GET",
  "url": "/api/finance/stats?year=2025",
  "statusCode": 200,
  "responseTime": "35ms",
  "userId": "690c4c43be8f36eb0f3c17b9"
}
[2025-11-11T10:11:09.407Z] [INFO] {
  "timestamp": "2025-11-11T10:11:09.407Z",
  "method": "GET",
  "url": "/favicon.ico",
  "ip": "127.0.0.1",
  "userId": "anonymous",
  "userAgent": "Mozilla/5.0 (Windows NT 10.0; Win64; x64) AppleWebKit/537.36 (KHTML, like Gecko) Chrome/142.0.0.0 Safari/537.36"
}
[2025-11-11T10:11:09.409Z] [INFO] {
  "timestamp": "2025-11-11T10:11:09.409Z",
  "method": "GET",
  "url": "/favicon.ico",
  "statusCode": 200,
  "responseTime": "2ms",
  "userId": "anonymous"
}
[2025-11-11T10:13:36.502Z] [INFO] {
  "timestamp": "2025-11-11T10:13:36.502Z",
  "method": "GET",
  "url": "/favicon.ico",
  "ip": "127.0.0.1",
  "userId": "anonymous",
  "userAgent": "Mozilla/5.0 (Windows NT 10.0; Win64; x64) AppleWebKit/537.36 (KHTML, like Gecko) Chrome/142.0.0.0 Safari/537.36"
}
[2025-11-11T10:13:36.503Z] [INFO] {
  "timestamp": "2025-11-11T10:13:36.503Z",
  "method": "GET",
  "url": "/favicon.ico",
  "statusCode": 200,
  "responseTime": "1ms",
  "userId": "anonymous"
}
[2025-11-11T10:13:36.515Z] [INFO] {
  "timestamp": "2025-11-11T10:13:36.515Z",
  "method": "GET",
  "url": "/api/auth/me",
  "ip": "::1",
  "userId": "anonymous",
  "userAgent": "Mozilla/5.0 (Windows NT 10.0; Win64; x64) AppleWebKit/537.36 (KHTML, like Gecko) Chrome/142.0.0.0 Safari/537.36"
}
[2025-11-11T10:13:36.548Z] [INFO] {
  "timestamp": "2025-11-11T10:13:36.547Z",
  "method": "GET",
  "url": "/api/auth/me",
  "statusCode": 200,
  "responseTime": "32ms",
  "userId": "690c4c43be8f36eb0f3c17b9"
}
[2025-11-11T10:13:36.558Z] [INFO] {
  "timestamp": "2025-11-11T10:13:36.558Z",
  "method": "GET",
  "url": "/api/auth/me",
  "ip": "::1",
  "userId": "anonymous",
  "userAgent": "Mozilla/5.0 (Windows NT 10.0; Win64; x64) AppleWebKit/537.36 (KHTML, like Gecko) Chrome/142.0.0.0 Safari/537.36"
}
[2025-11-11T10:13:36.573Z] [INFO] {
  "timestamp": "2025-11-11T10:13:36.573Z",
  "method": "GET",
  "url": "/api/auth/me",
  "statusCode": 200,
  "responseTime": "15ms",
  "userId": "690c4c43be8f36eb0f3c17b9"
}
[2025-11-11T10:13:36.591Z] [INFO] {
  "timestamp": "2025-11-11T10:13:36.591Z",
  "method": "GET",
  "url": "/api/clients",
  "ip": "::1",
  "userId": "anonymous",
  "userAgent": "Mozilla/5.0 (Windows NT 10.0; Win64; x64) AppleWebKit/537.36 (KHTML, like Gecko) Chrome/142.0.0.0 Safari/537.36"
}
[2025-11-11T10:13:36.620Z] [INFO] {
  "timestamp": "2025-11-11T10:13:36.620Z",
  "method": "GET",
  "url": "/api/finance/projects?search=&status=all&year=2025",
  "ip": "::1",
  "userId": "anonymous",
  "userAgent": "Mozilla/5.0 (Windows NT 10.0; Win64; x64) AppleWebKit/537.36 (KHTML, like Gecko) Chrome/142.0.0.0 Safari/537.36"
}
[2025-11-11T10:13:36.642Z] [INFO] {
  "timestamp": "2025-11-11T10:13:36.642Z",
  "method": "GET",
  "url": "/api/finance/stats?year=2025",
  "ip": "::1",
  "userId": "anonymous",
  "userAgent": "Mozilla/5.0 (Windows NT 10.0; Win64; x64) AppleWebKit/537.36 (KHTML, like Gecko) Chrome/142.0.0.0 Safari/537.36"
}
[2025-11-11T10:13:36.658Z] [INFO] {
  "timestamp": "2025-11-11T10:13:36.658Z",
  "method": "GET",
  "url": "/api/clients",
  "statusCode": 200,
  "responseTime": "67ms",
  "userId": "690c4c43be8f36eb0f3c17b9"
}
[2025-11-11T10:13:36.688Z] [INFO] {
  "timestamp": "2025-11-11T10:13:36.688Z",
  "method": "GET",
  "url": "/api/clients",
  "ip": "::1",
  "userId": "anonymous",
  "userAgent": "Mozilla/5.0 (Windows NT 10.0; Win64; x64) AppleWebKit/537.36 (KHTML, like Gecko) Chrome/142.0.0.0 Safari/537.36"
}
[2025-11-11T10:13:36.707Z] [INFO] {
  "timestamp": "2025-11-11T10:13:36.707Z",
  "method": "GET",
  "url": "/api/clients",
  "statusCode": 200,
  "responseTime": "19ms",
  "userId": "690c4c43be8f36eb0f3c17b9"
}
[2025-11-11T10:13:36.711Z] [INFO] {
  "timestamp": "2025-11-11T10:13:36.711Z",
  "method": "GET",
  "url": "/api/finance/projects?search=&status=all&year=2025",
  "statusCode": 200,
  "responseTime": "91ms",
  "userId": "690c4c43be8f36eb0f3c17b9"
}
[2025-11-11T10:13:36.723Z] [INFO] {
  "timestamp": "2025-11-11T10:13:36.723Z",
  "method": "GET",
  "url": "/api/finance/projects?search=&status=all&year=2025",
  "ip": "::1",
  "userId": "anonymous",
  "userAgent": "Mozilla/5.0 (Windows NT 10.0; Win64; x64) AppleWebKit/537.36 (KHTML, like Gecko) Chrome/142.0.0.0 Safari/537.36"
}
[2025-11-11T10:13:36.740Z] [INFO] {
  "timestamp": "2025-11-11T10:13:36.740Z",
  "method": "GET",
  "url": "/api/finance/stats?year=2025",
  "statusCode": 200,
  "responseTime": "98ms",
  "userId": "690c4c43be8f36eb0f3c17b9"
}
[2025-11-11T10:13:36.755Z] [INFO] {
  "timestamp": "2025-11-11T10:13:36.755Z",
  "method": "GET",
  "url": "/api/finance/stats?year=2025",
  "ip": "::1",
  "userId": "anonymous",
  "userAgent": "Mozilla/5.0 (Windows NT 10.0; Win64; x64) AppleWebKit/537.36 (KHTML, like Gecko) Chrome/142.0.0.0 Safari/537.36"
}
[2025-11-11T10:13:36.768Z] [INFO] {
  "timestamp": "2025-11-11T10:13:36.768Z",
  "method": "GET",
  "url": "/api/finance/projects?search=&status=all&year=2025",
  "statusCode": 200,
  "responseTime": "45ms",
  "userId": "690c4c43be8f36eb0f3c17b9"
}
[2025-11-11T10:13:36.796Z] [INFO] {
  "timestamp": "2025-11-11T10:13:36.796Z",
  "method": "GET",
  "url": "/api/finance/stats?year=2025",
  "statusCode": 200,
  "responseTime": "41ms",
  "userId": "690c4c43be8f36eb0f3c17b9"
}
[2025-11-11T10:15:02.116Z] [INFO] {
  "timestamp": "2025-11-11T10:15:02.116Z",
  "method": "GET",
  "url": "/api/clients",
  "ip": "::1",
  "userId": "anonymous",
  "userAgent": "Mozilla/5.0 (Windows NT 10.0; Win64; x64) AppleWebKit/537.36 (KHTML, like Gecko) Chrome/142.0.0.0 Safari/537.36"
}
[2025-11-11T10:15:02.125Z] [INFO] {
  "timestamp": "2025-11-11T10:15:02.125Z",
  "method": "GET",
  "url": "/api/clients",
  "statusCode": 200,
  "responseTime": "9ms",
  "userId": "690c4c43be8f36eb0f3c17b9"
}
[2025-11-11T10:15:02.129Z] [INFO] {
  "timestamp": "2025-11-11T10:15:02.129Z",
  "method": "GET",
  "url": "/api/clients",
  "ip": "::1",
  "userId": "anonymous",
  "userAgent": "Mozilla/5.0 (Windows NT 10.0; Win64; x64) AppleWebKit/537.36 (KHTML, like Gecko) Chrome/142.0.0.0 Safari/537.36"
}
[2025-11-11T10:15:02.139Z] [INFO] {
  "timestamp": "2025-11-11T10:15:02.139Z",
  "method": "GET",
  "url": "/api/clients",
  "statusCode": 200,
  "responseTime": "10ms",
  "userId": "690c4c43be8f36eb0f3c17b9"
}
[2025-11-11T10:15:03.211Z] [INFO] {
  "timestamp": "2025-11-11T10:15:03.211Z",
  "method": "GET",
  "url": "/favicon.ico",
  "ip": "127.0.0.1",
  "userId": "anonymous",
  "userAgent": "Mozilla/5.0 (Windows NT 10.0; Win64; x64) AppleWebKit/537.36 (KHTML, like Gecko) Chrome/142.0.0.0 Safari/537.36"
}
[2025-11-11T10:15:03.212Z] [INFO] {
  "timestamp": "2025-11-11T10:15:03.212Z",
  "method": "GET",
  "url": "/favicon.ico",
  "statusCode": 200,
  "responseTime": "1ms",
  "userId": "anonymous"
}
[2025-11-11T10:15:03.291Z] [INFO] {
  "timestamp": "2025-11-11T10:15:03.290Z",
  "method": "GET",
  "url": "/api/finance/clients/691304ec4021687c5ca1a688/projects",
  "ip": "::1",
  "userId": "anonymous",
  "userAgent": "Mozilla/5.0 (Windows NT 10.0; Win64; x64) AppleWebKit/537.36 (KHTML, like Gecko) Chrome/142.0.0.0 Safari/537.36"
}
[2025-11-11T10:15:03.297Z] [INFO] {
  "timestamp": "2025-11-11T10:15:03.297Z",
  "method": "GET",
  "url": "/favicon.ico",
  "ip": "127.0.0.1",
  "userId": "anonymous",
  "userAgent": "Mozilla/5.0 (Windows NT 10.0; Win64; x64) AppleWebKit/537.36 (KHTML, like Gecko) Chrome/142.0.0.0 Safari/537.36"
}
[2025-11-11T10:15:03.298Z] [INFO] {
  "timestamp": "2025-11-11T10:15:03.298Z",
  "method": "GET",
  "url": "/favicon.ico",
  "statusCode": 200,
  "responseTime": "1ms",
  "userId": "anonymous"
}
[2025-11-11T10:15:03.319Z] [INFO] {
  "timestamp": "2025-11-11T10:15:03.319Z",
  "method": "GET",
  "url": "/api/finance/clients/691304ec4021687c5ca1a688/projects",
  "statusCode": 200,
  "responseTime": "29ms",
  "userId": "690c4c43be8f36eb0f3c17b9"
}
[2025-11-11T10:15:03.323Z] [INFO] {
  "timestamp": "2025-11-11T10:15:03.323Z",
  "method": "GET",
  "url": "/api/finance/clients/691304ec4021687c5ca1a688/projects",
  "ip": "::1",
  "userId": "anonymous",
  "userAgent": "Mozilla/5.0 (Windows NT 10.0; Win64; x64) AppleWebKit/537.36 (KHTML, like Gecko) Chrome/142.0.0.0 Safari/537.36"
}
[2025-11-11T10:15:03.343Z] [INFO] {
  "timestamp": "2025-11-11T10:15:03.343Z",
  "method": "GET",
  "url": "/api/finance/clients/691304ec4021687c5ca1a688/projects",
  "statusCode": 200,
  "responseTime": "20ms",
  "userId": "690c4c43be8f36eb0f3c17b9"
}
[2025-11-11T10:16:29.444Z] [INFO] {
  "timestamp": "2025-11-11T10:16:29.444Z",
  "method": "GET",
  "url": "/api/finance/clients/691304ec4021687c5ca1a688/projects",
  "ip": "::1",
  "userId": "anonymous",
  "userAgent": "Mozilla/5.0 (Windows NT 10.0; Win64; x64) AppleWebKit/537.36 (KHTML, like Gecko) Chrome/142.0.0.0 Safari/537.36"
}
[2025-11-11T10:16:29.461Z] [INFO] {
  "timestamp": "2025-11-11T10:16:29.461Z",
  "method": "GET",
  "url": "/api/finance/clients/691304ec4021687c5ca1a688/projects",
  "statusCode": 200,
  "responseTime": "17ms",
  "userId": "690c4c43be8f36eb0f3c17b9"
}
[2025-11-11T10:16:40.435Z] [INFO] {
  "timestamp": "2025-11-11T10:16:40.435Z",
  "method": "GET",
  "url": "/favicon.ico",
  "ip": "127.0.0.1",
  "userId": "anonymous",
  "userAgent": "Mozilla/5.0 (Windows NT 10.0; Win64; x64) AppleWebKit/537.36 (KHTML, like Gecko) Chrome/142.0.0.0 Safari/537.36"
}
[2025-11-11T10:16:40.436Z] [INFO] {
  "timestamp": "2025-11-11T10:16:40.436Z",
  "method": "GET",
  "url": "/favicon.ico",
  "statusCode": 200,
  "responseTime": "1ms",
  "userId": "anonymous"
}
[2025-11-11T10:16:40.447Z] [INFO] {
  "timestamp": "2025-11-11T10:16:40.447Z",
  "method": "GET",
  "url": "/api/clients",
  "ip": "::1",
  "userId": "anonymous",
  "userAgent": "Mozilla/5.0 (Windows NT 10.0; Win64; x64) AppleWebKit/537.36 (KHTML, like Gecko) Chrome/142.0.0.0 Safari/537.36"
}
[2025-11-11T10:16:40.455Z] [INFO] {
  "timestamp": "2025-11-11T10:16:40.455Z",
  "method": "GET",
  "url": "/api/finance/projects?search=&status=all&year=2025",
  "ip": "::1",
  "userId": "anonymous",
  "userAgent": "Mozilla/5.0 (Windows NT 10.0; Win64; x64) AppleWebKit/537.36 (KHTML, like Gecko) Chrome/142.0.0.0 Safari/537.36"
}
[2025-11-11T10:16:40.463Z] [INFO] {
  "timestamp": "2025-11-11T10:16:40.463Z",
  "method": "GET",
  "url": "/api/finance/stats?year=2025",
  "ip": "::1",
  "userId": "anonymous",
  "userAgent": "Mozilla/5.0 (Windows NT 10.0; Win64; x64) AppleWebKit/537.36 (KHTML, like Gecko) Chrome/142.0.0.0 Safari/537.36"
}
[2025-11-11T10:16:40.478Z] [INFO] {
  "timestamp": "2025-11-11T10:16:40.478Z",
  "method": "GET",
  "url": "/api/clients",
  "statusCode": 200,
  "responseTime": "31ms",
  "userId": "690c4c43be8f36eb0f3c17b9"
}
[2025-11-11T10:16:40.490Z] [INFO] {
  "timestamp": "2025-11-11T10:16:40.490Z",
  "method": "GET",
  "url": "/api/clients",
  "ip": "::1",
  "userId": "anonymous",
  "userAgent": "Mozilla/5.0 (Windows NT 10.0; Win64; x64) AppleWebKit/537.36 (KHTML, like Gecko) Chrome/142.0.0.0 Safari/537.36"
}
[2025-11-11T10:16:40.496Z] [INFO] {
  "timestamp": "2025-11-11T10:16:40.496Z",
  "method": "GET",
  "url": "/api/finance/projects?search=&status=all&year=2025",
  "statusCode": 200,
  "responseTime": "41ms",
  "userId": "690c4c43be8f36eb0f3c17b9"
}
[2025-11-11T10:16:40.505Z] [INFO] {
  "timestamp": "2025-11-11T10:16:40.505Z",
  "method": "GET",
  "url": "/api/clients",
  "statusCode": 200,
  "responseTime": "15ms",
  "userId": "690c4c43be8f36eb0f3c17b9"
}
[2025-11-11T10:16:40.510Z] [INFO] {
  "timestamp": "2025-11-11T10:16:40.510Z",
  "method": "GET",
  "url": "/api/finance/projects?search=&status=all&year=2025",
  "ip": "::1",
  "userId": "anonymous",
  "userAgent": "Mozilla/5.0 (Windows NT 10.0; Win64; x64) AppleWebKit/537.36 (KHTML, like Gecko) Chrome/142.0.0.0 Safari/537.36"
}
[2025-11-11T10:16:40.523Z] [INFO] {
  "timestamp": "2025-11-11T10:16:40.523Z",
  "method": "GET",
  "url": "/api/finance/stats?year=2025",
  "statusCode": 200,
  "responseTime": "60ms",
  "userId": "690c4c43be8f36eb0f3c17b9"
}
[2025-11-11T10:16:40.529Z] [INFO] {
  "timestamp": "2025-11-11T10:16:40.529Z",
  "method": "GET",
  "url": "/api/finance/stats?year=2025",
  "ip": "::1",
  "userId": "anonymous",
  "userAgent": "Mozilla/5.0 (Windows NT 10.0; Win64; x64) AppleWebKit/537.36 (KHTML, like Gecko) Chrome/142.0.0.0 Safari/537.36"
}
[2025-11-11T10:16:40.540Z] [INFO] {
  "timestamp": "2025-11-11T10:16:40.540Z",
  "method": "GET",
  "url": "/api/finance/projects?search=&status=all&year=2025",
  "statusCode": 200,
  "responseTime": "30ms",
  "userId": "690c4c43be8f36eb0f3c17b9"
}
[2025-11-11T10:16:40.563Z] [INFO] {
  "timestamp": "2025-11-11T10:16:40.563Z",
  "method": "GET",
  "url": "/api/finance/stats?year=2025",
  "statusCode": 200,
  "responseTime": "34ms",
  "userId": "690c4c43be8f36eb0f3c17b9"
}
[2025-11-11T10:16:44.275Z] [INFO] {
  "timestamp": "2025-11-11T10:16:44.275Z",
  "method": "GET",
  "url": "/api/clients",
  "ip": "::1",
  "userId": "anonymous",
  "userAgent": "Mozilla/5.0 (Windows NT 10.0; Win64; x64) AppleWebKit/537.36 (KHTML, like Gecko) Chrome/142.0.0.0 Safari/537.36"
}
[2025-11-11T10:16:44.280Z] [INFO] {
  "timestamp": "2025-11-11T10:16:44.280Z",
  "method": "GET",
  "url": "/favicon.ico",
  "ip": "127.0.0.1",
  "userId": "anonymous",
  "userAgent": "Mozilla/5.0 (Windows NT 10.0; Win64; x64) AppleWebKit/537.36 (KHTML, like Gecko) Chrome/142.0.0.0 Safari/537.36"
}
[2025-11-11T10:16:44.281Z] [INFO] {
  "timestamp": "2025-11-11T10:16:44.281Z",
  "method": "GET",
  "url": "/favicon.ico",
  "statusCode": 200,
  "responseTime": "1ms",
  "userId": "anonymous"
}
[2025-11-11T10:16:44.285Z] [INFO] {
  "timestamp": "2025-11-11T10:16:44.285Z",
  "method": "GET",
  "url": "/api/clients",
  "statusCode": 200,
  "responseTime": "10ms",
  "userId": "690c4c43be8f36eb0f3c17b9"
}
[2025-11-11T10:16:44.291Z] [INFO] {
  "timestamp": "2025-11-11T10:16:44.291Z",
  "method": "GET",
  "url": "/api/clients",
  "ip": "::1",
  "userId": "anonymous",
  "userAgent": "Mozilla/5.0 (Windows NT 10.0; Win64; x64) AppleWebKit/537.36 (KHTML, like Gecko) Chrome/142.0.0.0 Safari/537.36"
}
[2025-11-11T10:16:44.299Z] [INFO] {
  "timestamp": "2025-11-11T10:16:44.299Z",
  "method": "GET",
  "url": "/api/clients",
  "statusCode": 200,
  "responseTime": "8ms",
  "userId": "690c4c43be8f36eb0f3c17b9"
}
[2025-11-11T10:16:45.450Z] [INFO] {
  "timestamp": "2025-11-11T10:16:45.450Z",
  "method": "GET",
  "url": "/api/finance/clients/691304ec4021687c5ca1a688/projects",
  "ip": "::1",
  "userId": "anonymous",
  "userAgent": "Mozilla/5.0 (Windows NT 10.0; Win64; x64) AppleWebKit/537.36 (KHTML, like Gecko) Chrome/142.0.0.0 Safari/537.36"
}
[2025-11-11T10:16:45.454Z] [INFO] {
  "timestamp": "2025-11-11T10:16:45.454Z",
  "method": "GET",
  "url": "/favicon.ico",
  "ip": "127.0.0.1",
  "userId": "anonymous",
  "userAgent": "Mozilla/5.0 (Windows NT 10.0; Win64; x64) AppleWebKit/537.36 (KHTML, like Gecko) Chrome/142.0.0.0 Safari/537.36"
}
[2025-11-11T10:16:45.455Z] [INFO] {
  "timestamp": "2025-11-11T10:16:45.455Z",
  "method": "GET",
  "url": "/favicon.ico",
  "statusCode": 200,
  "responseTime": "1ms",
  "userId": "anonymous"
}
[2025-11-11T10:16:45.467Z] [INFO] {
  "timestamp": "2025-11-11T10:16:45.467Z",
  "method": "GET",
  "url": "/api/finance/clients/691304ec4021687c5ca1a688/projects",
  "statusCode": 200,
  "responseTime": "17ms",
  "userId": "690c4c43be8f36eb0f3c17b9"
}
[2025-11-11T10:16:45.472Z] [INFO] {
  "timestamp": "2025-11-11T10:16:45.472Z",
  "method": "GET",
  "url": "/api/finance/clients/691304ec4021687c5ca1a688/projects",
  "ip": "::1",
  "userId": "anonymous",
  "userAgent": "Mozilla/5.0 (Windows NT 10.0; Win64; x64) AppleWebKit/537.36 (KHTML, like Gecko) Chrome/142.0.0.0 Safari/537.36"
}
[2025-11-11T10:16:45.496Z] [INFO] {
  "timestamp": "2025-11-11T10:16:45.496Z",
  "method": "GET",
  "url": "/api/finance/clients/691304ec4021687c5ca1a688/projects",
  "statusCode": 200,
  "responseTime": "24ms",
  "userId": "690c4c43be8f36eb0f3c17b9"
}
[2025-11-11T10:16:56.180Z] [INFO] {
  "timestamp": "2025-11-11T10:16:56.180Z",
  "method": "GET",
  "url": "/api/clients",
  "ip": "::1",
  "userId": "anonymous",
  "userAgent": "Mozilla/5.0 (Windows NT 10.0; Win64; x64) AppleWebKit/537.36 (KHTML, like Gecko) Chrome/142.0.0.0 Safari/537.36"
}
[2025-11-11T10:16:56.185Z] [INFO] {
  "timestamp": "2025-11-11T10:16:56.185Z",
  "method": "GET",
  "url": "/api/finance/projects?search=&status=all&year=2025",
  "ip": "::1",
  "userId": "anonymous",
  "userAgent": "Mozilla/5.0 (Windows NT 10.0; Win64; x64) AppleWebKit/537.36 (KHTML, like Gecko) Chrome/142.0.0.0 Safari/537.36"
}
[2025-11-11T10:16:56.192Z] [INFO] {
  "timestamp": "2025-11-11T10:16:56.192Z",
  "method": "GET",
  "url": "/api/finance/stats?year=2025",
  "ip": "::1",
  "userId": "anonymous",
  "userAgent": "Mozilla/5.0 (Windows NT 10.0; Win64; x64) AppleWebKit/537.36 (KHTML, like Gecko) Chrome/142.0.0.0 Safari/537.36"
}
[2025-11-11T10:16:56.201Z] [INFO] {
  "timestamp": "2025-11-11T10:16:56.200Z",
  "method": "GET",
  "url": "/favicon.ico",
  "ip": "127.0.0.1",
  "userId": "anonymous",
  "userAgent": "Mozilla/5.0 (Windows NT 10.0; Win64; x64) AppleWebKit/537.36 (KHTML, like Gecko) Chrome/142.0.0.0 Safari/537.36"
}
[2025-11-11T10:16:56.202Z] [INFO] {
  "timestamp": "2025-11-11T10:16:56.202Z",
  "method": "GET",
  "url": "/favicon.ico",
  "statusCode": 200,
  "responseTime": "2ms",
  "userId": "anonymous"
}
[2025-11-11T10:16:56.216Z] [INFO] {
  "timestamp": "2025-11-11T10:16:56.216Z",
  "method": "GET",
  "url": "/api/clients",
  "statusCode": 200,
  "responseTime": "36ms",
  "userId": "690c4c43be8f36eb0f3c17b9"
}
[2025-11-11T10:16:56.224Z] [INFO] {
  "timestamp": "2025-11-11T10:16:56.224Z",
  "method": "GET",
  "url": "/api/clients",
  "ip": "::1",
  "userId": "anonymous",
  "userAgent": "Mozilla/5.0 (Windows NT 10.0; Win64; x64) AppleWebKit/537.36 (KHTML, like Gecko) Chrome/142.0.0.0 Safari/537.36"
}
[2025-11-11T10:16:56.242Z] [INFO] {
  "timestamp": "2025-11-11T10:16:56.242Z",
  "method": "GET",
  "url": "/api/finance/projects?search=&status=all&year=2025",
  "statusCode": 200,
  "responseTime": "57ms",
  "userId": "690c4c43be8f36eb0f3c17b9"
}
[2025-11-11T10:16:56.245Z] [INFO] {
  "timestamp": "2025-11-11T10:16:56.245Z",
  "method": "GET",
  "url": "/api/clients",
  "statusCode": 200,
  "responseTime": "21ms",
  "userId": "690c4c43be8f36eb0f3c17b9"
}
[2025-11-11T10:16:56.256Z] [INFO] {
  "timestamp": "2025-11-11T10:16:56.256Z",
  "method": "GET",
  "url": "/api/finance/projects?search=&status=all&year=2025",
  "ip": "::1",
  "userId": "anonymous",
  "userAgent": "Mozilla/5.0 (Windows NT 10.0; Win64; x64) AppleWebKit/537.36 (KHTML, like Gecko) Chrome/142.0.0.0 Safari/537.36"
}
[2025-11-11T10:16:56.268Z] [INFO] {
  "timestamp": "2025-11-11T10:16:56.268Z",
  "method": "GET",
  "url": "/api/finance/stats?year=2025",
  "statusCode": 200,
  "responseTime": "76ms",
  "userId": "690c4c43be8f36eb0f3c17b9"
}
[2025-11-11T10:16:56.275Z] [INFO] {
  "timestamp": "2025-11-11T10:16:56.275Z",
  "method": "GET",
  "url": "/api/finance/stats?year=2025",
  "ip": "::1",
  "userId": "anonymous",
  "userAgent": "Mozilla/5.0 (Windows NT 10.0; Win64; x64) AppleWebKit/537.36 (KHTML, like Gecko) Chrome/142.0.0.0 Safari/537.36"
}
[2025-11-11T10:16:56.283Z] [INFO] {
  "timestamp": "2025-11-11T10:16:56.283Z",
  "method": "GET",
  "url": "/api/finance/projects?search=&status=all&year=2025",
  "statusCode": 200,
  "responseTime": "27ms",
  "userId": "690c4c43be8f36eb0f3c17b9"
}
[2025-11-11T10:16:56.307Z] [INFO] {
  "timestamp": "2025-11-11T10:16:56.307Z",
  "method": "GET",
  "url": "/api/finance/stats?year=2025",
  "statusCode": 200,
  "responseTime": "32ms",
  "userId": "690c4c43be8f36eb0f3c17b9"
}
[2025-11-11T10:17:00.537Z] [INFO] {
  "timestamp": "2025-11-11T10:17:00.537Z",
  "method": "GET",
  "url": "/api/clients",
  "ip": "::1",
  "userId": "anonymous",
  "userAgent": "Mozilla/5.0 (Windows NT 10.0; Win64; x64) AppleWebKit/537.36 (KHTML, like Gecko) Chrome/142.0.0.0 Safari/537.36"
}
[2025-11-11T10:17:00.543Z] [INFO] {
  "timestamp": "2025-11-11T10:17:00.543Z",
  "method": "GET",
  "url": "/favicon.ico",
  "ip": "127.0.0.1",
  "userId": "anonymous",
  "userAgent": "Mozilla/5.0 (Windows NT 10.0; Win64; x64) AppleWebKit/537.36 (KHTML, like Gecko) Chrome/142.0.0.0 Safari/537.36"
}
[2025-11-11T10:17:00.544Z] [INFO] {
  "timestamp": "2025-11-11T10:17:00.544Z",
  "method": "GET",
  "url": "/favicon.ico",
  "statusCode": 200,
  "responseTime": "1ms",
  "userId": "anonymous"
}
[2025-11-11T10:17:00.546Z] [INFO] {
  "timestamp": "2025-11-11T10:17:00.546Z",
  "method": "GET",
  "url": "/api/clients",
  "statusCode": 200,
  "responseTime": "9ms",
  "userId": "690c4c43be8f36eb0f3c17b9"
}
[2025-11-11T10:17:00.551Z] [INFO] {
  "timestamp": "2025-11-11T10:17:00.551Z",
  "method": "GET",
  "url": "/api/clients",
  "ip": "::1",
  "userId": "anonymous",
  "userAgent": "Mozilla/5.0 (Windows NT 10.0; Win64; x64) AppleWebKit/537.36 (KHTML, like Gecko) Chrome/142.0.0.0 Safari/537.36"
}
[2025-11-11T10:17:00.558Z] [INFO] {
  "timestamp": "2025-11-11T10:17:00.558Z",
  "method": "GET",
  "url": "/api/clients",
  "statusCode": 200,
  "responseTime": "7ms",
  "userId": "690c4c43be8f36eb0f3c17b9"
}
[2025-11-11T10:17:05.708Z] [INFO] {
  "timestamp": "2025-11-11T10:17:05.708Z",
  "method": "GET",
  "url": "/api/clients",
  "ip": "::1",
  "userId": "anonymous",
  "userAgent": "Mozilla/5.0 (Windows NT 10.0; Win64; x64) AppleWebKit/537.36 (KHTML, like Gecko) Chrome/142.0.0.0 Safari/537.36"
}
[2025-11-11T10:17:05.720Z] [INFO] {
  "timestamp": "2025-11-11T10:17:05.720Z",
  "method": "GET",
  "url": "/api/clients",
  "statusCode": 200,
  "responseTime": "12ms",
  "userId": "690c4c43be8f36eb0f3c17b9"
}
[2025-11-11T10:17:05.723Z] [INFO] {
  "timestamp": "2025-11-11T10:17:05.723Z",
  "method": "GET",
  "url": "/api/finance/projects?search=&status=all&year=2025",
  "ip": "::1",
  "userId": "anonymous",
  "userAgent": "Mozilla/5.0 (Windows NT 10.0; Win64; x64) AppleWebKit/537.36 (KHTML, like Gecko) Chrome/142.0.0.0 Safari/537.36"
}
[2025-11-11T10:17:05.726Z] [INFO] {
  "timestamp": "2025-11-11T10:17:05.726Z",
  "method": "GET",
  "url": "/api/finance/stats?year=2025",
  "ip": "::1",
  "userId": "anonymous",
  "userAgent": "Mozilla/5.0 (Windows NT 10.0; Win64; x64) AppleWebKit/537.36 (KHTML, like Gecko) Chrome/142.0.0.0 Safari/537.36"
}
[2025-11-11T10:17:05.728Z] [INFO] {
  "timestamp": "2025-11-11T10:17:05.728Z",
  "method": "GET",
  "url": "/api/clients",
  "ip": "::1",
  "userId": "anonymous",
  "userAgent": "Mozilla/5.0 (Windows NT 10.0; Win64; x64) AppleWebKit/537.36 (KHTML, like Gecko) Chrome/142.0.0.0 Safari/537.36"
}
[2025-11-11T10:17:05.743Z] [INFO] {
  "timestamp": "2025-11-11T10:17:05.743Z",
  "method": "GET",
  "url": "/api/clients",
  "statusCode": 200,
  "responseTime": "15ms",
  "userId": "690c4c43be8f36eb0f3c17b9"
}
[2025-11-11T10:17:05.758Z] [INFO] {
  "timestamp": "2025-11-11T10:17:05.758Z",
  "method": "GET",
  "url": "/api/finance/projects?search=&status=all&year=2025",
  "statusCode": 200,
  "responseTime": "35ms",
  "userId": "690c4c43be8f36eb0f3c17b9"
}
[2025-11-11T10:17:05.770Z] [INFO] {
  "timestamp": "2025-11-11T10:17:05.770Z",
  "method": "GET",
  "url": "/api/finance/projects?search=&status=all&year=2025",
  "ip": "::1",
  "userId": "anonymous",
  "userAgent": "Mozilla/5.0 (Windows NT 10.0; Win64; x64) AppleWebKit/537.36 (KHTML, like Gecko) Chrome/142.0.0.0 Safari/537.36"
}
[2025-11-11T10:17:05.776Z] [INFO] {
  "timestamp": "2025-11-11T10:17:05.776Z",
  "method": "GET",
  "url": "/api/finance/stats?year=2025",
  "statusCode": 200,
  "responseTime": "50ms",
  "userId": "690c4c43be8f36eb0f3c17b9"
}
[2025-11-11T10:17:05.783Z] [INFO] {
  "timestamp": "2025-11-11T10:17:05.783Z",
  "method": "GET",
  "url": "/api/finance/stats?year=2025",
  "ip": "::1",
  "userId": "anonymous",
  "userAgent": "Mozilla/5.0 (Windows NT 10.0; Win64; x64) AppleWebKit/537.36 (KHTML, like Gecko) Chrome/142.0.0.0 Safari/537.36"
}
[2025-11-11T10:17:05.792Z] [INFO] {
  "timestamp": "2025-11-11T10:17:05.792Z",
  "method": "GET",
  "url": "/api/finance/projects?search=&status=all&year=2025",
  "statusCode": 200,
  "responseTime": "22ms",
  "userId": "690c4c43be8f36eb0f3c17b9"
}
[2025-11-11T10:17:05.813Z] [INFO] {
  "timestamp": "2025-11-11T10:17:05.813Z",
  "method": "GET",
  "url": "/api/finance/stats?year=2025",
  "statusCode": 200,
  "responseTime": "30ms",
  "userId": "690c4c43be8f36eb0f3c17b9"
}
[2025-11-11T10:17:06.047Z] [INFO] {
  "timestamp": "2025-11-11T10:17:06.047Z",
  "method": "GET",
  "url": "/favicon.ico",
  "ip": "127.0.0.1",
  "userId": "anonymous",
  "userAgent": "Mozilla/5.0 (Windows NT 10.0; Win64; x64) AppleWebKit/537.36 (KHTML, like Gecko) Chrome/142.0.0.0 Safari/537.36"
}
[2025-11-11T10:17:06.049Z] [INFO] {
  "timestamp": "2025-11-11T10:17:06.049Z",
  "method": "GET",
  "url": "/favicon.ico",
  "statusCode": 200,
  "responseTime": "2ms",
  "userId": "anonymous"
}
[2025-11-11T10:17:08.438Z] [INFO] {
  "timestamp": "2025-11-11T10:17:08.437Z",
  "method": "GET",
  "url": "/api/clients",
  "ip": "::1",
  "userId": "anonymous",
  "userAgent": "Mozilla/5.0 (Windows NT 10.0; Win64; x64) AppleWebKit/537.36 (KHTML, like Gecko) Chrome/142.0.0.0 Safari/537.36"
}
[2025-11-11T10:17:08.447Z] [INFO] {
  "timestamp": "2025-11-11T10:17:08.447Z",
  "method": "GET",
  "url": "/favicon.ico",
  "ip": "127.0.0.1",
  "userId": "anonymous",
  "userAgent": "Mozilla/5.0 (Windows NT 10.0; Win64; x64) AppleWebKit/537.36 (KHTML, like Gecko) Chrome/142.0.0.0 Safari/537.36"
}
[2025-11-11T10:17:08.452Z] [INFO] {
  "timestamp": "2025-11-11T10:17:08.452Z",
  "method": "GET",
  "url": "/favicon.ico",
  "statusCode": 200,
  "responseTime": "5ms",
  "userId": "anonymous"
}
[2025-11-11T10:17:08.463Z] [INFO] {
  "timestamp": "2025-11-11T10:17:08.463Z",
  "method": "GET",
  "url": "/api/clients",
  "statusCode": 200,
  "responseTime": "26ms",
  "userId": "690c4c43be8f36eb0f3c17b9"
}
[2025-11-11T10:17:08.468Z] [INFO] {
  "timestamp": "2025-11-11T10:17:08.468Z",
  "method": "GET",
  "url": "/api/clients",
  "ip": "::1",
  "userId": "anonymous",
  "userAgent": "Mozilla/5.0 (Windows NT 10.0; Win64; x64) AppleWebKit/537.36 (KHTML, like Gecko) Chrome/142.0.0.0 Safari/537.36"
}
[2025-11-11T10:17:08.476Z] [INFO] {
  "timestamp": "2025-11-11T10:17:08.476Z",
  "method": "GET",
  "url": "/api/clients",
  "statusCode": 200,
  "responseTime": "8ms",
  "userId": "690c4c43be8f36eb0f3c17b9"
}
[2025-11-11T10:17:16.307Z] [INFO] {
  "timestamp": "2025-11-11T10:17:16.307Z",
  "method": "GET",
  "url": "/api/clients",
  "ip": "::1",
  "userId": "anonymous",
  "userAgent": "Mozilla/5.0 (Windows NT 10.0; Win64; x64) AppleWebKit/537.36 (KHTML, like Gecko) Chrome/142.0.0.0 Safari/537.36"
}
[2025-11-11T10:17:16.313Z] [INFO] {
  "timestamp": "2025-11-11T10:17:16.313Z",
  "method": "GET",
  "url": "/api/finance/projects?search=&status=all&year=2025",
  "ip": "::1",
  "userId": "anonymous",
  "userAgent": "Mozilla/5.0 (Windows NT 10.0; Win64; x64) AppleWebKit/537.36 (KHTML, like Gecko) Chrome/142.0.0.0 Safari/537.36"
}
[2025-11-11T10:17:16.320Z] [INFO] {
  "timestamp": "2025-11-11T10:17:16.320Z",
  "method": "GET",
  "url": "/api/finance/stats?year=2025",
  "ip": "::1",
  "userId": "anonymous",
  "userAgent": "Mozilla/5.0 (Windows NT 10.0; Win64; x64) AppleWebKit/537.36 (KHTML, like Gecko) Chrome/142.0.0.0 Safari/537.36"
}
[2025-11-11T10:17:16.326Z] [INFO] {
  "timestamp": "2025-11-11T10:17:16.326Z",
  "method": "GET",
  "url": "/favicon.ico",
  "ip": "127.0.0.1",
  "userId": "anonymous",
  "userAgent": "Mozilla/5.0 (Windows NT 10.0; Win64; x64) AppleWebKit/537.36 (KHTML, like Gecko) Chrome/142.0.0.0 Safari/537.36"
}
[2025-11-11T10:17:16.328Z] [INFO] {
  "timestamp": "2025-11-11T10:17:16.328Z",
  "method": "GET",
  "url": "/favicon.ico",
  "statusCode": 200,
  "responseTime": "2ms",
  "userId": "anonymous"
}
[2025-11-11T10:17:16.338Z] [INFO] {
  "timestamp": "2025-11-11T10:17:16.338Z",
  "method": "GET",
  "url": "/api/clients",
  "statusCode": 200,
  "responseTime": "31ms",
  "userId": "690c4c43be8f36eb0f3c17b9"
}
[2025-11-11T10:17:16.351Z] [INFO] {
  "timestamp": "2025-11-11T10:17:16.351Z",
  "method": "GET",
  "url": "/api/clients",
  "ip": "::1",
  "userId": "anonymous",
  "userAgent": "Mozilla/5.0 (Windows NT 10.0; Win64; x64) AppleWebKit/537.36 (KHTML, like Gecko) Chrome/142.0.0.0 Safari/537.36"
}
[2025-11-11T10:17:16.363Z] [INFO] {
  "timestamp": "2025-11-11T10:17:16.363Z",
  "method": "GET",
  "url": "/api/finance/projects?search=&status=all&year=2025",
  "statusCode": 200,
  "responseTime": "50ms",
  "userId": "690c4c43be8f36eb0f3c17b9"
}
[2025-11-11T10:17:16.366Z] [INFO] {
  "timestamp": "2025-11-11T10:17:16.366Z",
  "method": "GET",
  "url": "/api/clients",
  "statusCode": 200,
  "responseTime": "15ms",
  "userId": "690c4c43be8f36eb0f3c17b9"
}
[2025-11-11T10:17:16.375Z] [INFO] {
  "timestamp": "2025-11-11T10:17:16.375Z",
  "method": "GET",
  "url": "/api/finance/projects?search=&status=all&year=2025",
  "ip": "::1",
  "userId": "anonymous",
  "userAgent": "Mozilla/5.0 (Windows NT 10.0; Win64; x64) AppleWebKit/537.36 (KHTML, like Gecko) Chrome/142.0.0.0 Safari/537.36"
}
[2025-11-11T10:17:16.385Z] [INFO] {
  "timestamp": "2025-11-11T10:17:16.385Z",
  "method": "GET",
  "url": "/api/finance/stats?year=2025",
  "statusCode": 200,
  "responseTime": "65ms",
  "userId": "690c4c43be8f36eb0f3c17b9"
}
[2025-11-11T10:17:16.391Z] [INFO] {
  "timestamp": "2025-11-11T10:17:16.391Z",
  "method": "GET",
  "url": "/api/finance/stats?year=2025",
  "ip": "::1",
  "userId": "anonymous",
  "userAgent": "Mozilla/5.0 (Windows NT 10.0; Win64; x64) AppleWebKit/537.36 (KHTML, like Gecko) Chrome/142.0.0.0 Safari/537.36"
}
[2025-11-11T10:17:16.399Z] [INFO] {
  "timestamp": "2025-11-11T10:17:16.399Z",
  "method": "GET",
  "url": "/api/finance/projects?search=&status=all&year=2025",
  "statusCode": 200,
  "responseTime": "24ms",
  "userId": "690c4c43be8f36eb0f3c17b9"
}
[2025-11-11T10:17:16.419Z] [INFO] {
  "timestamp": "2025-11-11T10:17:16.419Z",
  "method": "GET",
  "url": "/api/finance/stats?year=2025",
  "statusCode": 200,
  "responseTime": "28ms",
  "userId": "690c4c43be8f36eb0f3c17b9"
}
[2025-11-11T10:17:20.085Z] [INFO] {
  "timestamp": "2025-11-11T10:17:20.085Z",
  "method": "GET",
  "url": "/api/clients",
  "ip": "::1",
  "userId": "anonymous",
  "userAgent": "Mozilla/5.0 (Windows NT 10.0; Win64; x64) AppleWebKit/537.36 (KHTML, like Gecko) Chrome/142.0.0.0 Safari/537.36"
}
[2025-11-11T10:17:20.098Z] [INFO] {
  "timestamp": "2025-11-11T10:17:20.098Z",
  "method": "GET",
  "url": "/api/clients",
  "statusCode": 200,
  "responseTime": "13ms",
  "userId": "690c4c43be8f36eb0f3c17b9"
}
[2025-11-11T10:17:20.100Z] [INFO] {
  "timestamp": "2025-11-11T10:17:20.100Z",
  "method": "GET",
  "url": "/favicon.ico",
  "ip": "127.0.0.1",
  "userId": "anonymous",
  "userAgent": "Mozilla/5.0 (Windows NT 10.0; Win64; x64) AppleWebKit/537.36 (KHTML, like Gecko) Chrome/142.0.0.0 Safari/537.36"
}
[2025-11-11T10:17:20.101Z] [INFO] {
  "timestamp": "2025-11-11T10:17:20.101Z",
  "method": "GET",
  "url": "/favicon.ico",
  "statusCode": 200,
  "responseTime": "1ms",
  "userId": "anonymous"
}
[2025-11-11T10:17:20.104Z] [INFO] {
  "timestamp": "2025-11-11T10:17:20.104Z",
  "method": "GET",
  "url": "/api/clients",
  "ip": "::1",
  "userId": "anonymous",
  "userAgent": "Mozilla/5.0 (Windows NT 10.0; Win64; x64) AppleWebKit/537.36 (KHTML, like Gecko) Chrome/142.0.0.0 Safari/537.36"
}
[2025-11-11T10:17:20.113Z] [INFO] {
  "timestamp": "2025-11-11T10:17:20.113Z",
  "method": "GET",
  "url": "/api/clients",
  "statusCode": 200,
  "responseTime": "9ms",
  "userId": "690c4c43be8f36eb0f3c17b9"
}
[2025-11-11T10:17:23.949Z] [INFO] {
  "timestamp": "2025-11-11T10:17:23.949Z",
  "method": "GET",
  "url": "/api/clients",
  "ip": "::1",
  "userId": "anonymous",
  "userAgent": "Mozilla/5.0 (Windows NT 10.0; Win64; x64) AppleWebKit/537.36 (KHTML, like Gecko) Chrome/142.0.0.0 Safari/537.36"
}
[2025-11-11T10:17:23.958Z] [INFO] {
  "timestamp": "2025-11-11T10:17:23.958Z",
  "method": "GET",
  "url": "/api/clients",
  "statusCode": 200,
  "responseTime": "9ms",
  "userId": "690c4c43be8f36eb0f3c17b9"
}
[2025-11-11T10:17:23.961Z] [INFO] {
  "timestamp": "2025-11-11T10:17:23.961Z",
  "method": "GET",
  "url": "/api/finance/projects?search=&status=all&year=2025",
  "ip": "::1",
  "userId": "anonymous",
  "userAgent": "Mozilla/5.0 (Windows NT 10.0; Win64; x64) AppleWebKit/537.36 (KHTML, like Gecko) Chrome/142.0.0.0 Safari/537.36"
}
[2025-11-11T10:17:23.965Z] [INFO] {
  "timestamp": "2025-11-11T10:17:23.965Z",
  "method": "GET",
  "url": "/api/finance/stats?year=2025",
  "ip": "::1",
  "userId": "anonymous",
  "userAgent": "Mozilla/5.0 (Windows NT 10.0; Win64; x64) AppleWebKit/537.36 (KHTML, like Gecko) Chrome/142.0.0.0 Safari/537.36"
}
[2025-11-11T10:17:23.968Z] [INFO] {
  "timestamp": "2025-11-11T10:17:23.968Z",
  "method": "GET",
  "url": "/api/clients",
  "ip": "::1",
  "userId": "anonymous",
  "userAgent": "Mozilla/5.0 (Windows NT 10.0; Win64; x64) AppleWebKit/537.36 (KHTML, like Gecko) Chrome/142.0.0.0 Safari/537.36"
}
[2025-11-11T10:17:23.989Z] [INFO] {
  "timestamp": "2025-11-11T10:17:23.989Z",
  "method": "GET",
  "url": "/api/clients",
  "statusCode": 200,
  "responseTime": "21ms",
  "userId": "690c4c43be8f36eb0f3c17b9"
}
[2025-11-11T10:17:23.998Z] [INFO] {
  "timestamp": "2025-11-11T10:17:23.998Z",
  "method": "GET",
  "url": "/api/finance/projects?search=&status=all&year=2025",
  "statusCode": 200,
  "responseTime": "37ms",
  "userId": "690c4c43be8f36eb0f3c17b9"
}
[2025-11-11T10:17:24.011Z] [INFO] {
  "timestamp": "2025-11-11T10:17:24.011Z",
  "method": "GET",
  "url": "/api/finance/projects?search=&status=all&year=2025",
  "ip": "::1",
  "userId": "anonymous",
  "userAgent": "Mozilla/5.0 (Windows NT 10.0; Win64; x64) AppleWebKit/537.36 (KHTML, like Gecko) Chrome/142.0.0.0 Safari/537.36"
}
[2025-11-11T10:17:24.028Z] [INFO] {
  "timestamp": "2025-11-11T10:17:24.028Z",
  "method": "GET",
  "url": "/api/finance/stats?year=2025",
  "statusCode": 200,
  "responseTime": "63ms",
  "userId": "690c4c43be8f36eb0f3c17b9"
}
[2025-11-11T10:17:24.033Z] [INFO] {
  "timestamp": "2025-11-11T10:17:24.033Z",
  "method": "GET",
  "url": "/api/finance/stats?year=2025",
  "ip": "::1",
  "userId": "anonymous",
  "userAgent": "Mozilla/5.0 (Windows NT 10.0; Win64; x64) AppleWebKit/537.36 (KHTML, like Gecko) Chrome/142.0.0.0 Safari/537.36"
}
[2025-11-11T10:17:24.045Z] [INFO] {
  "timestamp": "2025-11-11T10:17:24.045Z",
  "method": "GET",
  "url": "/api/finance/projects?search=&status=all&year=2025",
  "statusCode": 200,
  "responseTime": "34ms",
  "userId": "690c4c43be8f36eb0f3c17b9"
}
[2025-11-11T10:17:24.068Z] [INFO] {
  "timestamp": "2025-11-11T10:17:24.068Z",
  "method": "GET",
  "url": "/api/finance/stats?year=2025",
  "statusCode": 200,
  "responseTime": "35ms",
  "userId": "690c4c43be8f36eb0f3c17b9"
}
[2025-11-11T10:17:24.269Z] [INFO] {
  "timestamp": "2025-11-11T10:17:24.269Z",
  "method": "GET",
  "url": "/favicon.ico",
  "ip": "127.0.0.1",
  "userId": "anonymous",
  "userAgent": "Mozilla/5.0 (Windows NT 10.0; Win64; x64) AppleWebKit/537.36 (KHTML, like Gecko) Chrome/142.0.0.0 Safari/537.36"
}
[2025-11-11T10:17:24.270Z] [INFO] {
  "timestamp": "2025-11-11T10:17:24.270Z",
  "method": "GET",
  "url": "/favicon.ico",
  "statusCode": 200,
  "responseTime": "1ms",
  "userId": "anonymous"
}
[2025-11-11T10:17:28.737Z] [INFO] {
  "timestamp": "2025-11-11T10:17:28.737Z",
  "method": "GET",
  "url": "/api/clients",
  "ip": "::1",
  "userId": "anonymous",
  "userAgent": "Mozilla/5.0 (Windows NT 10.0; Win64; x64) AppleWebKit/537.36 (KHTML, like Gecko) Chrome/142.0.0.0 Safari/537.36"
}
[2025-11-11T10:17:28.750Z] [INFO] {
  "timestamp": "2025-11-11T10:17:28.750Z",
  "method": "GET",
  "url": "/favicon.ico",
  "ip": "127.0.0.1",
  "userId": "anonymous",
  "userAgent": "Mozilla/5.0 (Windows NT 10.0; Win64; x64) AppleWebKit/537.36 (KHTML, like Gecko) Chrome/142.0.0.0 Safari/537.36"
}
[2025-11-11T10:17:28.756Z] [INFO] {
  "timestamp": "2025-11-11T10:17:28.756Z",
  "method": "GET",
  "url": "/favicon.ico",
  "statusCode": 200,
  "responseTime": "6ms",
  "userId": "anonymous"
}
[2025-11-11T10:17:28.775Z] [INFO] {
  "timestamp": "2025-11-11T10:17:28.775Z",
  "method": "GET",
  "url": "/api/clients",
  "statusCode": 200,
  "responseTime": "38ms",
  "userId": "690c4c43be8f36eb0f3c17b9"
}
[2025-11-11T10:17:28.783Z] [INFO] {
  "timestamp": "2025-11-11T10:17:28.783Z",
  "method": "GET",
  "url": "/api/clients",
  "ip": "::1",
  "userId": "anonymous",
  "userAgent": "Mozilla/5.0 (Windows NT 10.0; Win64; x64) AppleWebKit/537.36 (KHTML, like Gecko) Chrome/142.0.0.0 Safari/537.36"
}
[2025-11-11T10:17:28.796Z] [INFO] {
  "timestamp": "2025-11-11T10:17:28.796Z",
  "method": "GET",
  "url": "/api/clients",
  "statusCode": 200,
  "responseTime": "13ms",
  "userId": "690c4c43be8f36eb0f3c17b9"
}
[2025-11-11T10:17:41.284Z] [INFO] {
  "timestamp": "2025-11-11T10:17:41.284Z",
  "method": "GET",
  "url": "/api/clients",
  "ip": "::1",
  "userId": "anonymous",
  "userAgent": "Mozilla/5.0 (Windows NT 10.0; Win64; x64) AppleWebKit/537.36 (KHTML, like Gecko) Chrome/142.0.0.0 Safari/537.36"
}
[2025-11-11T10:17:41.288Z] [INFO] {
  "timestamp": "2025-11-11T10:17:41.288Z",
  "method": "GET",
  "url": "/api/finance/projects?search=&status=all&year=2025",
  "ip": "::1",
  "userId": "anonymous",
  "userAgent": "Mozilla/5.0 (Windows NT 10.0; Win64; x64) AppleWebKit/537.36 (KHTML, like Gecko) Chrome/142.0.0.0 Safari/537.36"
}
[2025-11-11T10:17:41.292Z] [INFO] {
  "timestamp": "2025-11-11T10:17:41.292Z",
  "method": "GET",
  "url": "/api/finance/stats?year=2025",
  "ip": "::1",
  "userId": "anonymous",
  "userAgent": "Mozilla/5.0 (Windows NT 10.0; Win64; x64) AppleWebKit/537.36 (KHTML, like Gecko) Chrome/142.0.0.0 Safari/537.36"
}
[2025-11-11T10:17:41.312Z] [INFO] {
  "timestamp": "2025-11-11T10:17:41.312Z",
  "method": "GET",
  "url": "/api/clients",
  "statusCode": 200,
  "responseTime": "28ms",
  "userId": "690c4c43be8f36eb0f3c17b9"
}
[2025-11-11T10:17:41.320Z] [INFO] {
  "timestamp": "2025-11-11T10:17:41.320Z",
  "method": "GET",
  "url": "/api/clients",
  "ip": "::1",
  "userId": "anonymous",
  "userAgent": "Mozilla/5.0 (Windows NT 10.0; Win64; x64) AppleWebKit/537.36 (KHTML, like Gecko) Chrome/142.0.0.0 Safari/537.36"
}
[2025-11-11T10:17:41.333Z] [INFO] {
  "timestamp": "2025-11-11T10:17:41.333Z",
  "method": "GET",
  "url": "/api/finance/projects?search=&status=all&year=2025",
  "statusCode": 200,
  "responseTime": "45ms",
  "userId": "690c4c43be8f36eb0f3c17b9"
}
[2025-11-11T10:17:41.337Z] [INFO] {
  "timestamp": "2025-11-11T10:17:41.337Z",
  "method": "GET",
  "url": "/api/clients",
  "statusCode": 200,
  "responseTime": "17ms",
  "userId": "690c4c43be8f36eb0f3c17b9"
}
[2025-11-11T10:17:41.345Z] [INFO] {
  "timestamp": "2025-11-11T10:17:41.345Z",
  "method": "GET",
  "url": "/api/finance/projects?search=&status=all&year=2025",
  "ip": "::1",
  "userId": "anonymous",
  "userAgent": "Mozilla/5.0 (Windows NT 10.0; Win64; x64) AppleWebKit/537.36 (KHTML, like Gecko) Chrome/142.0.0.0 Safari/537.36"
}
[2025-11-11T10:17:41.355Z] [INFO] {
  "timestamp": "2025-11-11T10:17:41.355Z",
  "method": "GET",
  "url": "/api/finance/stats?year=2025",
  "statusCode": 200,
  "responseTime": "63ms",
  "userId": "690c4c43be8f36eb0f3c17b9"
}
[2025-11-11T10:17:41.362Z] [INFO] {
  "timestamp": "2025-11-11T10:17:41.362Z",
  "method": "GET",
  "url": "/api/finance/stats?year=2025",
  "ip": "::1",
  "userId": "anonymous",
  "userAgent": "Mozilla/5.0 (Windows NT 10.0; Win64; x64) AppleWebKit/537.36 (KHTML, like Gecko) Chrome/142.0.0.0 Safari/537.36"
}
[2025-11-11T10:17:41.376Z] [INFO] {
  "timestamp": "2025-11-11T10:17:41.376Z",
  "method": "GET",
  "url": "/api/finance/projects?search=&status=all&year=2025",
  "statusCode": 200,
  "responseTime": "31ms",
  "userId": "690c4c43be8f36eb0f3c17b9"
}
[2025-11-11T10:17:41.394Z] [INFO] {
  "timestamp": "2025-11-11T10:17:41.394Z",
  "method": "GET",
  "url": "/api/finance/stats?year=2025",
  "statusCode": 200,
  "responseTime": "32ms",
  "userId": "690c4c43be8f36eb0f3c17b9"
}
[2025-11-11T10:17:41.590Z] [INFO] {
  "timestamp": "2025-11-11T10:17:41.590Z",
  "method": "GET",
  "url": "/favicon.ico",
  "ip": "127.0.0.1",
  "userId": "anonymous",
  "userAgent": "Mozilla/5.0 (Windows NT 10.0; Win64; x64) AppleWebKit/537.36 (KHTML, like Gecko) Chrome/142.0.0.0 Safari/537.36"
}
[2025-11-11T10:17:41.592Z] [INFO] {
  "timestamp": "2025-11-11T10:17:41.592Z",
  "method": "GET",
  "url": "/favicon.ico",
  "statusCode": 200,
  "responseTime": "2ms",
  "userId": "anonymous"
}
[2025-11-11T10:22:40.696Z] [INFO] Email service initialized successfully
[2025-11-11T10:22:45.278Z] [INFO] {
  "timestamp": "2025-11-11T10:22:45.278Z",
  "method": "GET",
  "url": "/api/auth/me",
  "ip": "::1",
  "userId": "anonymous",
  "userAgent": "Mozilla/5.0 (Windows NT 10.0; Win64; x64) AppleWebKit/537.36 (KHTML, like Gecko) Chrome/142.0.0.0 Safari/537.36"
}
[2025-11-11T10:22:45.298Z] [INFO] {
  "timestamp": "2025-11-11T10:22:45.298Z",
  "method": "GET",
  "url": "/favicon.ico",
  "ip": "127.0.0.1",
  "userId": "anonymous",
  "userAgent": "Mozilla/5.0 (Windows NT 10.0; Win64; x64) AppleWebKit/537.36 (KHTML, like Gecko) Chrome/142.0.0.0 Safari/537.36"
}
[2025-11-11T10:22:45.305Z] [INFO] {
  "timestamp": "2025-11-11T10:22:45.305Z",
  "method": "GET",
  "url": "/favicon.ico",
  "statusCode": 200,
  "responseTime": "7ms",
  "userId": "anonymous"
}
[2025-11-11T10:22:45.336Z] [INFO] {
  "timestamp": "2025-11-11T10:22:45.335Z",
  "method": "GET",
  "url": "/api/auth/me",
  "statusCode": 200,
  "responseTime": "57ms",
  "userId": "690c4c43be8f36eb0f3c17b9"
}
[2025-11-11T10:22:45.342Z] [INFO] {
  "timestamp": "2025-11-11T10:22:45.342Z",
  "method": "GET",
  "url": "/api/auth/me",
  "ip": "::1",
  "userId": "anonymous",
  "userAgent": "Mozilla/5.0 (Windows NT 10.0; Win64; x64) AppleWebKit/537.36 (KHTML, like Gecko) Chrome/142.0.0.0 Safari/537.36"
}
[2025-11-11T10:22:45.353Z] [INFO] {
  "timestamp": "2025-11-11T10:22:45.353Z",
  "method": "GET",
  "url": "/api/auth/me",
  "statusCode": 200,
  "responseTime": "11ms",
  "userId": "690c4c43be8f36eb0f3c17b9"
}
[2025-11-11T10:22:45.384Z] [INFO] {
  "timestamp": "2025-11-11T10:22:45.384Z",
  "method": "GET",
  "url": "/favicon.ico",
  "ip": "127.0.0.1",
  "userId": "anonymous",
  "userAgent": "Mozilla/5.0 (Windows NT 10.0; Win64; x64) AppleWebKit/537.36 (KHTML, like Gecko) Chrome/142.0.0.0 Safari/537.36"
}
[2025-11-11T10:22:45.385Z] [INFO] {
  "timestamp": "2025-11-11T10:22:45.385Z",
  "method": "GET",
  "url": "/favicon.ico",
  "statusCode": 200,
  "responseTime": "1ms",
  "userId": "anonymous"
}
[2025-11-11T10:22:45.396Z] [INFO] {
  "timestamp": "2025-11-11T10:22:45.396Z",
  "method": "GET",
  "url": "/api/activities/recent?limit=3",
  "ip": "127.0.0.1",
  "userId": "anonymous",
  "userAgent": "Mozilla/5.0 (Windows NT 10.0; Win64; x64) AppleWebKit/537.36 (KHTML, like Gecko) Chrome/142.0.0.0 Safari/537.36"
}
[2025-11-11T10:22:45.406Z] [INFO] {
  "timestamp": "2025-11-11T10:22:45.406Z",
  "method": "GET",
  "url": "/api/activities/recent?limit=3",
  "statusCode": 200,
  "responseTime": "10ms",
  "userId": "690c4c43be8f36eb0f3c17b9"
}
[2025-11-11T10:22:45.975Z] [INFO] {
  "timestamp": "2025-11-11T10:22:45.975Z",
  "method": "GET",
  "url": "/api/activities/recent?limit=3",
  "ip": "127.0.0.1",
  "userId": "anonymous",
  "userAgent": "Mozilla/5.0 (Windows NT 10.0; Win64; x64) AppleWebKit/537.36 (KHTML, like Gecko) Chrome/142.0.0.0 Safari/537.36"
}
[2025-11-11T10:22:45.985Z] [INFO] {
  "timestamp": "2025-11-11T10:22:45.985Z",
  "method": "GET",
  "url": "/api/activities/recent?limit=3",
  "statusCode": 200,
  "responseTime": "10ms",
  "userId": "690c4c43be8f36eb0f3c17b9"
}
[2025-11-11T10:23:01.341Z] [INFO] {
  "timestamp": "2025-11-11T10:23:01.341Z",
  "method": "GET",
  "url": "/api/clients",
  "ip": "::1",
  "userId": "anonymous",
  "userAgent": "Mozilla/5.0 (Windows NT 10.0; Win64; x64) AppleWebKit/537.36 (KHTML, like Gecko) Chrome/142.0.0.0 Safari/537.36"
}
[2025-11-11T10:23:01.351Z] [INFO] {
  "timestamp": "2025-11-11T10:23:01.351Z",
  "method": "GET",
  "url": "/favicon.ico",
  "ip": "127.0.0.1",
  "userId": "anonymous",
  "userAgent": "Mozilla/5.0 (Windows NT 10.0; Win64; x64) AppleWebKit/537.36 (KHTML, like Gecko) Chrome/142.0.0.0 Safari/537.36"
}
[2025-11-11T10:23:01.358Z] [INFO] {
  "timestamp": "2025-11-11T10:23:01.358Z",
  "method": "GET",
  "url": "/favicon.ico",
  "statusCode": 200,
  "responseTime": "7ms",
  "userId": "anonymous"
}
[2025-11-11T10:23:01.380Z] [INFO] {
  "timestamp": "2025-11-11T10:23:01.380Z",
  "method": "GET",
  "url": "/api/clients",
  "statusCode": 200,
  "responseTime": "39ms",
  "userId": "690c4c43be8f36eb0f3c17b9"
}
[2025-11-11T10:23:01.386Z] [INFO] {
  "timestamp": "2025-11-11T10:23:01.386Z",
  "method": "GET",
  "url": "/api/clients",
  "ip": "::1",
  "userId": "anonymous",
  "userAgent": "Mozilla/5.0 (Windows NT 10.0; Win64; x64) AppleWebKit/537.36 (KHTML, like Gecko) Chrome/142.0.0.0 Safari/537.36"
}
[2025-11-11T10:23:01.400Z] [INFO] {
  "timestamp": "2025-11-11T10:23:01.400Z",
  "method": "GET",
  "url": "/api/clients",
  "statusCode": 200,
  "responseTime": "14ms",
  "userId": "690c4c43be8f36eb0f3c17b9"
}
[2025-11-11T10:25:21.798Z] [INFO] {
  "timestamp": "2025-11-11T10:25:21.798Z",
  "method": "GET",
  "url": "/api/clients",
  "ip": "::1",
  "userId": "anonymous",
  "userAgent": "Mozilla/5.0 (Windows NT 10.0; Win64; x64) AppleWebKit/537.36 (KHTML, like Gecko) Chrome/142.0.0.0 Safari/537.36"
}
[2025-11-11T10:25:21.816Z] [INFO] {
  "timestamp": "2025-11-11T10:25:21.816Z",
  "method": "GET",
  "url": "/api/clients",
  "statusCode": 200,
  "responseTime": "18ms",
  "userId": "690c4c43be8f36eb0f3c17b9"
}
[2025-11-11T10:25:55.356Z] [INFO] {
  "timestamp": "2025-11-11T10:25:55.356Z",
  "method": "GET",
  "url": "/api/clients",
  "ip": "::1",
  "userId": "anonymous",
  "userAgent": "Mozilla/5.0 (Windows NT 10.0; Win64; x64) AppleWebKit/537.36 (KHTML, like Gecko) Chrome/142.0.0.0 Safari/537.36"
}
[2025-11-11T10:25:55.382Z] [INFO] {
  "timestamp": "2025-11-11T10:25:55.382Z",
  "method": "GET",
  "url": "/api/clients",
  "statusCode": 200,
  "responseTime": "26ms",
  "userId": "690c4c43be8f36eb0f3c17b9"
}
[2025-11-11T10:26:08.823Z] [INFO] {
  "timestamp": "2025-11-11T10:26:08.823Z",
  "method": "GET",
  "url": "/api/clients",
  "ip": "::1",
  "userId": "anonymous",
  "userAgent": "Mozilla/5.0 (Windows NT 10.0; Win64; x64) AppleWebKit/537.36 (KHTML, like Gecko) Chrome/142.0.0.0 Safari/537.36"
}
[2025-11-11T10:26:08.837Z] [INFO] {
  "timestamp": "2025-11-11T10:26:08.837Z",
  "method": "GET",
  "url": "/api/clients",
  "statusCode": 200,
  "responseTime": "14ms",
  "userId": "690c4c43be8f36eb0f3c17b9"
}
[2025-11-11T10:26:08.846Z] [INFO] {
  "timestamp": "2025-11-11T10:26:08.846Z",
  "method": "GET",
  "url": "/api/clients",
  "ip": "::1",
  "userId": "anonymous",
  "userAgent": "Mozilla/5.0 (Windows NT 10.0; Win64; x64) AppleWebKit/537.36 (KHTML, like Gecko) Chrome/142.0.0.0 Safari/537.36"
}
[2025-11-11T10:26:08.860Z] [INFO] {
  "timestamp": "2025-11-11T10:26:08.860Z",
  "method": "GET",
  "url": "/api/clients",
  "statusCode": 200,
  "responseTime": "14ms",
  "userId": "690c4c43be8f36eb0f3c17b9"
}
[2025-11-11T10:26:08.885Z] [INFO] {
  "timestamp": "2025-11-11T10:26:08.885Z",
  "method": "GET",
  "url": "/api/finance/projects?search=&status=all&year=2025",
  "ip": "::1",
  "userId": "anonymous",
  "userAgent": "Mozilla/5.0 (Windows NT 10.0; Win64; x64) AppleWebKit/537.36 (KHTML, like Gecko) Chrome/142.0.0.0 Safari/537.36"
}
[2025-11-11T10:26:08.889Z] [INFO] {
  "timestamp": "2025-11-11T10:26:08.889Z",
  "method": "GET",
  "url": "/api/finance/stats?year=2025",
  "ip": "::1",
  "userId": "anonymous",
  "userAgent": "Mozilla/5.0 (Windows NT 10.0; Win64; x64) AppleWebKit/537.36 (KHTML, like Gecko) Chrome/142.0.0.0 Safari/537.36"
}
[2025-11-11T10:26:08.933Z] [INFO] {
  "timestamp": "2025-11-11T10:26:08.933Z",
  "method": "GET",
  "url": "/api/finance/projects?search=&status=all&year=2025",
  "statusCode": 200,
  "responseTime": "48ms",
  "userId": "690c4c43be8f36eb0f3c17b9"
}
[2025-11-11T10:26:08.943Z] [INFO] {
  "timestamp": "2025-11-11T10:26:08.943Z",
  "method": "GET",
  "url": "/api/finance/projects?search=&status=all&year=2025",
  "ip": "::1",
  "userId": "anonymous",
  "userAgent": "Mozilla/5.0 (Windows NT 10.0; Win64; x64) AppleWebKit/537.36 (KHTML, like Gecko) Chrome/142.0.0.0 Safari/537.36"
}
[2025-11-11T10:26:08.954Z] [INFO] {
  "timestamp": "2025-11-11T10:26:08.954Z",
  "method": "GET",
  "url": "/api/finance/stats?year=2025",
  "statusCode": 200,
  "responseTime": "65ms",
  "userId": "690c4c43be8f36eb0f3c17b9"
}
[2025-11-11T10:26:08.960Z] [INFO] {
  "timestamp": "2025-11-11T10:26:08.959Z",
  "method": "GET",
  "url": "/api/finance/stats?year=2025",
  "ip": "::1",
  "userId": "anonymous",
  "userAgent": "Mozilla/5.0 (Windows NT 10.0; Win64; x64) AppleWebKit/537.36 (KHTML, like Gecko) Chrome/142.0.0.0 Safari/537.36"
}
[2025-11-11T10:26:08.973Z] [INFO] {
  "timestamp": "2025-11-11T10:26:08.973Z",
  "method": "GET",
  "url": "/api/finance/projects?search=&status=all&year=2025",
  "statusCode": 200,
  "responseTime": "30ms",
  "userId": "690c4c43be8f36eb0f3c17b9"
}
[2025-11-11T10:26:08.996Z] [INFO] {
  "timestamp": "2025-11-11T10:26:08.996Z",
  "method": "GET",
  "url": "/api/finance/stats?year=2025",
  "statusCode": 200,
  "responseTime": "37ms",
  "userId": "690c4c43be8f36eb0f3c17b9"
}
[2025-11-11T10:26:09.145Z] [INFO] {
  "timestamp": "2025-11-11T10:26:09.145Z",
  "method": "GET",
  "url": "/favicon.ico",
  "ip": "127.0.0.1",
  "userId": "anonymous",
  "userAgent": "Mozilla/5.0 (Windows NT 10.0; Win64; x64) AppleWebKit/537.36 (KHTML, like Gecko) Chrome/142.0.0.0 Safari/537.36"
}
[2025-11-11T10:26:09.147Z] [INFO] {
  "timestamp": "2025-11-11T10:26:09.147Z",
  "method": "GET",
  "url": "/favicon.ico",
  "statusCode": 200,
  "responseTime": "2ms",
  "userId": "anonymous"
}
[2025-11-11T10:26:10.732Z] [INFO] {
  "timestamp": "2025-11-11T10:26:10.732Z",
  "method": "GET",
  "url": "/api/clients",
  "ip": "::1",
  "userId": "anonymous",
  "userAgent": "Mozilla/5.0 (Windows NT 10.0; Win64; x64) AppleWebKit/537.36 (KHTML, like Gecko) Chrome/142.0.0.0 Safari/537.36"
}
[2025-11-11T10:26:10.740Z] [INFO] {
  "timestamp": "2025-11-11T10:26:10.740Z",
  "method": "GET",
  "url": "/favicon.ico",
  "ip": "127.0.0.1",
  "userId": "anonymous",
  "userAgent": "Mozilla/5.0 (Windows NT 10.0; Win64; x64) AppleWebKit/537.36 (KHTML, like Gecko) Chrome/142.0.0.0 Safari/537.36"
}
[2025-11-11T10:26:10.746Z] [INFO] {
  "timestamp": "2025-11-11T10:26:10.746Z",
  "method": "GET",
  "url": "/favicon.ico",
  "statusCode": 200,
  "responseTime": "6ms",
  "userId": "anonymous"
}
[2025-11-11T10:26:10.758Z] [INFO] {
  "timestamp": "2025-11-11T10:26:10.758Z",
  "method": "GET",
  "url": "/api/clients",
  "statusCode": 200,
  "responseTime": "26ms",
  "userId": "690c4c43be8f36eb0f3c17b9"
}
[2025-11-11T10:26:10.768Z] [INFO] {
  "timestamp": "2025-11-11T10:26:10.768Z",
  "method": "GET",
  "url": "/api/clients",
  "ip": "::1",
  "userId": "anonymous",
  "userAgent": "Mozilla/5.0 (Windows NT 10.0; Win64; x64) AppleWebKit/537.36 (KHTML, like Gecko) Chrome/142.0.0.0 Safari/537.36"
}
[2025-11-11T10:26:10.780Z] [INFO] {
  "timestamp": "2025-11-11T10:26:10.780Z",
  "method": "GET",
  "url": "/api/clients",
  "statusCode": 200,
  "responseTime": "12ms",
  "userId": "690c4c43be8f36eb0f3c17b9"
}
[2025-11-11T10:26:12.317Z] [INFO] {
  "timestamp": "2025-11-11T10:26:12.317Z",
  "method": "GET",
  "url": "/api/clients",
  "ip": "::1",
  "userId": "anonymous",
  "userAgent": "Mozilla/5.0 (Windows NT 10.0; Win64; x64) AppleWebKit/537.36 (KHTML, like Gecko) Chrome/142.0.0.0 Safari/537.36"
}
[2025-11-11T10:26:12.324Z] [INFO] {
  "timestamp": "2025-11-11T10:26:12.324Z",
  "method": "GET",
  "url": "/api/finance/projects?search=&status=all&year=2025",
  "ip": "::1",
  "userId": "anonymous",
  "userAgent": "Mozilla/5.0 (Windows NT 10.0; Win64; x64) AppleWebKit/537.36 (KHTML, like Gecko) Chrome/142.0.0.0 Safari/537.36"
}
[2025-11-11T10:26:12.331Z] [INFO] {
  "timestamp": "2025-11-11T10:26:12.331Z",
  "method": "GET",
  "url": "/api/finance/stats?year=2025",
  "ip": "::1",
  "userId": "anonymous",
  "userAgent": "Mozilla/5.0 (Windows NT 10.0; Win64; x64) AppleWebKit/537.36 (KHTML, like Gecko) Chrome/142.0.0.0 Safari/537.36"
}
[2025-11-11T10:26:12.343Z] [INFO] {
  "timestamp": "2025-11-11T10:26:12.343Z",
  "method": "GET",
  "url": "/api/clients",
  "statusCode": 200,
  "responseTime": "26ms",
  "userId": "690c4c43be8f36eb0f3c17b9"
}
[2025-11-11T10:26:12.359Z] [INFO] {
  "timestamp": "2025-11-11T10:26:12.359Z",
  "method": "GET",
  "url": "/api/clients",
  "ip": "::1",
  "userId": "anonymous",
  "userAgent": "Mozilla/5.0 (Windows NT 10.0; Win64; x64) AppleWebKit/537.36 (KHTML, like Gecko) Chrome/142.0.0.0 Safari/537.36"
}
[2025-11-11T10:26:12.378Z] [INFO] {
  "timestamp": "2025-11-11T10:26:12.378Z",
  "method": "GET",
  "url": "/api/finance/projects?search=&status=all&year=2025",
  "statusCode": 200,
  "responseTime": "54ms",
  "userId": "690c4c43be8f36eb0f3c17b9"
}
[2025-11-11T10:26:12.382Z] [INFO] {
  "timestamp": "2025-11-11T10:26:12.382Z",
  "method": "GET",
  "url": "/api/clients",
  "statusCode": 200,
  "responseTime": "23ms",
  "userId": "690c4c43be8f36eb0f3c17b9"
}
[2025-11-11T10:26:12.390Z] [INFO] {
  "timestamp": "2025-11-11T10:26:12.390Z",
  "method": "GET",
  "url": "/api/finance/projects?search=&status=all&year=2025",
  "ip": "::1",
  "userId": "anonymous",
  "userAgent": "Mozilla/5.0 (Windows NT 10.0; Win64; x64) AppleWebKit/537.36 (KHTML, like Gecko) Chrome/142.0.0.0 Safari/537.36"
}
[2025-11-11T10:26:12.402Z] [INFO] {
  "timestamp": "2025-11-11T10:26:12.402Z",
  "method": "GET",
  "url": "/api/finance/stats?year=2025",
  "statusCode": 200,
  "responseTime": "71ms",
  "userId": "690c4c43be8f36eb0f3c17b9"
}
[2025-11-11T10:26:12.409Z] [INFO] {
  "timestamp": "2025-11-11T10:26:12.409Z",
  "method": "GET",
  "url": "/api/finance/stats?year=2025",
  "ip": "::1",
  "userId": "anonymous",
  "userAgent": "Mozilla/5.0 (Windows NT 10.0; Win64; x64) AppleWebKit/537.36 (KHTML, like Gecko) Chrome/142.0.0.0 Safari/537.36"
}
[2025-11-11T10:26:12.420Z] [INFO] {
  "timestamp": "2025-11-11T10:26:12.419Z",
  "method": "GET",
  "url": "/api/finance/projects?search=&status=all&year=2025",
  "statusCode": 200,
  "responseTime": "29ms",
  "userId": "690c4c43be8f36eb0f3c17b9"
}
[2025-11-11T10:26:12.439Z] [INFO] {
  "timestamp": "2025-11-11T10:26:12.439Z",
  "method": "GET",
  "url": "/api/finance/stats?year=2025",
  "statusCode": 200,
  "responseTime": "30ms",
  "userId": "690c4c43be8f36eb0f3c17b9"
}
[2025-11-11T10:26:12.644Z] [INFO] {
  "timestamp": "2025-11-11T10:26:12.644Z",
  "method": "GET",
  "url": "/favicon.ico",
  "ip": "127.0.0.1",
  "userId": "anonymous",
  "userAgent": "Mozilla/5.0 (Windows NT 10.0; Win64; x64) AppleWebKit/537.36 (KHTML, like Gecko) Chrome/142.0.0.0 Safari/537.36"
}
[2025-11-11T10:26:12.645Z] [INFO] {
  "timestamp": "2025-11-11T10:26:12.645Z",
  "method": "GET",
  "url": "/favicon.ico",
  "statusCode": 200,
  "responseTime": "1ms",
  "userId": "anonymous"
}
[2025-11-11T10:26:14.638Z] [INFO] {
  "timestamp": "2025-11-11T10:26:14.638Z",
  "method": "GET",
  "url": "/api/clients",
  "ip": "::1",
  "userId": "anonymous",
  "userAgent": "Mozilla/5.0 (Windows NT 10.0; Win64; x64) AppleWebKit/537.36 (KHTML, like Gecko) Chrome/142.0.0.0 Safari/537.36"
}
[2025-11-11T10:26:14.646Z] [INFO] {
  "timestamp": "2025-11-11T10:26:14.646Z",
  "method": "GET",
  "url": "/favicon.ico",
  "ip": "127.0.0.1",
  "userId": "anonymous",
  "userAgent": "Mozilla/5.0 (Windows NT 10.0; Win64; x64) AppleWebKit/537.36 (KHTML, like Gecko) Chrome/142.0.0.0 Safari/537.36"
}
[2025-11-11T10:26:14.650Z] [INFO] {
  "timestamp": "2025-11-11T10:26:14.650Z",
  "method": "GET",
  "url": "/favicon.ico",
  "statusCode": 200,
  "responseTime": "4ms",
  "userId": "anonymous"
}
[2025-11-11T10:26:14.661Z] [INFO] {
  "timestamp": "2025-11-11T10:26:14.661Z",
  "method": "GET",
  "url": "/api/clients",
  "statusCode": 200,
  "responseTime": "23ms",
  "userId": "690c4c43be8f36eb0f3c17b9"
}
[2025-11-11T10:26:14.666Z] [INFO] {
  "timestamp": "2025-11-11T10:26:14.666Z",
  "method": "GET",
  "url": "/api/clients",
  "ip": "::1",
  "userId": "anonymous",
  "userAgent": "Mozilla/5.0 (Windows NT 10.0; Win64; x64) AppleWebKit/537.36 (KHTML, like Gecko) Chrome/142.0.0.0 Safari/537.36"
}
[2025-11-11T10:26:14.677Z] [INFO] {
  "timestamp": "2025-11-11T10:26:14.677Z",
  "method": "GET",
  "url": "/api/clients",
  "statusCode": 200,
  "responseTime": "11ms",
  "userId": "690c4c43be8f36eb0f3c17b9"
}
[2025-11-11T10:27:03.980Z] [INFO] {
  "timestamp": "2025-11-11T10:27:03.980Z",
  "method": "GET",
  "url": "/api/clients",
  "ip": "::1",
  "userId": "anonymous",
  "userAgent": "Mozilla/5.0 (Windows NT 10.0; Win64; x64) AppleWebKit/537.36 (KHTML, like Gecko) Chrome/142.0.0.0 Safari/537.36"
}
[2025-11-11T10:27:04.001Z] [INFO] {
  "timestamp": "2025-11-11T10:27:04.001Z",
  "method": "GET",
  "url": "/api/clients",
  "statusCode": 200,
  "responseTime": "21ms",
  "userId": "690c4c43be8f36eb0f3c17b9"
}
[2025-11-11T10:27:14.566Z] [INFO] {
  "timestamp": "2025-11-11T10:27:14.566Z",
  "method": "GET",
  "url": "/api/clients",
  "ip": "::1",
  "userId": "anonymous",
  "userAgent": "Mozilla/5.0 (Windows NT 10.0; Win64; x64) AppleWebKit/537.36 (KHTML, like Gecko) Chrome/142.0.0.0 Safari/537.36"
}
[2025-11-11T10:27:14.574Z] [INFO] {
  "timestamp": "2025-11-11T10:27:14.574Z",
  "method": "GET",
  "url": "/api/finance/projects?search=&status=all&year=2025",
  "ip": "::1",
  "userId": "anonymous",
  "userAgent": "Mozilla/5.0 (Windows NT 10.0; Win64; x64) AppleWebKit/537.36 (KHTML, like Gecko) Chrome/142.0.0.0 Safari/537.36"
}
[2025-11-11T10:27:14.591Z] [INFO] {
  "timestamp": "2025-11-11T10:27:14.591Z",
  "method": "GET",
  "url": "/api/finance/stats?year=2025",
  "ip": "::1",
  "userId": "anonymous",
  "userAgent": "Mozilla/5.0 (Windows NT 10.0; Win64; x64) AppleWebKit/537.36 (KHTML, like Gecko) Chrome/142.0.0.0 Safari/537.36"
}
[2025-11-11T10:27:14.606Z] [INFO] {
  "timestamp": "2025-11-11T10:27:14.606Z",
  "method": "GET",
  "url": "/api/clients",
  "statusCode": 200,
  "responseTime": "40ms",
  "userId": "690c4c43be8f36eb0f3c17b9"
}
[2025-11-11T10:27:14.623Z] [INFO] {
  "timestamp": "2025-11-11T10:27:14.623Z",
  "method": "GET",
  "url": "/api/clients",
  "ip": "::1",
  "userId": "anonymous",
  "userAgent": "Mozilla/5.0 (Windows NT 10.0; Win64; x64) AppleWebKit/537.36 (KHTML, like Gecko) Chrome/142.0.0.0 Safari/537.36"
}
[2025-11-11T10:27:14.644Z] [INFO] {
  "timestamp": "2025-11-11T10:27:14.644Z",
  "method": "GET",
  "url": "/api/clients",
  "statusCode": 200,
  "responseTime": "21ms",
  "userId": "690c4c43be8f36eb0f3c17b9"
}
[2025-11-11T10:27:14.652Z] [INFO] {
  "timestamp": "2025-11-11T10:27:14.652Z",
  "method": "GET",
  "url": "/api/finance/projects?search=&status=all&year=2025",
  "statusCode": 200,
  "responseTime": "78ms",
  "userId": "690c4c43be8f36eb0f3c17b9"
}
[2025-11-11T10:27:14.661Z] [INFO] {
  "timestamp": "2025-11-11T10:27:14.661Z",
  "method": "GET",
  "url": "/api/finance/projects?search=&status=all&year=2025",
  "ip": "::1",
  "userId": "anonymous",
  "userAgent": "Mozilla/5.0 (Windows NT 10.0; Win64; x64) AppleWebKit/537.36 (KHTML, like Gecko) Chrome/142.0.0.0 Safari/537.36"
}
[2025-11-11T10:27:14.676Z] [INFO] {
  "timestamp": "2025-11-11T10:27:14.676Z",
  "method": "GET",
  "url": "/api/finance/stats?year=2025",
  "statusCode": 200,
  "responseTime": "85ms",
  "userId": "690c4c43be8f36eb0f3c17b9"
}
[2025-11-11T10:27:14.683Z] [INFO] {
  "timestamp": "2025-11-11T10:27:14.683Z",
  "method": "GET",
  "url": "/api/finance/stats?year=2025",
  "ip": "::1",
  "userId": "anonymous",
  "userAgent": "Mozilla/5.0 (Windows NT 10.0; Win64; x64) AppleWebKit/537.36 (KHTML, like Gecko) Chrome/142.0.0.0 Safari/537.36"
}
[2025-11-11T10:27:14.697Z] [INFO] {
  "timestamp": "2025-11-11T10:27:14.697Z",
  "method": "GET",
  "url": "/api/finance/projects?search=&status=all&year=2025",
  "statusCode": 200,
  "responseTime": "36ms",
  "userId": "690c4c43be8f36eb0f3c17b9"
}
[2025-11-11T10:27:14.721Z] [INFO] {
  "timestamp": "2025-11-11T10:27:14.721Z",
  "method": "GET",
  "url": "/api/finance/stats?year=2025",
  "statusCode": 200,
  "responseTime": "38ms",
  "userId": "690c4c43be8f36eb0f3c17b9"
}
[2025-11-11T10:27:14.890Z] [INFO] {
  "timestamp": "2025-11-11T10:27:14.890Z",
  "method": "GET",
  "url": "/favicon.ico",
  "ip": "127.0.0.1",
  "userId": "anonymous",
  "userAgent": "Mozilla/5.0 (Windows NT 10.0; Win64; x64) AppleWebKit/537.36 (KHTML, like Gecko) Chrome/142.0.0.0 Safari/537.36"
}
[2025-11-11T10:27:14.891Z] [INFO] {
  "timestamp": "2025-11-11T10:27:14.891Z",
  "method": "GET",
  "url": "/favicon.ico",
  "statusCode": 200,
  "responseTime": "1ms",
  "userId": "anonymous"
}
[2025-11-11T10:27:16.790Z] [INFO] {
  "timestamp": "2025-11-11T10:27:16.790Z",
  "method": "GET",
  "url": "/api/clients",
  "ip": "::1",
  "userId": "anonymous",
  "userAgent": "Mozilla/5.0 (Windows NT 10.0; Win64; x64) AppleWebKit/537.36 (KHTML, like Gecko) Chrome/142.0.0.0 Safari/537.36"
}
[2025-11-11T10:27:16.815Z] [INFO] {
  "timestamp": "2025-11-11T10:27:16.815Z",
  "method": "GET",
  "url": "/favicon.ico",
  "ip": "127.0.0.1",
  "userId": "anonymous",
  "userAgent": "Mozilla/5.0 (Windows NT 10.0; Win64; x64) AppleWebKit/537.36 (KHTML, like Gecko) Chrome/142.0.0.0 Safari/537.36"
}
[2025-11-11T10:27:16.823Z] [INFO] {
  "timestamp": "2025-11-11T10:27:16.823Z",
  "method": "GET",
  "url": "/favicon.ico",
  "statusCode": 200,
  "responseTime": "8ms",
  "userId": "anonymous"
}
[2025-11-11T10:27:16.840Z] [INFO] {
  "timestamp": "2025-11-11T10:27:16.840Z",
  "method": "GET",
  "url": "/api/clients",
  "statusCode": 200,
  "responseTime": "50ms",
  "userId": "690c4c43be8f36eb0f3c17b9"
}
[2025-11-11T10:27:16.845Z] [INFO] {
  "timestamp": "2025-11-11T10:27:16.845Z",
  "method": "GET",
  "url": "/api/clients",
  "ip": "::1",
  "userId": "anonymous",
  "userAgent": "Mozilla/5.0 (Windows NT 10.0; Win64; x64) AppleWebKit/537.36 (KHTML, like Gecko) Chrome/142.0.0.0 Safari/537.36"
}
[2025-11-11T10:27:16.859Z] [INFO] {
  "timestamp": "2025-11-11T10:27:16.859Z",
  "method": "GET",
  "url": "/api/clients",
  "statusCode": 200,
  "responseTime": "14ms",
  "userId": "690c4c43be8f36eb0f3c17b9"
}
[2025-11-11T10:27:39.765Z] [INFO] {
  "timestamp": "2025-11-11T10:27:39.765Z",
  "method": "GET",
  "url": "/api/clients",
  "ip": "::1",
  "userId": "anonymous",
  "userAgent": "Mozilla/5.0 (Windows NT 10.0; Win64; x64) AppleWebKit/537.36 (KHTML, like Gecko) Chrome/142.0.0.0 Safari/537.36"
}
[2025-11-11T10:27:39.774Z] [INFO] {
  "timestamp": "2025-11-11T10:27:39.773Z",
  "method": "GET",
  "url": "/api/clients",
  "statusCode": 200,
  "responseTime": "8ms",
  "userId": "690c4c43be8f36eb0f3c17b9"
}
[2025-11-11T10:30:08.762Z] [INFO] {
  "timestamp": "2025-11-11T10:30:08.762Z",
  "method": "GET",
  "url": "/api/clients",
  "ip": "::1",
  "userId": "anonymous",
  "userAgent": "Mozilla/5.0 (Windows NT 10.0; Win64; x64) AppleWebKit/537.36 (KHTML, like Gecko) Chrome/142.0.0.0 Safari/537.36"
}
[2025-11-11T10:30:08.777Z] [INFO] {
  "timestamp": "2025-11-11T10:30:08.777Z",
  "method": "GET",
  "url": "/api/clients",
  "statusCode": 200,
  "responseTime": "15ms",
  "userId": "690c4c43be8f36eb0f3c17b9"
}
[2025-11-11T10:30:39.777Z] [INFO] {
  "timestamp": "2025-11-11T10:30:39.777Z",
  "method": "GET",
  "url": "/api/clients",
  "ip": "::1",
  "userId": "anonymous",
  "userAgent": "Mozilla/5.0 (Windows NT 10.0; Win64; x64) AppleWebKit/537.36 (KHTML, like Gecko) Chrome/142.0.0.0 Safari/537.36"
}
[2025-11-11T10:30:39.790Z] [INFO] {
  "timestamp": "2025-11-11T10:30:39.790Z",
  "method": "GET",
  "url": "/api/clients",
  "statusCode": 200,
  "responseTime": "13ms",
  "userId": "690c4c43be8f36eb0f3c17b9"
}
[2025-11-11T10:31:39.766Z] [INFO] {
  "timestamp": "2025-11-11T10:31:39.766Z",
  "method": "GET",
  "url": "/api/clients",
  "ip": "::1",
  "userId": "anonymous",
  "userAgent": "Mozilla/5.0 (Windows NT 10.0; Win64; x64) AppleWebKit/537.36 (KHTML, like Gecko) Chrome/142.0.0.0 Safari/537.36"
}
[2025-11-11T10:31:39.774Z] [INFO] {
  "timestamp": "2025-11-11T10:31:39.774Z",
  "method": "GET",
  "url": "/api/finance/projects?search=&status=all&year=2025",
  "ip": "::1",
  "userId": "anonymous",
  "userAgent": "Mozilla/5.0 (Windows NT 10.0; Win64; x64) AppleWebKit/537.36 (KHTML, like Gecko) Chrome/142.0.0.0 Safari/537.36"
}
[2025-11-11T10:31:39.782Z] [INFO] {
  "timestamp": "2025-11-11T10:31:39.782Z",
  "method": "GET",
  "url": "/api/finance/stats?year=2025",
  "ip": "::1",
  "userId": "anonymous",
  "userAgent": "Mozilla/5.0 (Windows NT 10.0; Win64; x64) AppleWebKit/537.36 (KHTML, like Gecko) Chrome/142.0.0.0 Safari/537.36"
}
[2025-11-11T10:31:39.813Z] [INFO] {
  "timestamp": "2025-11-11T10:31:39.813Z",
  "method": "GET",
  "url": "/api/clients",
  "statusCode": 200,
  "responseTime": "47ms",
  "userId": "690c4c43be8f36eb0f3c17b9"
}
[2025-11-11T10:31:39.821Z] [INFO] {
  "timestamp": "2025-11-11T10:31:39.821Z",
  "method": "GET",
  "url": "/api/clients",
  "ip": "::1",
  "userId": "anonymous",
  "userAgent": "Mozilla/5.0 (Windows NT 10.0; Win64; x64) AppleWebKit/537.36 (KHTML, like Gecko) Chrome/142.0.0.0 Safari/537.36"
}
[2025-11-11T10:31:39.838Z] [INFO] {
  "timestamp": "2025-11-11T10:31:39.838Z",
  "method": "GET",
  "url": "/api/finance/projects?search=&status=all&year=2025",
  "statusCode": 200,
  "responseTime": "64ms",
  "userId": "690c4c43be8f36eb0f3c17b9"
}
[2025-11-11T10:31:39.840Z] [INFO] {
  "timestamp": "2025-11-11T10:31:39.840Z",
  "method": "GET",
  "url": "/api/clients",
  "statusCode": 200,
  "responseTime": "19ms",
  "userId": "690c4c43be8f36eb0f3c17b9"
}
[2025-11-11T10:31:39.852Z] [INFO] {
  "timestamp": "2025-11-11T10:31:39.852Z",
  "method": "GET",
  "url": "/api/finance/projects?search=&status=all&year=2025",
  "ip": "::1",
  "userId": "anonymous",
  "userAgent": "Mozilla/5.0 (Windows NT 10.0; Win64; x64) AppleWebKit/537.36 (KHTML, like Gecko) Chrome/142.0.0.0 Safari/537.36"
}
[2025-11-11T10:31:39.861Z] [INFO] {
  "timestamp": "2025-11-11T10:31:39.861Z",
  "method": "GET",
  "url": "/api/finance/stats?year=2025",
  "statusCode": 200,
  "responseTime": "79ms",
  "userId": "690c4c43be8f36eb0f3c17b9"
}
[2025-11-11T10:31:39.868Z] [INFO] {
  "timestamp": "2025-11-11T10:31:39.868Z",
  "method": "GET",
  "url": "/api/finance/stats?year=2025",
  "ip": "::1",
  "userId": "anonymous",
  "userAgent": "Mozilla/5.0 (Windows NT 10.0; Win64; x64) AppleWebKit/537.36 (KHTML, like Gecko) Chrome/142.0.0.0 Safari/537.36"
}
[2025-11-11T10:31:39.886Z] [INFO] {
  "timestamp": "2025-11-11T10:31:39.886Z",
  "method": "GET",
  "url": "/api/finance/projects?search=&status=all&year=2025",
  "statusCode": 200,
  "responseTime": "34ms",
  "userId": "690c4c43be8f36eb0f3c17b9"
}
[2025-11-11T10:31:39.922Z] [INFO] {
  "timestamp": "2025-11-11T10:31:39.922Z",
  "method": "GET",
  "url": "/api/finance/stats?year=2025",
  "statusCode": 200,
  "responseTime": "54ms",
  "userId": "690c4c43be8f36eb0f3c17b9"
}
[2025-11-11T10:31:40.086Z] [INFO] {
  "timestamp": "2025-11-11T10:31:40.086Z",
  "method": "GET",
  "url": "/favicon.ico",
  "ip": "127.0.0.1",
  "userId": "anonymous",
  "userAgent": "Mozilla/5.0 (Windows NT 10.0; Win64; x64) AppleWebKit/537.36 (KHTML, like Gecko) Chrome/142.0.0.0 Safari/537.36"
}
[2025-11-11T10:31:40.087Z] [INFO] {
  "timestamp": "2025-11-11T10:31:40.087Z",
  "method": "GET",
  "url": "/favicon.ico",
  "statusCode": 200,
  "responseTime": "1ms",
  "userId": "anonymous"
}
[2025-11-11T10:31:40.907Z] [INFO] {
  "timestamp": "2025-11-11T10:31:40.907Z",
  "method": "GET",
  "url": "/api/clients",
  "ip": "::1",
  "userId": "anonymous",
  "userAgent": "Mozilla/5.0 (Windows NT 10.0; Win64; x64) AppleWebKit/537.36 (KHTML, like Gecko) Chrome/142.0.0.0 Safari/537.36"
}
[2025-11-11T10:31:40.918Z] [INFO] {
  "timestamp": "2025-11-11T10:31:40.918Z",
  "method": "GET",
  "url": "/favicon.ico",
  "ip": "127.0.0.1",
  "userId": "anonymous",
  "userAgent": "Mozilla/5.0 (Windows NT 10.0; Win64; x64) AppleWebKit/537.36 (KHTML, like Gecko) Chrome/142.0.0.0 Safari/537.36"
}
[2025-11-11T10:31:40.927Z] [INFO] {
  "timestamp": "2025-11-11T10:31:40.927Z",
  "method": "GET",
  "url": "/favicon.ico",
  "statusCode": 200,
  "responseTime": "9ms",
  "userId": "anonymous"
}
[2025-11-11T10:31:40.942Z] [INFO] {
  "timestamp": "2025-11-11T10:31:40.942Z",
  "method": "GET",
  "url": "/api/clients",
  "statusCode": 200,
  "responseTime": "35ms",
  "userId": "690c4c43be8f36eb0f3c17b9"
}
[2025-11-11T10:31:40.947Z] [INFO] {
  "timestamp": "2025-11-11T10:31:40.947Z",
  "method": "GET",
  "url": "/api/clients",
  "ip": "::1",
  "userId": "anonymous",
  "userAgent": "Mozilla/5.0 (Windows NT 10.0; Win64; x64) AppleWebKit/537.36 (KHTML, like Gecko) Chrome/142.0.0.0 Safari/537.36"
}
[2025-11-11T10:31:40.955Z] [INFO] {
  "timestamp": "2025-11-11T10:31:40.955Z",
  "method": "GET",
  "url": "/api/clients",
  "statusCode": 200,
  "responseTime": "8ms",
  "userId": "690c4c43be8f36eb0f3c17b9"
}
[2025-11-11T10:31:44.583Z] [INFO] {
  "timestamp": "2025-11-11T10:31:44.583Z",
  "method": "PUT",
  "url": "/api/clients/6912bc9418e070671809ddc8",
  "ip": "::1",
  "userId": "anonymous",
  "userAgent": "Mozilla/5.0 (Windows NT 10.0; Win64; x64) AppleWebKit/537.36 (KHTML, like Gecko) Chrome/142.0.0.0 Safari/537.36"
}
[2025-11-11T10:31:44.595Z] [INFO] {
  "timestamp": "2025-11-11T10:31:44.595Z",
  "method": "PUT",
  "url": "/api/clients/6912bc9418e070671809ddc8",
  "statusCode": 200,
  "responseTime": "12ms",
  "userId": "690c4c43be8f36eb0f3c17b9"
}
[2025-11-11T10:31:46.180Z] [INFO] {
  "timestamp": "2025-11-11T10:31:46.180Z",
  "method": "PUT",
  "url": "/api/clients/6912bc9418e070671809ddc8",
  "ip": "::1",
  "userId": "anonymous",
  "userAgent": "Mozilla/5.0 (Windows NT 10.0; Win64; x64) AppleWebKit/537.36 (KHTML, like Gecko) Chrome/142.0.0.0 Safari/537.36"
}
[2025-11-11T10:31:46.194Z] [INFO] {
  "timestamp": "2025-11-11T10:31:46.194Z",
  "method": "PUT",
  "url": "/api/clients/6912bc9418e070671809ddc8",
  "statusCode": 200,
  "responseTime": "14ms",
  "userId": "690c4c43be8f36eb0f3c17b9"
}
[2025-11-11T10:32:50.630Z] [INFO] {
  "timestamp": "2025-11-11T10:32:50.630Z",
  "method": "GET",
  "url": "/api/clients",
  "ip": "::1",
  "userId": "anonymous",
  "userAgent": "Mozilla/5.0 (Windows NT 10.0; Win64; x64) AppleWebKit/537.36 (KHTML, like Gecko) Chrome/142.0.0.0 Safari/537.36"
}
[2025-11-11T10:32:50.636Z] [INFO] {
  "timestamp": "2025-11-11T10:32:50.636Z",
  "method": "GET",
  "url": "/api/clients",
  "statusCode": 200,
  "responseTime": "6ms",
  "userId": "690c4c43be8f36eb0f3c17b9"
}
[2025-11-11T10:32:50.646Z] [INFO] {
  "timestamp": "2025-11-11T10:32:50.646Z",
  "method": "GET",
  "url": "/api/clients",
  "ip": "::1",
  "userId": "anonymous",
  "userAgent": "Mozilla/5.0 (Windows NT 10.0; Win64; x64) AppleWebKit/537.36 (KHTML, like Gecko) Chrome/142.0.0.0 Safari/537.36"
}
[2025-11-11T10:32:50.661Z] [INFO] {
  "timestamp": "2025-11-11T10:32:50.661Z",
  "method": "GET",
  "url": "/api/clients",
  "statusCode": 200,
  "responseTime": "15ms",
  "userId": "690c4c43be8f36eb0f3c17b9"
}
[2025-11-11T10:32:50.931Z] [INFO] {
  "timestamp": "2025-11-11T10:32:50.931Z",
  "method": "GET",
  "url": "/favicon.ico",
  "ip": "127.0.0.1",
  "userId": "anonymous",
  "userAgent": "Mozilla/5.0 (Windows NT 10.0; Win64; x64) AppleWebKit/537.36 (KHTML, like Gecko) Chrome/142.0.0.0 Safari/537.36"
}
[2025-11-11T10:32:50.933Z] [INFO] {
  "timestamp": "2025-11-11T10:32:50.932Z",
  "method": "GET",
  "url": "/favicon.ico",
  "statusCode": 200,
  "responseTime": "1ms",
  "userId": "anonymous"
}
[2025-11-11T10:32:51.176Z] [INFO] {
  "timestamp": "2025-11-11T10:32:51.176Z",
  "method": "GET",
  "url": "/api/clients",
  "ip": "::1",
  "userId": "anonymous",
  "userAgent": "Mozilla/5.0 (Windows NT 10.0; Win64; x64) AppleWebKit/537.36 (KHTML, like Gecko) Chrome/142.0.0.0 Safari/537.36"
}
[2025-11-11T10:32:51.193Z] [INFO] {
  "timestamp": "2025-11-11T10:32:51.193Z",
  "method": "GET",
  "url": "/api/finance/projects?search=&status=all&year=2025",
  "ip": "::1",
  "userId": "anonymous",
  "userAgent": "Mozilla/5.0 (Windows NT 10.0; Win64; x64) AppleWebKit/537.36 (KHTML, like Gecko) Chrome/142.0.0.0 Safari/537.36"
}
[2025-11-11T10:32:51.201Z] [INFO] {
  "timestamp": "2025-11-11T10:32:51.201Z",
  "method": "GET",
  "url": "/favicon.ico",
  "ip": "127.0.0.1",
  "userId": "anonymous",
  "userAgent": "Mozilla/5.0 (Windows NT 10.0; Win64; x64) AppleWebKit/537.36 (KHTML, like Gecko) Chrome/142.0.0.0 Safari/537.36"
}
[2025-11-11T10:32:51.208Z] [INFO] {
  "timestamp": "2025-11-11T10:32:51.208Z",
  "method": "GET",
  "url": "/favicon.ico",
  "statusCode": 200,
  "responseTime": "7ms",
  "userId": "anonymous"
}
[2025-11-11T10:32:51.215Z] [INFO] {
  "timestamp": "2025-11-11T10:32:51.215Z",
  "method": "GET",
  "url": "/api/finance/stats?year=2025",
  "ip": "::1",
  "userId": "anonymous",
  "userAgent": "Mozilla/5.0 (Windows NT 10.0; Win64; x64) AppleWebKit/537.36 (KHTML, like Gecko) Chrome/142.0.0.0 Safari/537.36"
}
[2025-11-11T10:32:51.224Z] [INFO] {
  "timestamp": "2025-11-11T10:32:51.224Z",
  "method": "GET",
  "url": "/api/clients",
  "statusCode": 200,
  "responseTime": "48ms",
  "userId": "690c4c43be8f36eb0f3c17b9"
}
[2025-11-11T10:32:51.232Z] [INFO] {
  "timestamp": "2025-11-11T10:32:51.232Z",
  "method": "GET",
  "url": "/api/clients",
  "ip": "::1",
  "userId": "anonymous",
  "userAgent": "Mozilla/5.0 (Windows NT 10.0; Win64; x64) AppleWebKit/537.36 (KHTML, like Gecko) Chrome/142.0.0.0 Safari/537.36"
}
[2025-11-11T10:32:51.247Z] [INFO] {
  "timestamp": "2025-11-11T10:32:51.247Z",
  "method": "GET",
  "url": "/api/clients",
  "statusCode": 200,
  "responseTime": "15ms",
  "userId": "690c4c43be8f36eb0f3c17b9"
}
[2025-11-11T10:32:51.252Z] [INFO] {
  "timestamp": "2025-11-11T10:32:51.252Z",
  "method": "GET",
  "url": "/api/finance/projects?search=&status=all&year=2025",
  "statusCode": 200,
  "responseTime": "59ms",
  "userId": "690c4c43be8f36eb0f3c17b9"
}
[2025-11-11T10:32:51.261Z] [INFO] {
  "timestamp": "2025-11-11T10:32:51.261Z",
  "method": "GET",
  "url": "/api/finance/projects?search=&status=all&year=2025",
  "ip": "::1",
  "userId": "anonymous",
  "userAgent": "Mozilla/5.0 (Windows NT 10.0; Win64; x64) AppleWebKit/537.36 (KHTML, like Gecko) Chrome/142.0.0.0 Safari/537.36"
}
[2025-11-11T10:32:51.273Z] [INFO] {
  "timestamp": "2025-11-11T10:32:51.273Z",
  "method": "GET",
  "url": "/api/finance/stats?year=2025",
  "statusCode": 200,
  "responseTime": "59ms",
  "userId": "690c4c43be8f36eb0f3c17b9"
}
[2025-11-11T10:32:51.278Z] [INFO] {
  "timestamp": "2025-11-11T10:32:51.278Z",
  "method": "GET",
  "url": "/api/finance/stats?year=2025",
  "ip": "::1",
  "userId": "anonymous",
  "userAgent": "Mozilla/5.0 (Windows NT 10.0; Win64; x64) AppleWebKit/537.36 (KHTML, like Gecko) Chrome/142.0.0.0 Safari/537.36"
}
[2025-11-11T10:32:51.290Z] [INFO] {
  "timestamp": "2025-11-11T10:32:51.290Z",
  "method": "GET",
  "url": "/api/finance/projects?search=&status=all&year=2025",
  "statusCode": 200,
  "responseTime": "29ms",
  "userId": "690c4c43be8f36eb0f3c17b9"
}
[2025-11-11T10:32:51.311Z] [INFO] {
  "timestamp": "2025-11-11T10:32:51.311Z",
  "method": "GET",
  "url": "/api/finance/stats?year=2025",
  "statusCode": 200,
  "responseTime": "33ms",
  "userId": "690c4c43be8f36eb0f3c17b9"
}
[2025-11-11T10:33:06.527Z] [INFO] {
  "timestamp": "2025-11-11T10:33:06.527Z",
  "method": "GET",
  "url": "/api/clients",
  "ip": "::1",
  "userId": "anonymous",
  "userAgent": "Mozilla/5.0 (Windows NT 10.0; Win64; x64) AppleWebKit/537.36 (KHTML, like Gecko) Chrome/142.0.0.0 Safari/537.36"
}
[2025-11-11T10:33:06.536Z] [INFO] {
  "timestamp": "2025-11-11T10:33:06.536Z",
  "method": "GET",
  "url": "/api/clients",
  "statusCode": 200,
  "responseTime": "9ms",
  "userId": "690c4c43be8f36eb0f3c17b9"
}
[2025-11-11T10:33:06.540Z] [INFO] {
  "timestamp": "2025-11-11T10:33:06.540Z",
  "method": "GET",
  "url": "/api/clients",
  "ip": "::1",
  "userId": "anonymous",
  "userAgent": "Mozilla/5.0 (Windows NT 10.0; Win64; x64) AppleWebKit/537.36 (KHTML, like Gecko) Chrome/142.0.0.0 Safari/537.36"
}
[2025-11-11T10:33:06.546Z] [INFO] {
  "timestamp": "2025-11-11T10:33:06.546Z",
  "method": "GET",
  "url": "/api/clients",
  "statusCode": 200,
  "responseTime": "6ms",
  "userId": "690c4c43be8f36eb0f3c17b9"
}
[2025-11-11T10:33:06.846Z] [INFO] {
  "timestamp": "2025-11-11T10:33:06.846Z",
  "method": "GET",
  "url": "/favicon.ico",
  "ip": "127.0.0.1",
  "userId": "anonymous",
  "userAgent": "Mozilla/5.0 (Windows NT 10.0; Win64; x64) AppleWebKit/537.36 (KHTML, like Gecko) Chrome/142.0.0.0 Safari/537.36"
}
[2025-11-11T10:33:06.847Z] [INFO] {
  "timestamp": "2025-11-11T10:33:06.847Z",
  "method": "GET",
  "url": "/favicon.ico",
  "statusCode": 200,
  "responseTime": "1ms",
  "userId": "anonymous"
}
[2025-11-11T10:33:07.837Z] [INFO] {
  "timestamp": "2025-11-11T10:33:07.837Z",
  "method": "GET",
  "url": "/favicon.ico",
  "ip": "127.0.0.1",
  "userId": "anonymous",
  "userAgent": "Mozilla/5.0 (Windows NT 10.0; Win64; x64) AppleWebKit/537.36 (KHTML, like Gecko) Chrome/142.0.0.0 Safari/537.36"
}
[2025-11-11T10:33:07.843Z] [INFO] {
  "timestamp": "2025-11-11T10:33:07.843Z",
  "method": "GET",
  "url": "/favicon.ico",
  "statusCode": 200,
  "responseTime": "6ms",
  "userId": "anonymous"
}
[2025-11-11T10:33:07.849Z] [INFO] {
  "timestamp": "2025-11-11T10:33:07.849Z",
  "method": "GET",
  "url": "/api/finance/clients/691304ec4021687c5ca1a688/projects",
  "ip": "::1",
  "userId": "anonymous",
  "userAgent": "Mozilla/5.0 (Windows NT 10.0; Win64; x64) AppleWebKit/537.36 (KHTML, like Gecko) Chrome/142.0.0.0 Safari/537.36"
}
[2025-11-11T10:33:07.873Z] [INFO] {
  "timestamp": "2025-11-11T10:33:07.873Z",
  "method": "GET",
  "url": "/api/finance/clients/691304ec4021687c5ca1a688/projects",
  "statusCode": 200,
  "responseTime": "24ms",
  "userId": "690c4c43be8f36eb0f3c17b9"
}
[2025-11-11T10:33:07.877Z] [INFO] {
  "timestamp": "2025-11-11T10:33:07.877Z",
  "method": "GET",
  "url": "/api/finance/clients/691304ec4021687c5ca1a688/projects",
  "ip": "::1",
  "userId": "anonymous",
  "userAgent": "Mozilla/5.0 (Windows NT 10.0; Win64; x64) AppleWebKit/537.36 (KHTML, like Gecko) Chrome/142.0.0.0 Safari/537.36"
}
[2025-11-11T10:33:07.899Z] [INFO] {
  "timestamp": "2025-11-11T10:33:07.899Z",
  "method": "GET",
  "url": "/api/finance/clients/691304ec4021687c5ca1a688/projects",
  "statusCode": 200,
  "responseTime": "22ms",
  "userId": "690c4c43be8f36eb0f3c17b9"
}
[2025-11-11T10:33:16.529Z] [INFO] {
  "timestamp": "2025-11-11T10:33:16.528Z",
  "method": "GET",
  "url": "/api/clients",
  "ip": "::1",
  "userId": "anonymous",
  "userAgent": "Mozilla/5.0 (Windows NT 10.0; Win64; x64) AppleWebKit/537.36 (KHTML, like Gecko) Chrome/142.0.0.0 Safari/537.36"
}
[2025-11-11T10:33:16.542Z] [INFO] {
  "timestamp": "2025-11-11T10:33:16.542Z",
  "method": "GET",
  "url": "/api/clients",
  "statusCode": 200,
  "responseTime": "14ms",
  "userId": "690c4c43be8f36eb0f3c17b9"
}
[2025-11-11T10:33:16.549Z] [INFO] {
  "timestamp": "2025-11-11T10:33:16.549Z",
  "method": "GET",
  "url": "/api/clients",
  "ip": "::1",
  "userId": "anonymous",
  "userAgent": "Mozilla/5.0 (Windows NT 10.0; Win64; x64) AppleWebKit/537.36 (KHTML, like Gecko) Chrome/142.0.0.0 Safari/537.36"
}
[2025-11-11T10:33:16.561Z] [INFO] {
  "timestamp": "2025-11-11T10:33:16.561Z",
  "method": "GET",
  "url": "/api/clients",
  "statusCode": 200,
  "responseTime": "12ms",
  "userId": "690c4c43be8f36eb0f3c17b9"
}
[2025-11-11T10:33:17.024Z] [INFO] {
  "timestamp": "2025-11-11T10:33:17.024Z",
  "method": "GET",
  "url": "/favicon.ico",
  "ip": "127.0.0.1",
  "userId": "anonymous",
  "userAgent": "Mozilla/5.0 (Windows NT 10.0; Win64; x64) AppleWebKit/537.36 (KHTML, like Gecko) Chrome/142.0.0.0 Safari/537.36"
}
[2025-11-11T10:33:17.025Z] [INFO] {
  "timestamp": "2025-11-11T10:33:17.025Z",
  "method": "GET",
  "url": "/favicon.ico",
  "statusCode": 200,
  "responseTime": "1ms",
  "userId": "anonymous"
}
[2025-11-11T10:34:34.773Z] [INFO] {
  "timestamp": "2025-11-11T10:34:34.773Z",
  "method": "GET",
  "url": "/api/clients",
  "ip": "::1",
  "userId": "anonymous",
  "userAgent": "Mozilla/5.0 (Windows NT 10.0; Win64; x64) AppleWebKit/537.36 (KHTML, like Gecko) Chrome/142.0.0.0 Safari/537.36"
}
[2025-11-11T10:34:34.789Z] [INFO] {
  "timestamp": "2025-11-11T10:34:34.789Z",
  "method": "GET",
  "url": "/api/clients",
  "statusCode": 200,
  "responseTime": "16ms",
  "userId": "690c4c43be8f36eb0f3c17b9"
}
[2025-11-11T10:34:41.762Z] [INFO] {
  "timestamp": "2025-11-11T10:34:41.762Z",
  "method": "GET",
  "url": "/api/clients",
  "ip": "::1",
  "userId": "anonymous",
  "userAgent": "Mozilla/5.0 (Windows NT 10.0; Win64; x64) AppleWebKit/537.36 (KHTML, like Gecko) Chrome/142.0.0.0 Safari/537.36"
}
[2025-11-11T10:34:41.773Z] [INFO] {
  "timestamp": "2025-11-11T10:34:41.773Z",
  "method": "GET",
  "url": "/api/clients",
  "statusCode": 200,
  "responseTime": "11ms",
  "userId": "690c4c43be8f36eb0f3c17b9"
}
[2025-11-11T10:35:04.763Z] [INFO] {
  "timestamp": "2025-11-11T10:35:04.763Z",
  "method": "GET",
  "url": "/api/clients",
  "ip": "::1",
  "userId": "anonymous",
  "userAgent": "Mozilla/5.0 (Windows NT 10.0; Win64; x64) AppleWebKit/537.36 (KHTML, like Gecko) Chrome/142.0.0.0 Safari/537.36"
}
[2025-11-11T10:35:04.774Z] [INFO] {
  "timestamp": "2025-11-11T10:35:04.774Z",
  "method": "GET",
  "url": "/api/clients",
  "statusCode": 200,
  "responseTime": "11ms",
  "userId": "690c4c43be8f36eb0f3c17b9"
}
[2025-11-11T10:35:30.637Z] [INFO] {
  "timestamp": "2025-11-11T10:35:30.637Z",
  "method": "GET",
  "url": "/api/clients",
  "ip": "::1",
  "userId": "anonymous",
  "userAgent": "Mozilla/5.0 (Windows NT 10.0; Win64; x64) AppleWebKit/537.36 (KHTML, like Gecko) Chrome/142.0.0.0 Safari/537.36"
}
[2025-11-11T10:35:30.673Z] [INFO] {
  "timestamp": "2025-11-11T10:35:30.673Z",
  "method": "GET",
  "url": "/api/clients",
  "statusCode": 200,
  "responseTime": "36ms",
  "userId": "690c4c43be8f36eb0f3c17b9"
}
[2025-11-11T10:36:13.355Z] [INFO] {
  "timestamp": "2025-11-11T10:36:13.355Z",
  "method": "GET",
  "url": "/api/auth/me",
  "ip": "::1",
  "userId": "anonymous",
  "userAgent": "Mozilla/5.0 (Windows NT 10.0; Win64; x64) AppleWebKit/537.36 (KHTML, like Gecko) Chrome/142.0.0.0 Safari/537.36"
}
[2025-11-11T10:36:13.422Z] [INFO] {
  "timestamp": "2025-11-11T10:36:13.422Z",
  "method": "GET",
  "url": "/api/auth/me",
  "statusCode": 200,
  "responseTime": "67ms",
  "userId": "690c4c43be8f36eb0f3c17b9"
}
[2025-11-11T10:36:13.435Z] [INFO] {
  "timestamp": "2025-11-11T10:36:13.435Z",
  "method": "GET",
  "url": "/api/auth/me",
  "ip": "::1",
  "userId": "anonymous",
  "userAgent": "Mozilla/5.0 (Windows NT 10.0; Win64; x64) AppleWebKit/537.36 (KHTML, like Gecko) Chrome/142.0.0.0 Safari/537.36"
}
[2025-11-11T10:36:13.461Z] [INFO] {
  "timestamp": "2025-11-11T10:36:13.461Z",
  "method": "GET",
  "url": "/api/auth/me",
  "statusCode": 200,
  "responseTime": "26ms",
  "userId": "690c4c43be8f36eb0f3c17b9"
}
[2025-11-11T10:36:13.483Z] [INFO] {
  "timestamp": "2025-11-11T10:36:13.483Z",
  "method": "GET",
  "url": "/api/clients",
  "ip": "::1",
  "userId": "anonymous",
  "userAgent": "Mozilla/5.0 (Windows NT 10.0; Win64; x64) AppleWebKit/537.36 (KHTML, like Gecko) Chrome/142.0.0.0 Safari/537.36"
}
[2025-11-11T10:36:13.491Z] [INFO] {
  "timestamp": "2025-11-11T10:36:13.491Z",
  "method": "GET",
  "url": "/api/clients",
  "statusCode": 200,
  "responseTime": "8ms",
  "userId": "690c4c43be8f36eb0f3c17b9"
}
[2025-11-11T10:36:13.497Z] [INFO] {
  "timestamp": "2025-11-11T10:36:13.497Z",
  "method": "GET",
  "url": "/api/clients",
  "ip": "::1",
  "userId": "anonymous",
  "userAgent": "Mozilla/5.0 (Windows NT 10.0; Win64; x64) AppleWebKit/537.36 (KHTML, like Gecko) Chrome/142.0.0.0 Safari/537.36"
}
[2025-11-11T10:36:13.506Z] [INFO] {
  "timestamp": "2025-11-11T10:36:13.506Z",
  "method": "GET",
  "url": "/api/clients",
  "statusCode": 200,
  "responseTime": "9ms",
  "userId": "690c4c43be8f36eb0f3c17b9"
}
[2025-11-11T10:36:14.177Z] [INFO] {
  "timestamp": "2025-11-11T10:36:14.177Z",
  "method": "GET",
  "url": "/favicon.ico",
  "ip": "127.0.0.1",
  "userId": "anonymous",
  "userAgent": "Mozilla/5.0 (Windows NT 10.0; Win64; x64) AppleWebKit/537.36 (KHTML, like Gecko) Chrome/142.0.0.0 Safari/537.36"
}
[2025-11-11T10:36:14.178Z] [INFO] {
  "timestamp": "2025-11-11T10:36:14.178Z",
  "method": "GET",
  "url": "/favicon.ico",
  "statusCode": 200,
  "responseTime": "1ms",
  "userId": "anonymous"
}
[2025-11-11T10:38:18.938Z] [INFO] {
  "timestamp": "2025-11-11T10:38:18.938Z",
  "method": "GET",
  "url": "/api/finance/clients/691304ec4021687c5ca1a688/projects",
  "ip": "::1",
  "userId": "anonymous",
  "userAgent": "Mozilla/5.0 (Windows NT 10.0; Win64; x64) AppleWebKit/537.36 (KHTML, like Gecko) Chrome/142.0.0.0 Safari/537.36"
}
[2025-11-11T10:38:18.958Z] [INFO] {
  "timestamp": "2025-11-11T10:38:18.958Z",
  "method": "GET",
  "url": "/api/finance/clients/691304ec4021687c5ca1a688/projects",
  "statusCode": 200,
  "responseTime": "20ms",
  "userId": "690c4c43be8f36eb0f3c17b9"
}
[2025-11-11T10:38:18.968Z] [INFO] {
  "timestamp": "2025-11-11T10:38:18.968Z",
  "method": "GET",
  "url": "/api/finance/clients/691304ec4021687c5ca1a688/projects",
  "ip": "::1",
  "userId": "anonymous",
  "userAgent": "Mozilla/5.0 (Windows NT 10.0; Win64; x64) AppleWebKit/537.36 (KHTML, like Gecko) Chrome/142.0.0.0 Safari/537.36"
}
[2025-11-11T10:38:19.007Z] [INFO] {
  "timestamp": "2025-11-11T10:38:19.007Z",
  "method": "GET",
  "url": "/api/finance/clients/691304ec4021687c5ca1a688/projects",
  "statusCode": 200,
  "responseTime": "39ms",
  "userId": "690c4c43be8f36eb0f3c17b9"
}
[2025-11-11T10:38:19.257Z] [INFO] {
  "timestamp": "2025-11-11T10:38:19.257Z",
  "method": "GET",
  "url": "/favicon.ico",
  "ip": "127.0.0.1",
  "userId": "anonymous",
  "userAgent": "Mozilla/5.0 (Windows NT 10.0; Win64; x64) AppleWebKit/537.36 (KHTML, like Gecko) Chrome/142.0.0.0 Safari/537.36"
}
[2025-11-11T10:38:19.258Z] [INFO] {
  "timestamp": "2025-11-11T10:38:19.258Z",
  "method": "GET",
  "url": "/favicon.ico",
  "statusCode": 200,
  "responseTime": "1ms",
  "userId": "anonymous"
}
[2025-11-11T10:38:20.943Z] [INFO] {
  "timestamp": "2025-11-11T10:38:20.943Z",
  "method": "GET",
  "url": "/api/clients",
  "ip": "::1",
  "userId": "anonymous",
  "userAgent": "Mozilla/5.0 (Windows NT 10.0; Win64; x64) AppleWebKit/537.36 (KHTML, like Gecko) Chrome/142.0.0.0 Safari/537.36"
}
[2025-11-11T10:38:20.951Z] [INFO] {
  "timestamp": "2025-11-11T10:38:20.951Z",
  "method": "GET",
  "url": "/favicon.ico",
  "ip": "127.0.0.1",
  "userId": "anonymous",
  "userAgent": "Mozilla/5.0 (Windows NT 10.0; Win64; x64) AppleWebKit/537.36 (KHTML, like Gecko) Chrome/142.0.0.0 Safari/537.36"
}
[2025-11-11T10:38:20.956Z] [INFO] {
  "timestamp": "2025-11-11T10:38:20.956Z",
  "method": "GET",
  "url": "/favicon.ico",
  "statusCode": 200,
  "responseTime": "5ms",
  "userId": "anonymous"
}
[2025-11-11T10:38:20.970Z] [INFO] {
  "timestamp": "2025-11-11T10:38:20.970Z",
  "method": "GET",
  "url": "/api/clients",
  "statusCode": 200,
  "responseTime": "27ms",
  "userId": "690c4c43be8f36eb0f3c17b9"
}
[2025-11-11T10:38:20.974Z] [INFO] {
  "timestamp": "2025-11-11T10:38:20.974Z",
  "method": "GET",
  "url": "/api/clients",
  "ip": "::1",
  "userId": "anonymous",
  "userAgent": "Mozilla/5.0 (Windows NT 10.0; Win64; x64) AppleWebKit/537.36 (KHTML, like Gecko) Chrome/142.0.0.0 Safari/537.36"
}
[2025-11-11T10:38:20.981Z] [INFO] {
  "timestamp": "2025-11-11T10:38:20.981Z",
  "method": "GET",
  "url": "/api/clients",
  "statusCode": 200,
  "responseTime": "7ms",
  "userId": "690c4c43be8f36eb0f3c17b9"
}
[2025-11-11T10:38:21.747Z] [INFO] {
  "timestamp": "2025-11-11T10:38:21.747Z",
  "method": "GET",
  "url": "/api/finance/clients/6912bc9418e070671809ddc8/projects",
  "ip": "::1",
  "userId": "anonymous",
  "userAgent": "Mozilla/5.0 (Windows NT 10.0; Win64; x64) AppleWebKit/537.36 (KHTML, like Gecko) Chrome/142.0.0.0 Safari/537.36"
}
[2025-11-11T10:38:21.763Z] [INFO] {
  "timestamp": "2025-11-11T10:38:21.763Z",
  "method": "GET",
  "url": "/api/finance/clients/6912bc9418e070671809ddc8/projects",
  "statusCode": 200,
  "responseTime": "16ms",
  "userId": "690c4c43be8f36eb0f3c17b9"
}
[2025-11-11T10:38:21.769Z] [INFO] {
  "timestamp": "2025-11-11T10:38:21.769Z",
  "method": "GET",
  "url": "/api/finance/clients/6912bc9418e070671809ddc8/projects",
  "ip": "::1",
  "userId": "anonymous",
  "userAgent": "Mozilla/5.0 (Windows NT 10.0; Win64; x64) AppleWebKit/537.36 (KHTML, like Gecko) Chrome/142.0.0.0 Safari/537.36"
}
[2025-11-11T10:38:21.782Z] [INFO] {
  "timestamp": "2025-11-11T10:38:21.781Z",
  "method": "GET",
  "url": "/api/finance/clients/6912bc9418e070671809ddc8/projects",
  "statusCode": 200,
  "responseTime": "12ms",
  "userId": "690c4c43be8f36eb0f3c17b9"
}
[2025-11-11T10:38:22.063Z] [INFO] {
  "timestamp": "2025-11-11T10:38:22.062Z",
  "method": "GET",
  "url": "/favicon.ico",
  "ip": "127.0.0.1",
  "userId": "anonymous",
  "userAgent": "Mozilla/5.0 (Windows NT 10.0; Win64; x64) AppleWebKit/537.36 (KHTML, like Gecko) Chrome/142.0.0.0 Safari/537.36"
}
[2025-11-11T10:38:22.064Z] [INFO] {
  "timestamp": "2025-11-11T10:38:22.064Z",
  "method": "GET",
  "url": "/favicon.ico",
  "statusCode": 200,
  "responseTime": "2ms",
  "userId": "anonymous"
}
[2025-11-11T10:38:22.974Z] [INFO] {
  "timestamp": "2025-11-11T10:38:22.974Z",
  "method": "GET",
  "url": "/api/clients",
  "ip": "::1",
  "userId": "anonymous",
  "userAgent": "Mozilla/5.0 (Windows NT 10.0; Win64; x64) AppleWebKit/537.36 (KHTML, like Gecko) Chrome/142.0.0.0 Safari/537.36"
}
[2025-11-11T10:38:22.985Z] [INFO] {
  "timestamp": "2025-11-11T10:38:22.985Z",
  "method": "GET",
  "url": "/favicon.ico",
  "ip": "127.0.0.1",
  "userId": "anonymous",
  "userAgent": "Mozilla/5.0 (Windows NT 10.0; Win64; x64) AppleWebKit/537.36 (KHTML, like Gecko) Chrome/142.0.0.0 Safari/537.36"
}
[2025-11-11T10:38:22.990Z] [INFO] {
  "timestamp": "2025-11-11T10:38:22.990Z",
  "method": "GET",
  "url": "/favicon.ico",
  "statusCode": 200,
  "responseTime": "5ms",
  "userId": "anonymous"
}
[2025-11-11T10:38:23.008Z] [INFO] {
  "timestamp": "2025-11-11T10:38:23.007Z",
  "method": "GET",
  "url": "/api/clients",
  "statusCode": 200,
  "responseTime": "33ms",
  "userId": "690c4c43be8f36eb0f3c17b9"
}
[2025-11-11T10:38:23.013Z] [INFO] {
  "timestamp": "2025-11-11T10:38:23.013Z",
  "method": "GET",
  "url": "/api/clients",
  "ip": "::1",
  "userId": "anonymous",
  "userAgent": "Mozilla/5.0 (Windows NT 10.0; Win64; x64) AppleWebKit/537.36 (KHTML, like Gecko) Chrome/142.0.0.0 Safari/537.36"
}
[2025-11-11T10:38:23.023Z] [INFO] {
  "timestamp": "2025-11-11T10:38:23.023Z",
  "method": "GET",
  "url": "/api/clients",
  "statusCode": 200,
  "responseTime": "10ms",
  "userId": "690c4c43be8f36eb0f3c17b9"
}
[2025-11-11T10:38:28.690Z] [INFO] {
  "timestamp": "2025-11-11T10:38:28.690Z",
  "method": "GET",
  "url": "/api/finance/clients/691304ec4021687c5ca1a688/projects",
  "ip": "::1",
  "userId": "anonymous",
  "userAgent": "Mozilla/5.0 (Windows NT 10.0; Win64; x64) AppleWebKit/537.36 (KHTML, like Gecko) Chrome/142.0.0.0 Safari/537.36"
}
[2025-11-11T10:38:28.713Z] [INFO] {
  "timestamp": "2025-11-11T10:38:28.712Z",
  "method": "GET",
  "url": "/api/finance/clients/691304ec4021687c5ca1a688/projects",
  "statusCode": 200,
  "responseTime": "22ms",
  "userId": "690c4c43be8f36eb0f3c17b9"
}
[2025-11-11T10:38:28.720Z] [INFO] {
  "timestamp": "2025-11-11T10:38:28.720Z",
  "method": "GET",
  "url": "/api/finance/clients/691304ec4021687c5ca1a688/projects",
  "ip": "::1",
  "userId": "anonymous",
  "userAgent": "Mozilla/5.0 (Windows NT 10.0; Win64; x64) AppleWebKit/537.36 (KHTML, like Gecko) Chrome/142.0.0.0 Safari/537.36"
}
[2025-11-11T10:38:28.737Z] [INFO] {
  "timestamp": "2025-11-11T10:38:28.737Z",
  "method": "GET",
  "url": "/api/finance/clients/691304ec4021687c5ca1a688/projects",
  "statusCode": 200,
  "responseTime": "17ms",
  "userId": "690c4c43be8f36eb0f3c17b9"
}
[2025-11-11T10:38:28.997Z] [INFO] {
  "timestamp": "2025-11-11T10:38:28.997Z",
  "method": "GET",
  "url": "/favicon.ico",
  "ip": "127.0.0.1",
  "userId": "anonymous",
  "userAgent": "Mozilla/5.0 (Windows NT 10.0; Win64; x64) AppleWebKit/537.36 (KHTML, like Gecko) Chrome/142.0.0.0 Safari/537.36"
}
[2025-11-11T10:38:28.998Z] [INFO] {
  "timestamp": "2025-11-11T10:38:28.998Z",
  "method": "GET",
  "url": "/favicon.ico",
  "statusCode": 200,
  "responseTime": "1ms",
  "userId": "anonymous"
}
[2025-11-11T10:41:32.309Z] [INFO] {
  "timestamp": "2025-11-11T10:41:32.309Z",
  "method": "GET",
  "url": "/api/clients",
  "ip": "::1",
  "userId": "anonymous",
  "userAgent": "Mozilla/5.0 (Windows NT 10.0; Win64; x64) AppleWebKit/537.36 (KHTML, like Gecko) Chrome/142.0.0.0 Safari/537.36"
}
[2025-11-11T10:41:32.316Z] [INFO] {
  "timestamp": "2025-11-11T10:41:32.316Z",
  "method": "GET",
  "url": "/api/clients",
  "statusCode": 200,
  "responseTime": "7ms",
  "userId": "690c4c43be8f36eb0f3c17b9"
}
[2025-11-11T10:41:32.328Z] [INFO] {
  "timestamp": "2025-11-11T10:41:32.328Z",
  "method": "GET",
  "url": "/api/clients",
  "ip": "::1",
  "userId": "anonymous",
  "userAgent": "Mozilla/5.0 (Windows NT 10.0; Win64; x64) AppleWebKit/537.36 (KHTML, like Gecko) Chrome/142.0.0.0 Safari/537.36"
}
[2025-11-11T10:41:32.338Z] [INFO] {
  "timestamp": "2025-11-11T10:41:32.338Z",
  "method": "GET",
  "url": "/api/clients",
  "statusCode": 200,
  "responseTime": "10ms",
  "userId": "690c4c43be8f36eb0f3c17b9"
}
[2025-11-11T10:41:32.627Z] [INFO] {
  "timestamp": "2025-11-11T10:41:32.627Z",
  "method": "GET",
  "url": "/favicon.ico",
  "ip": "127.0.0.1",
  "userId": "anonymous",
  "userAgent": "Mozilla/5.0 (Windows NT 10.0; Win64; x64) AppleWebKit/537.36 (KHTML, like Gecko) Chrome/142.0.0.0 Safari/537.36"
}
[2025-11-11T10:41:32.628Z] [INFO] {
  "timestamp": "2025-11-11T10:41:32.628Z",
  "method": "GET",
  "url": "/favicon.ico",
  "statusCode": 200,
  "responseTime": "1ms",
  "userId": "anonymous"
}
[2025-11-11T10:43:27.955Z] [INFO] {
  "timestamp": "2025-11-11T10:43:27.955Z",
  "method": "GET",
  "url": "/api/system/stats",
  "ip": "::1",
  "userId": "anonymous",
  "userAgent": "Mozilla/5.0 (Windows NT 10.0; Win64; x64) AppleWebKit/537.36 (KHTML, like Gecko) Chrome/142.0.0.0 Safari/537.36"
}
[2025-11-11T10:43:27.979Z] [INFO] {
  "timestamp": "2025-11-11T10:43:27.979Z",
  "method": "GET",
  "url": "/api/system/stats",
  "statusCode": 200,
  "responseTime": "24ms",
  "userId": "690c4c43be8f36eb0f3c17b9"
}
[2025-11-11T10:43:27.992Z] [INFO] {
  "timestamp": "2025-11-11T10:43:27.992Z",
  "method": "GET",
  "url": "/api/system/stats",
  "ip": "::1",
  "userId": "anonymous",
  "userAgent": "Mozilla/5.0 (Windows NT 10.0; Win64; x64) AppleWebKit/537.36 (KHTML, like Gecko) Chrome/142.0.0.0 Safari/537.36"
}
[2025-11-11T10:43:28.019Z] [INFO] {
  "timestamp": "2025-11-11T10:43:28.019Z",
  "method": "GET",
  "url": "/api/system/stats",
  "statusCode": 200,
  "responseTime": "27ms",
  "userId": "690c4c43be8f36eb0f3c17b9"
}
[2025-11-11T10:43:28.122Z] [INFO] {
  "timestamp": "2025-11-11T10:43:28.122Z",
  "method": "GET",
  "url": "/favicon.ico",
  "ip": "127.0.0.1",
  "userId": "anonymous",
  "userAgent": "Mozilla/5.0 (Windows NT 10.0; Win64; x64) AppleWebKit/537.36 (KHTML, like Gecko) Chrome/142.0.0.0 Safari/537.36"
}
[2025-11-11T10:43:28.123Z] [INFO] {
  "timestamp": "2025-11-11T10:43:28.123Z",
  "method": "GET",
  "url": "/favicon.ico",
  "statusCode": 200,
  "responseTime": "1ms",
  "userId": "anonymous"
}
[2025-11-11T10:43:31.882Z] [INFO] {
  "timestamp": "2025-11-11T10:43:31.882Z",
  "method": "GET",
  "url": "/api/clients",
  "ip": "::1",
  "userId": "anonymous",
  "userAgent": "Mozilla/5.0 (Windows NT 10.0; Win64; x64) AppleWebKit/537.36 (KHTML, like Gecko) Chrome/142.0.0.0 Safari/537.36"
}
[2025-11-11T10:43:31.890Z] [INFO] {
  "timestamp": "2025-11-11T10:43:31.890Z",
  "method": "GET",
  "url": "/favicon.ico",
  "ip": "127.0.0.1",
  "userId": "anonymous",
  "userAgent": "Mozilla/5.0 (Windows NT 10.0; Win64; x64) AppleWebKit/537.36 (KHTML, like Gecko) Chrome/142.0.0.0 Safari/537.36"
}
[2025-11-11T10:43:31.891Z] [INFO] {
  "timestamp": "2025-11-11T10:43:31.891Z",
  "method": "GET",
  "url": "/favicon.ico",
  "statusCode": 200,
  "responseTime": "1ms",
  "userId": "anonymous"
}
[2025-11-11T10:43:31.898Z] [INFO] {
  "timestamp": "2025-11-11T10:43:31.898Z",
  "method": "GET",
  "url": "/api/clients",
  "statusCode": 200,
  "responseTime": "16ms",
  "userId": "690c4c43be8f36eb0f3c17b9"
}
[2025-11-11T10:43:31.909Z] [INFO] {
  "timestamp": "2025-11-11T10:43:31.909Z",
  "method": "GET",
  "url": "/api/clients",
  "ip": "::1",
  "userId": "anonymous",
  "userAgent": "Mozilla/5.0 (Windows NT 10.0; Win64; x64) AppleWebKit/537.36 (KHTML, like Gecko) Chrome/142.0.0.0 Safari/537.36"
}
[2025-11-11T10:43:31.924Z] [INFO] {
  "timestamp": "2025-11-11T10:43:31.924Z",
  "method": "GET",
  "url": "/api/clients",
  "statusCode": 200,
  "responseTime": "15ms",
  "userId": "690c4c43be8f36eb0f3c17b9"
}
[2025-11-11T10:44:14.481Z] [INFO] {
  "timestamp": "2025-11-11T10:44:14.481Z",
  "method": "GET",
  "url": "/favicon.ico",
  "ip": "127.0.0.1",
  "userId": "anonymous",
  "userAgent": "Mozilla/5.0 (Windows NT 10.0; Win64; x64) AppleWebKit/537.36 (KHTML, like Gecko) Chrome/142.0.0.0 Safari/537.36"
}
[2025-11-11T10:44:14.482Z] [INFO] {
  "timestamp": "2025-11-11T10:44:14.482Z",
  "method": "GET",
  "url": "/favicon.ico",
  "statusCode": 200,
  "responseTime": "1ms",
  "userId": "anonymous"
}
[2025-11-11T10:44:14.487Z] [INFO] {
  "timestamp": "2025-11-11T10:44:14.487Z",
  "method": "GET",
  "url": "/api/system/stats",
  "ip": "::1",
  "userId": "anonymous",
  "userAgent": "Mozilla/5.0 (Windows NT 10.0; Win64; x64) AppleWebKit/537.36 (KHTML, like Gecko) Chrome/142.0.0.0 Safari/537.36"
}
[2025-11-11T10:44:14.504Z] [INFO] {
  "timestamp": "2025-11-11T10:44:14.504Z",
  "method": "GET",
  "url": "/api/system/stats",
  "statusCode": 200,
  "responseTime": "17ms",
  "userId": "690c4c43be8f36eb0f3c17b9"
}
[2025-11-11T10:44:14.510Z] [INFO] {
  "timestamp": "2025-11-11T10:44:14.510Z",
  "method": "GET",
  "url": "/api/system/stats",
  "ip": "::1",
  "userId": "anonymous",
  "userAgent": "Mozilla/5.0 (Windows NT 10.0; Win64; x64) AppleWebKit/537.36 (KHTML, like Gecko) Chrome/142.0.0.0 Safari/537.36"
}
[2025-11-11T10:44:14.522Z] [INFO] {
  "timestamp": "2025-11-11T10:44:14.522Z",
  "method": "GET",
  "url": "/api/system/stats",
  "statusCode": 200,
  "responseTime": "12ms",
  "userId": "690c4c43be8f36eb0f3c17b9"
}
[2025-11-11T10:44:16.128Z] [INFO] {
  "timestamp": "2025-11-11T10:44:16.128Z",
  "method": "GET",
  "url": "/api/clients",
  "ip": "::1",
  "userId": "anonymous",
  "userAgent": "Mozilla/5.0 (Windows NT 10.0; Win64; x64) AppleWebKit/537.36 (KHTML, like Gecko) Chrome/142.0.0.0 Safari/537.36"
}
[2025-11-11T10:44:16.135Z] [INFO] {
  "timestamp": "2025-11-11T10:44:16.135Z",
  "method": "GET",
  "url": "/api/clients",
  "statusCode": 200,
  "responseTime": "7ms",
  "userId": "690c4c43be8f36eb0f3c17b9"
}
[2025-11-11T10:44:16.140Z] [INFO] {
  "timestamp": "2025-11-11T10:44:16.140Z",
  "method": "GET",
  "url": "/api/clients",
  "ip": "::1",
  "userId": "anonymous",
  "userAgent": "Mozilla/5.0 (Windows NT 10.0; Win64; x64) AppleWebKit/537.36 (KHTML, like Gecko) Chrome/142.0.0.0 Safari/537.36"
}
[2025-11-11T10:44:16.148Z] [INFO] {
  "timestamp": "2025-11-11T10:44:16.148Z",
  "method": "GET",
  "url": "/api/clients",
  "statusCode": 200,
  "responseTime": "8ms",
  "userId": "690c4c43be8f36eb0f3c17b9"
}
[2025-11-11T10:44:16.440Z] [INFO] {
  "timestamp": "2025-11-11T10:44:16.440Z",
  "method": "GET",
  "url": "/favicon.ico",
  "ip": "127.0.0.1",
  "userId": "anonymous",
  "userAgent": "Mozilla/5.0 (Windows NT 10.0; Win64; x64) AppleWebKit/537.36 (KHTML, like Gecko) Chrome/142.0.0.0 Safari/537.36"
}
[2025-11-11T10:44:16.441Z] [INFO] {
  "timestamp": "2025-11-11T10:44:16.441Z",
  "method": "GET",
  "url": "/favicon.ico",
  "statusCode": 200,
  "responseTime": "1ms",
  "userId": "anonymous"
}
[2025-11-11T10:44:18.156Z] [INFO] {
  "timestamp": "2025-11-11T10:44:18.156Z",
  "method": "GET",
  "url": "/api/system/stats",
  "ip": "::1",
  "userId": "anonymous",
  "userAgent": "Mozilla/5.0 (Windows NT 10.0; Win64; x64) AppleWebKit/537.36 (KHTML, like Gecko) Chrome/142.0.0.0 Safari/537.36"
}
[2025-11-11T10:44:18.165Z] [INFO] {
  "timestamp": "2025-11-11T10:44:18.165Z",
  "method": "GET",
  "url": "/favicon.ico",
  "ip": "127.0.0.1",
  "userId": "anonymous",
  "userAgent": "Mozilla/5.0 (Windows NT 10.0; Win64; x64) AppleWebKit/537.36 (KHTML, like Gecko) Chrome/142.0.0.0 Safari/537.36"
}
[2025-11-11T10:44:18.170Z] [INFO] {
  "timestamp": "2025-11-11T10:44:18.170Z",
  "method": "GET",
  "url": "/favicon.ico",
  "statusCode": 200,
  "responseTime": "5ms",
  "userId": "anonymous"
}
[2025-11-11T10:44:18.188Z] [INFO] {
  "timestamp": "2025-11-11T10:44:18.188Z",
  "method": "GET",
  "url": "/api/system/stats",
  "statusCode": 200,
  "responseTime": "32ms",
  "userId": "690c4c43be8f36eb0f3c17b9"
}
[2025-11-11T10:44:18.194Z] [INFO] {
  "timestamp": "2025-11-11T10:44:18.194Z",
  "method": "GET",
  "url": "/api/system/stats",
  "ip": "::1",
  "userId": "anonymous",
  "userAgent": "Mozilla/5.0 (Windows NT 10.0; Win64; x64) AppleWebKit/537.36 (KHTML, like Gecko) Chrome/142.0.0.0 Safari/537.36"
}
[2025-11-11T10:44:18.211Z] [INFO] {
  "timestamp": "2025-11-11T10:44:18.211Z",
  "method": "GET",
  "url": "/api/system/stats",
  "statusCode": 200,
  "responseTime": "17ms",
  "userId": "690c4c43be8f36eb0f3c17b9"
}
[2025-11-11T10:44:19.773Z] [INFO] {
  "timestamp": "2025-11-11T10:44:19.773Z",
  "method": "GET",
  "url": "/api/clients",
  "ip": "::1",
  "userId": "anonymous",
  "userAgent": "Mozilla/5.0 (Windows NT 10.0; Win64; x64) AppleWebKit/537.36 (KHTML, like Gecko) Chrome/142.0.0.0 Safari/537.36"
}
[2025-11-11T10:44:19.782Z] [INFO] {
  "timestamp": "2025-11-11T10:44:19.782Z",
  "method": "GET",
  "url": "/api/clients",
  "statusCode": 200,
  "responseTime": "9ms",
  "userId": "690c4c43be8f36eb0f3c17b9"
}
[2025-11-11T10:44:19.786Z] [INFO] {
  "timestamp": "2025-11-11T10:44:19.786Z",
  "method": "GET",
  "url": "/api/clients",
  "ip": "::1",
  "userId": "anonymous",
  "userAgent": "Mozilla/5.0 (Windows NT 10.0; Win64; x64) AppleWebKit/537.36 (KHTML, like Gecko) Chrome/142.0.0.0 Safari/537.36"
}
[2025-11-11T10:44:19.795Z] [INFO] {
  "timestamp": "2025-11-11T10:44:19.795Z",
  "method": "GET",
  "url": "/api/clients",
  "statusCode": 200,
  "responseTime": "9ms",
  "userId": "690c4c43be8f36eb0f3c17b9"
}
[2025-11-11T10:44:20.089Z] [INFO] {
  "timestamp": "2025-11-11T10:44:20.089Z",
  "method": "GET",
  "url": "/favicon.ico",
  "ip": "127.0.0.1",
  "userId": "anonymous",
  "userAgent": "Mozilla/5.0 (Windows NT 10.0; Win64; x64) AppleWebKit/537.36 (KHTML, like Gecko) Chrome/142.0.0.0 Safari/537.36"
}
[2025-11-11T10:44:20.090Z] [INFO] {
  "timestamp": "2025-11-11T10:44:20.090Z",
  "method": "GET",
  "url": "/favicon.ico",
  "statusCode": 200,
  "responseTime": "1ms",
  "userId": "anonymous"
}
[2025-11-11T10:46:20.673Z] [INFO] {
  "timestamp": "2025-11-11T10:46:20.673Z",
  "method": "GET",
  "url": "/api/clients",
  "ip": "::1",
  "userId": "anonymous",
  "userAgent": "Mozilla/5.0 (Windows NT 10.0; Win64; x64) AppleWebKit/537.36 (KHTML, like Gecko) Chrome/142.0.0.0 Safari/537.36"
}
[2025-11-11T10:46:20.683Z] [INFO] {
  "timestamp": "2025-11-11T10:46:20.683Z",
  "method": "GET",
  "url": "/api/clients",
  "statusCode": 200,
  "responseTime": "10ms",
  "userId": "690c4c43be8f36eb0f3c17b9"
}
[2025-11-11T10:46:20.694Z] [INFO] {
  "timestamp": "2025-11-11T10:46:20.693Z",
  "method": "GET",
  "url": "/api/clients",
  "ip": "::1",
  "userId": "anonymous",
  "userAgent": "Mozilla/5.0 (Windows NT 10.0; Win64; x64) AppleWebKit/537.36 (KHTML, like Gecko) Chrome/142.0.0.0 Safari/537.36"
}
[2025-11-11T10:46:20.712Z] [INFO] {
  "timestamp": "2025-11-11T10:46:20.712Z",
  "method": "GET",
  "url": "/api/clients",
  "statusCode": 200,
  "responseTime": "19ms",
  "userId": "690c4c43be8f36eb0f3c17b9"
}
[2025-11-11T10:46:20.966Z] [INFO] {
  "timestamp": "2025-11-11T10:46:20.966Z",
  "method": "GET",
  "url": "/favicon.ico",
  "ip": "127.0.0.1",
  "userId": "anonymous",
  "userAgent": "Mozilla/5.0 (Windows NT 10.0; Win64; x64) AppleWebKit/537.36 (KHTML, like Gecko) Chrome/142.0.0.0 Safari/537.36"
}
[2025-11-11T10:46:20.967Z] [INFO] {
  "timestamp": "2025-11-11T10:46:20.967Z",
  "method": "GET",
  "url": "/favicon.ico",
  "statusCode": 200,
  "responseTime": "1ms",
  "userId": "anonymous"
}
[2025-11-11T10:46:21.926Z] [INFO] {
  "timestamp": "2025-11-11T10:46:21.926Z",
  "method": "GET",
  "url": "/api/clients",
  "ip": "::1",
  "userId": "anonymous",
  "userAgent": "Mozilla/5.0 (Windows NT 10.0; Win64; x64) AppleWebKit/537.36 (KHTML, like Gecko) Chrome/142.0.0.0 Safari/537.36"
}
[2025-11-11T10:46:21.936Z] [INFO] {
  "timestamp": "2025-11-11T10:46:21.936Z",
  "method": "GET",
  "url": "/api/clients",
  "statusCode": 200,
  "responseTime": "10ms",
  "userId": "690c4c43be8f36eb0f3c17b9"
}
[2025-11-11T10:46:21.949Z] [INFO] {
  "timestamp": "2025-11-11T10:46:21.949Z",
  "method": "GET",
  "url": "/api/clients",
  "ip": "::1",
  "userId": "anonymous",
  "userAgent": "Mozilla/5.0 (Windows NT 10.0; Win64; x64) AppleWebKit/537.36 (KHTML, like Gecko) Chrome/142.0.0.0 Safari/537.36"
}
[2025-11-11T10:46:21.959Z] [INFO] {
  "timestamp": "2025-11-11T10:46:21.959Z",
  "method": "GET",
  "url": "/api/finance/projects?search=&status=all&year=2025",
  "ip": "::1",
  "userId": "anonymous",
  "userAgent": "Mozilla/5.0 (Windows NT 10.0; Win64; x64) AppleWebKit/537.36 (KHTML, like Gecko) Chrome/142.0.0.0 Safari/537.36"
}
[2025-11-11T10:46:21.968Z] [INFO] {
  "timestamp": "2025-11-11T10:46:21.968Z",
  "method": "GET",
  "url": "/api/finance/stats?year=2025",
  "ip": "::1",
  "userId": "anonymous",
  "userAgent": "Mozilla/5.0 (Windows NT 10.0; Win64; x64) AppleWebKit/537.36 (KHTML, like Gecko) Chrome/142.0.0.0 Safari/537.36"
}
[2025-11-11T10:46:21.971Z] [INFO] {
  "timestamp": "2025-11-11T10:46:21.971Z",
  "method": "GET",
  "url": "/favicon.ico",
  "ip": "127.0.0.1",
  "userId": "anonymous",
  "userAgent": "Mozilla/5.0 (Windows NT 10.0; Win64; x64) AppleWebKit/537.36 (KHTML, like Gecko) Chrome/142.0.0.0 Safari/537.36"
}
[2025-11-11T10:46:21.972Z] [INFO] {
  "timestamp": "2025-11-11T10:46:21.972Z",
  "method": "GET",
  "url": "/favicon.ico",
  "statusCode": 200,
  "responseTime": "1ms",
  "userId": "anonymous"
}
[2025-11-11T10:46:21.987Z] [INFO] {
  "timestamp": "2025-11-11T10:46:21.987Z",
  "method": "GET",
  "url": "/api/clients",
  "statusCode": 200,
  "responseTime": "38ms",
  "userId": "690c4c43be8f36eb0f3c17b9"
}
[2025-11-11T10:46:21.996Z] [INFO] {
  "timestamp": "2025-11-11T10:46:21.996Z",
  "method": "GET",
  "url": "/api/finance/projects?search=&status=all&year=2025",
  "statusCode": 200,
  "responseTime": "37ms",
  "userId": "690c4c43be8f36eb0f3c17b9"
}
[2025-11-11T10:46:22.010Z] [INFO] {
  "timestamp": "2025-11-11T10:46:22.010Z",
  "method": "GET",
  "url": "/api/finance/projects?search=&status=all&year=2025",
  "ip": "::1",
  "userId": "anonymous",
  "userAgent": "Mozilla/5.0 (Windows NT 10.0; Win64; x64) AppleWebKit/537.36 (KHTML, like Gecko) Chrome/142.0.0.0 Safari/537.36"
}
[2025-11-11T10:46:22.024Z] [INFO] {
  "timestamp": "2025-11-11T10:46:22.024Z",
  "method": "GET",
  "url": "/api/finance/stats?year=2025",
  "statusCode": 200,
  "responseTime": "56ms",
  "userId": "690c4c43be8f36eb0f3c17b9"
}
[2025-11-11T10:46:22.028Z] [INFO] {
  "timestamp": "2025-11-11T10:46:22.028Z",
  "method": "GET",
  "url": "/api/finance/stats?year=2025",
  "ip": "::1",
  "userId": "anonymous",
  "userAgent": "Mozilla/5.0 (Windows NT 10.0; Win64; x64) AppleWebKit/537.36 (KHTML, like Gecko) Chrome/142.0.0.0 Safari/537.36"
}
[2025-11-11T10:46:22.036Z] [INFO] {
  "timestamp": "2025-11-11T10:46:22.036Z",
  "method": "GET",
  "url": "/api/finance/projects?search=&status=all&year=2025",
  "statusCode": 200,
  "responseTime": "26ms",
  "userId": "690c4c43be8f36eb0f3c17b9"
}
[2025-11-11T10:46:22.056Z] [INFO] {
  "timestamp": "2025-11-11T10:46:22.056Z",
  "method": "GET",
  "url": "/api/finance/stats?year=2025",
  "statusCode": 200,
  "responseTime": "28ms",
  "userId": "690c4c43be8f36eb0f3c17b9"
}
[2025-11-11T10:46:24.088Z] [INFO] {
  "timestamp": "2025-11-11T10:46:24.088Z",
  "method": "GET",
  "url": "/api/clients",
  "ip": "::1",
  "userId": "anonymous",
  "userAgent": "Mozilla/5.0 (Windows NT 10.0; Win64; x64) AppleWebKit/537.36 (KHTML, like Gecko) Chrome/142.0.0.0 Safari/537.36"
}
[2025-11-11T10:46:24.095Z] [INFO] {
  "timestamp": "2025-11-11T10:46:24.095Z",
  "method": "GET",
  "url": "/api/clients",
  "statusCode": 200,
  "responseTime": "7ms",
  "userId": "690c4c43be8f36eb0f3c17b9"
}
[2025-11-11T10:46:24.099Z] [INFO] {
  "timestamp": "2025-11-11T10:46:24.099Z",
  "method": "GET",
  "url": "/api/clients",
  "ip": "::1",
  "userId": "anonymous",
  "userAgent": "Mozilla/5.0 (Windows NT 10.0; Win64; x64) AppleWebKit/537.36 (KHTML, like Gecko) Chrome/142.0.0.0 Safari/537.36"
}
[2025-11-11T10:46:24.107Z] [INFO] {
  "timestamp": "2025-11-11T10:46:24.107Z",
  "method": "GET",
  "url": "/api/clients",
  "statusCode": 200,
  "responseTime": "8ms",
  "userId": "690c4c43be8f36eb0f3c17b9"
}
[2025-11-11T10:46:24.397Z] [INFO] {
  "timestamp": "2025-11-11T10:46:24.397Z",
  "method": "GET",
  "url": "/favicon.ico",
  "ip": "127.0.0.1",
  "userId": "anonymous",
  "userAgent": "Mozilla/5.0 (Windows NT 10.0; Win64; x64) AppleWebKit/537.36 (KHTML, like Gecko) Chrome/142.0.0.0 Safari/537.36"
}
[2025-11-11T10:46:24.398Z] [INFO] {
  "timestamp": "2025-11-11T10:46:24.398Z",
  "method": "GET",
  "url": "/favicon.ico",
  "statusCode": 200,
  "responseTime": "1ms",
  "userId": "anonymous"
}
[2025-11-11T10:47:30.025Z] [INFO] {
  "timestamp": "2025-11-11T10:47:30.025Z",
  "method": "GET",
  "url": "/favicon.ico",
  "ip": "127.0.0.1",
  "userId": "anonymous",
  "userAgent": "Mozilla/5.0 (Windows NT 10.0; Win64; x64) AppleWebKit/537.36 (KHTML, like Gecko) Chrome/142.0.0.0 Safari/537.36"
}
[2025-11-11T10:47:30.026Z] [INFO] {
  "timestamp": "2025-11-11T10:47:30.026Z",
  "method": "GET",
  "url": "/favicon.ico",
  "statusCode": 200,
  "responseTime": "1ms",
  "userId": "anonymous"
}
[2025-11-11T10:47:30.034Z] [INFO] {
  "timestamp": "2025-11-11T10:47:30.034Z",
  "method": "GET",
  "url": "/api/auth/me",
  "ip": "::1",
  "userId": "anonymous",
  "userAgent": "Mozilla/5.0 (Windows NT 10.0; Win64; x64) AppleWebKit/537.36 (KHTML, like Gecko) Chrome/142.0.0.0 Safari/537.36"
}
[2025-11-11T10:47:30.049Z] [INFO] {
  "timestamp": "2025-11-11T10:47:30.049Z",
  "method": "GET",
  "url": "/api/auth/me",
  "statusCode": 200,
  "responseTime": "15ms",
  "userId": "690c4c43be8f36eb0f3c17b9"
}
[2025-11-11T10:47:30.060Z] [INFO] {
  "timestamp": "2025-11-11T10:47:30.060Z",
  "method": "GET",
  "url": "/api/auth/me",
  "ip": "::1",
  "userId": "anonymous",
  "userAgent": "Mozilla/5.0 (Windows NT 10.0; Win64; x64) AppleWebKit/537.36 (KHTML, like Gecko) Chrome/142.0.0.0 Safari/537.36"
}
[2025-11-11T10:47:30.070Z] [INFO] {
  "timestamp": "2025-11-11T10:47:30.070Z",
  "method": "GET",
  "url": "/api/auth/me",
  "statusCode": 200,
  "responseTime": "10ms",
  "userId": "690c4c43be8f36eb0f3c17b9"
}
[2025-11-11T10:47:30.086Z] [INFO] {
  "timestamp": "2025-11-11T10:47:30.086Z",
  "method": "GET",
  "url": "/api/clients",
  "ip": "::1",
  "userId": "anonymous",
  "userAgent": "Mozilla/5.0 (Windows NT 10.0; Win64; x64) AppleWebKit/537.36 (KHTML, like Gecko) Chrome/142.0.0.0 Safari/537.36"
}
[2025-11-11T10:47:30.099Z] [INFO] {
  "timestamp": "2025-11-11T10:47:30.099Z",
  "method": "GET",
  "url": "/api/clients",
  "statusCode": 200,
  "responseTime": "13ms",
  "userId": "690c4c43be8f36eb0f3c17b9"
}
[2025-11-11T10:47:30.107Z] [INFO] {
  "timestamp": "2025-11-11T10:47:30.107Z",
  "method": "GET",
  "url": "/api/clients",
  "ip": "::1",
  "userId": "anonymous",
  "userAgent": "Mozilla/5.0 (Windows NT 10.0; Win64; x64) AppleWebKit/537.36 (KHTML, like Gecko) Chrome/142.0.0.0 Safari/537.36"
}
[2025-11-11T10:47:30.119Z] [INFO] {
  "timestamp": "2025-11-11T10:47:30.119Z",
  "method": "GET",
  "url": "/api/clients",
  "statusCode": 200,
  "responseTime": "12ms",
  "userId": "690c4c43be8f36eb0f3c17b9"
}
[2025-11-11T10:48:00.643Z] [INFO] {
  "timestamp": "2025-11-11T10:48:00.643Z",
  "method": "GET",
  "url": "/api/clients",
  "ip": "::1",
  "userId": "anonymous",
  "userAgent": "Mozilla/5.0 (Windows NT 10.0; Win64; x64) AppleWebKit/537.36 (KHTML, like Gecko) Chrome/142.0.0.0 Safari/537.36"
}
[2025-11-11T10:48:00.649Z] [INFO] {
  "timestamp": "2025-11-11T10:48:00.648Z",
  "method": "GET",
  "url": "/api/finance/projects?search=&status=all&year=2025",
  "ip": "::1",
  "userId": "anonymous",
  "userAgent": "Mozilla/5.0 (Windows NT 10.0; Win64; x64) AppleWebKit/537.36 (KHTML, like Gecko) Chrome/142.0.0.0 Safari/537.36"
}
[2025-11-11T10:48:00.656Z] [INFO] {
  "timestamp": "2025-11-11T10:48:00.656Z",
  "method": "GET",
  "url": "/api/finance/stats?year=2025",
  "ip": "::1",
  "userId": "anonymous",
  "userAgent": "Mozilla/5.0 (Windows NT 10.0; Win64; x64) AppleWebKit/537.36 (KHTML, like Gecko) Chrome/142.0.0.0 Safari/537.36"
}
[2025-11-11T10:48:00.666Z] [INFO] {
  "timestamp": "2025-11-11T10:48:00.666Z",
  "method": "GET",
  "url": "/api/clients",
  "statusCode": 200,
  "responseTime": "23ms",
  "userId": "690c4c43be8f36eb0f3c17b9"
}
[2025-11-11T10:48:00.678Z] [INFO] {
  "timestamp": "2025-11-11T10:48:00.678Z",
  "method": "GET",
  "url": "/api/clients",
  "ip": "::1",
  "userId": "anonymous",
  "userAgent": "Mozilla/5.0 (Windows NT 10.0; Win64; x64) AppleWebKit/537.36 (KHTML, like Gecko) Chrome/142.0.0.0 Safari/537.36"
}
[2025-11-11T10:48:00.693Z] [INFO] {
  "timestamp": "2025-11-11T10:48:00.693Z",
  "method": "GET",
  "url": "/api/finance/projects?search=&status=all&year=2025",
  "statusCode": 200,
  "responseTime": "45ms",
  "userId": "690c4c43be8f36eb0f3c17b9"
}
[2025-11-11T10:48:00.694Z] [INFO] {
  "timestamp": "2025-11-11T10:48:00.694Z",
  "method": "GET",
  "url": "/api/clients",
  "statusCode": 200,
  "responseTime": "16ms",
  "userId": "690c4c43be8f36eb0f3c17b9"
}
[2025-11-11T10:48:00.704Z] [INFO] {
  "timestamp": "2025-11-11T10:48:00.704Z",
  "method": "GET",
  "url": "/api/finance/projects?search=&status=all&year=2025",
  "ip": "::1",
  "userId": "anonymous",
  "userAgent": "Mozilla/5.0 (Windows NT 10.0; Win64; x64) AppleWebKit/537.36 (KHTML, like Gecko) Chrome/142.0.0.0 Safari/537.36"
}
[2025-11-11T10:48:00.713Z] [INFO] {
  "timestamp": "2025-11-11T10:48:00.713Z",
  "method": "GET",
  "url": "/api/finance/stats?year=2025",
  "statusCode": 200,
  "responseTime": "57ms",
  "userId": "690c4c43be8f36eb0f3c17b9"
}
[2025-11-11T10:48:00.722Z] [INFO] {
  "timestamp": "2025-11-11T10:48:00.722Z",
  "method": "GET",
  "url": "/api/finance/stats?year=2025",
  "ip": "::1",
  "userId": "anonymous",
  "userAgent": "Mozilla/5.0 (Windows NT 10.0; Win64; x64) AppleWebKit/537.36 (KHTML, like Gecko) Chrome/142.0.0.0 Safari/537.36"
}
[2025-11-11T10:48:00.735Z] [INFO] {
  "timestamp": "2025-11-11T10:48:00.735Z",
  "method": "GET",
  "url": "/api/finance/projects?search=&status=all&year=2025",
  "statusCode": 200,
  "responseTime": "31ms",
  "userId": "690c4c43be8f36eb0f3c17b9"
}
[2025-11-11T10:48:00.754Z] [INFO] {
  "timestamp": "2025-11-11T10:48:00.754Z",
  "method": "GET",
  "url": "/api/finance/stats?year=2025",
  "statusCode": 200,
  "responseTime": "32ms",
  "userId": "690c4c43be8f36eb0f3c17b9"
}
[2025-11-11T10:48:00.832Z] [INFO] {
  "timestamp": "2025-11-11T10:48:00.832Z",
  "method": "GET",
  "url": "/favicon.ico",
  "ip": "127.0.0.1",
  "userId": "anonymous",
  "userAgent": "Mozilla/5.0 (Windows NT 10.0; Win64; x64) AppleWebKit/537.36 (KHTML, like Gecko) Chrome/142.0.0.0 Safari/537.36"
}
[2025-11-11T10:48:00.834Z] [INFO] {
  "timestamp": "2025-11-11T10:48:00.834Z",
  "method": "GET",
  "url": "/favicon.ico",
  "statusCode": 200,
  "responseTime": "2ms",
  "userId": "anonymous"
}
[2025-11-11T10:48:04.156Z] [INFO] {
  "timestamp": "2025-11-11T10:48:04.156Z",
  "method": "GET",
  "url": "/api/clients",
  "ip": "::1",
  "userId": "anonymous",
  "userAgent": "Mozilla/5.0 (Windows NT 10.0; Win64; x64) AppleWebKit/537.36 (KHTML, like Gecko) Chrome/142.0.0.0 Safari/537.36"
}
[2025-11-11T10:48:04.166Z] [INFO] {
  "timestamp": "2025-11-11T10:48:04.166Z",
  "method": "GET",
  "url": "/api/clients",
  "statusCode": 200,
  "responseTime": "10ms",
  "userId": "690c4c43be8f36eb0f3c17b9"
}
[2025-11-11T10:48:04.169Z] [INFO] {
  "timestamp": "2025-11-11T10:48:04.169Z",
  "method": "GET",
  "url": "/favicon.ico",
  "ip": "127.0.0.1",
  "userId": "anonymous",
  "userAgent": "Mozilla/5.0 (Windows NT 10.0; Win64; x64) AppleWebKit/537.36 (KHTML, like Gecko) Chrome/142.0.0.0 Safari/537.36"
}
[2025-11-11T10:48:04.170Z] [INFO] {
  "timestamp": "2025-11-11T10:48:04.170Z",
  "method": "GET",
  "url": "/favicon.ico",
  "statusCode": 200,
  "responseTime": "1ms",
  "userId": "anonymous"
}
[2025-11-11T10:48:04.172Z] [INFO] {
  "timestamp": "2025-11-11T10:48:04.172Z",
  "method": "GET",
  "url": "/api/clients",
  "ip": "::1",
  "userId": "anonymous",
  "userAgent": "Mozilla/5.0 (Windows NT 10.0; Win64; x64) AppleWebKit/537.36 (KHTML, like Gecko) Chrome/142.0.0.0 Safari/537.36"
}
[2025-11-11T10:48:04.181Z] [INFO] {
  "timestamp": "2025-11-11T10:48:04.181Z",
  "method": "GET",
  "url": "/api/clients",
  "statusCode": 200,
  "responseTime": "9ms",
  "userId": "690c4c43be8f36eb0f3c17b9"
}
[2025-11-11T10:50:59.026Z] [INFO] {
  "timestamp": "2025-11-11T10:50:59.026Z",
  "method": "GET",
  "url": "/api/auth/me",
  "ip": "::1",
  "userId": "anonymous",
  "userAgent": "Mozilla/5.0 (Windows NT 10.0; Win64; x64) AppleWebKit/537.36 (KHTML, like Gecko) Chrome/142.0.0.0 Safari/537.36"
}
[2025-11-11T10:50:59.034Z] [INFO] {
  "timestamp": "2025-11-11T10:50:59.034Z",
  "method": "GET",
  "url": "/favicon.ico",
  "ip": "127.0.0.1",
  "userId": "anonymous",
  "userAgent": "Mozilla/5.0 (Windows NT 10.0; Win64; x64) AppleWebKit/537.36 (KHTML, like Gecko) Chrome/142.0.0.0 Safari/537.36"
}
[2025-11-11T10:50:59.035Z] [INFO] {
  "timestamp": "2025-11-11T10:50:59.035Z",
  "method": "GET",
  "url": "/favicon.ico",
  "statusCode": 200,
  "responseTime": "1ms",
  "userId": "anonymous"
}
[2025-11-11T10:50:59.042Z] [INFO] {
  "timestamp": "2025-11-11T10:50:59.042Z",
  "method": "GET",
  "url": "/api/auth/me",
  "statusCode": 200,
  "responseTime": "16ms",
  "userId": "690c4c43be8f36eb0f3c17b9"
}
[2025-11-11T10:50:59.047Z] [INFO] {
  "timestamp": "2025-11-11T10:50:59.046Z",
  "method": "GET",
  "url": "/api/auth/me",
  "ip": "::1",
  "userId": "anonymous",
  "userAgent": "Mozilla/5.0 (Windows NT 10.0; Win64; x64) AppleWebKit/537.36 (KHTML, like Gecko) Chrome/142.0.0.0 Safari/537.36"
}
[2025-11-11T10:50:59.059Z] [INFO] {
  "timestamp": "2025-11-11T10:50:59.059Z",
  "method": "GET",
  "url": "/api/auth/me",
  "statusCode": 200,
  "responseTime": "13ms",
  "userId": "690c4c43be8f36eb0f3c17b9"
}
[2025-11-11T10:50:59.079Z] [INFO] {
  "timestamp": "2025-11-11T10:50:59.079Z",
  "method": "GET",
  "url": "/api/clients",
  "ip": "::1",
  "userId": "anonymous",
  "userAgent": "Mozilla/5.0 (Windows NT 10.0; Win64; x64) AppleWebKit/537.36 (KHTML, like Gecko) Chrome/142.0.0.0 Safari/537.36"
}
[2025-11-11T10:50:59.091Z] [INFO] {
  "timestamp": "2025-11-11T10:50:59.091Z",
  "method": "GET",
  "url": "/api/clients",
  "statusCode": 200,
  "responseTime": "12ms",
  "userId": "690c4c43be8f36eb0f3c17b9"
}
[2025-11-11T10:50:59.098Z] [INFO] {
  "timestamp": "2025-11-11T10:50:59.098Z",
  "method": "GET",
  "url": "/api/clients",
  "ip": "::1",
  "userId": "anonymous",
  "userAgent": "Mozilla/5.0 (Windows NT 10.0; Win64; x64) AppleWebKit/537.36 (KHTML, like Gecko) Chrome/142.0.0.0 Safari/537.36"
}
[2025-11-11T10:50:59.109Z] [INFO] {
  "timestamp": "2025-11-11T10:50:59.109Z",
  "method": "GET",
  "url": "/api/clients",
  "statusCode": 200,
  "responseTime": "11ms",
  "userId": "690c4c43be8f36eb0f3c17b9"
}
[2025-11-11T10:51:17.168Z] [INFO] {
  "timestamp": "2025-11-11T10:51:17.167Z",
  "method": "GET",
  "url": "/api/system/stats",
  "ip": "::1",
  "userId": "anonymous",
  "userAgent": "Mozilla/5.0 (Windows NT 10.0; Win64; x64) AppleWebKit/537.36 (KHTML, like Gecko) Chrome/142.0.0.0 Safari/537.36"
}
[2025-11-11T10:51:17.186Z] [INFO] {
  "timestamp": "2025-11-11T10:51:17.186Z",
  "method": "GET",
  "url": "/api/system/stats",
  "statusCode": 200,
  "responseTime": "19ms",
  "userId": "690c4c43be8f36eb0f3c17b9"
}
[2025-11-11T10:51:17.192Z] [INFO] {
  "timestamp": "2025-11-11T10:51:17.192Z",
  "method": "GET",
  "url": "/api/system/stats",
  "ip": "::1",
  "userId": "anonymous",
  "userAgent": "Mozilla/5.0 (Windows NT 10.0; Win64; x64) AppleWebKit/537.36 (KHTML, like Gecko) Chrome/142.0.0.0 Safari/537.36"
}
[2025-11-11T10:51:17.206Z] [INFO] {
  "timestamp": "2025-11-11T10:51:17.206Z",
  "method": "GET",
  "url": "/api/system/stats",
  "statusCode": 200,
  "responseTime": "14ms",
  "userId": "690c4c43be8f36eb0f3c17b9"
}
[2025-11-11T10:51:17.373Z] [INFO] {
  "timestamp": "2025-11-11T10:51:17.373Z",
  "method": "GET",
  "url": "/favicon.ico",
  "ip": "127.0.0.1",
  "userId": "anonymous",
  "userAgent": "Mozilla/5.0 (Windows NT 10.0; Win64; x64) AppleWebKit/537.36 (KHTML, like Gecko) Chrome/142.0.0.0 Safari/537.36"
}
[2025-11-11T10:51:17.374Z] [INFO] {
  "timestamp": "2025-11-11T10:51:17.374Z",
  "method": "GET",
  "url": "/favicon.ico",
  "statusCode": 200,
  "responseTime": "1ms",
  "userId": "anonymous"
}
[2025-11-11T10:51:21.199Z] [INFO] {
  "timestamp": "2025-11-11T10:51:21.199Z",
  "method": "GET",
  "url": "/api/clients",
  "ip": "::1",
  "userId": "anonymous",
  "userAgent": "Mozilla/5.0 (Windows NT 10.0; Win64; x64) AppleWebKit/537.36 (KHTML, like Gecko) Chrome/142.0.0.0 Safari/537.36"
}
[2025-11-11T10:51:21.206Z] [INFO] {
  "timestamp": "2025-11-11T10:51:21.206Z",
  "method": "GET",
  "url": "/favicon.ico",
  "ip": "127.0.0.1",
  "userId": "anonymous",
  "userAgent": "Mozilla/5.0 (Windows NT 10.0; Win64; x64) AppleWebKit/537.36 (KHTML, like Gecko) Chrome/142.0.0.0 Safari/537.36"
}
[2025-11-11T10:51:21.207Z] [INFO] {
  "timestamp": "2025-11-11T10:51:21.207Z",
  "method": "GET",
  "url": "/favicon.ico",
  "statusCode": 200,
  "responseTime": "1ms",
  "userId": "anonymous"
}
[2025-11-11T10:51:21.213Z] [INFO] {
  "timestamp": "2025-11-11T10:51:21.213Z",
  "method": "GET",
  "url": "/api/clients",
  "statusCode": 200,
  "responseTime": "14ms",
  "userId": "690c4c43be8f36eb0f3c17b9"
}
[2025-11-11T10:51:21.218Z] [INFO] {
  "timestamp": "2025-11-11T10:51:21.218Z",
  "method": "GET",
  "url": "/api/clients",
  "ip": "::1",
  "userId": "anonymous",
  "userAgent": "Mozilla/5.0 (Windows NT 10.0; Win64; x64) AppleWebKit/537.36 (KHTML, like Gecko) Chrome/142.0.0.0 Safari/537.36"
}
[2025-11-11T10:51:21.227Z] [INFO] {
  "timestamp": "2025-11-11T10:51:21.227Z",
  "method": "GET",
  "url": "/api/clients",
  "statusCode": 200,
  "responseTime": "9ms",
  "userId": "690c4c43be8f36eb0f3c17b9"
}
[2025-11-11T10:51:21.724Z] [INFO] {
  "timestamp": "2025-11-11T10:51:21.724Z",
  "method": "GET",
  "url": "/api/clients",
  "ip": "::1",
  "userId": "anonymous",
  "userAgent": "Mozilla/5.0 (Windows NT 10.0; Win64; x64) AppleWebKit/537.36 (KHTML, like Gecko) Chrome/142.0.0.0 Safari/537.36"
}
[2025-11-11T10:51:21.737Z] [INFO] {
  "timestamp": "2025-11-11T10:51:21.737Z",
  "method": "GET",
  "url": "/api/clients",
  "statusCode": 200,
  "responseTime": "13ms",
  "userId": "690c4c43be8f36eb0f3c17b9"
}
[2025-11-11T10:51:21.747Z] [INFO] {
  "timestamp": "2025-11-11T10:51:21.747Z",
  "method": "GET",
  "url": "/api/clients",
  "ip": "::1",
  "userId": "anonymous",
  "userAgent": "Mozilla/5.0 (Windows NT 10.0; Win64; x64) AppleWebKit/537.36 (KHTML, like Gecko) Chrome/142.0.0.0 Safari/537.36"
}
[2025-11-11T10:51:21.756Z] [INFO] {
  "timestamp": "2025-11-11T10:51:21.756Z",
  "method": "GET",
  "url": "/api/finance/projects?search=&status=all&year=2025",
  "ip": "::1",
  "userId": "anonymous",
  "userAgent": "Mozilla/5.0 (Windows NT 10.0; Win64; x64) AppleWebKit/537.36 (KHTML, like Gecko) Chrome/142.0.0.0 Safari/537.36"
}
[2025-11-11T10:51:21.760Z] [INFO] {
  "timestamp": "2025-11-11T10:51:21.760Z",
  "method": "GET",
  "url": "/api/finance/stats?year=2025",
  "ip": "::1",
  "userId": "anonymous",
  "userAgent": "Mozilla/5.0 (Windows NT 10.0; Win64; x64) AppleWebKit/537.36 (KHTML, like Gecko) Chrome/142.0.0.0 Safari/537.36"
}
[2025-11-11T10:51:21.779Z] [INFO] {
  "timestamp": "2025-11-11T10:51:21.779Z",
  "method": "GET",
  "url": "/api/clients",
  "statusCode": 200,
  "responseTime": "32ms",
  "userId": "690c4c43be8f36eb0f3c17b9"
}
[2025-11-11T10:51:21.797Z] [INFO] {
  "timestamp": "2025-11-11T10:51:21.797Z",
  "method": "GET",
  "url": "/api/finance/projects?search=&status=all&year=2025",
  "statusCode": 200,
  "responseTime": "41ms",
  "userId": "690c4c43be8f36eb0f3c17b9"
}
[2025-11-11T10:51:21.807Z] [INFO] {
  "timestamp": "2025-11-11T10:51:21.807Z",
  "method": "GET",
  "url": "/api/finance/projects?search=&status=all&year=2025",
  "ip": "::1",
  "userId": "anonymous",
  "userAgent": "Mozilla/5.0 (Windows NT 10.0; Win64; x64) AppleWebKit/537.36 (KHTML, like Gecko) Chrome/142.0.0.0 Safari/537.36"
}
[2025-11-11T10:51:21.817Z] [INFO] {
  "timestamp": "2025-11-11T10:51:21.817Z",
  "method": "GET",
  "url": "/api/finance/stats?year=2025",
  "statusCode": 200,
  "responseTime": "57ms",
  "userId": "690c4c43be8f36eb0f3c17b9"
}
[2025-11-11T10:51:21.827Z] [INFO] {
  "timestamp": "2025-11-11T10:51:21.827Z",
  "method": "GET",
  "url": "/api/finance/stats?year=2025",
  "ip": "::1",
  "userId": "anonymous",
  "userAgent": "Mozilla/5.0 (Windows NT 10.0; Win64; x64) AppleWebKit/537.36 (KHTML, like Gecko) Chrome/142.0.0.0 Safari/537.36"
}
[2025-11-11T10:51:21.843Z] [INFO] {
  "timestamp": "2025-11-11T10:51:21.843Z",
  "method": "GET",
  "url": "/api/finance/projects?search=&status=all&year=2025",
  "statusCode": 200,
  "responseTime": "36ms",
  "userId": "690c4c43be8f36eb0f3c17b9"
}
[2025-11-11T10:51:21.869Z] [INFO] {
  "timestamp": "2025-11-11T10:51:21.869Z",
  "method": "GET",
  "url": "/api/finance/stats?year=2025",
  "statusCode": 200,
  "responseTime": "42ms",
  "userId": "690c4c43be8f36eb0f3c17b9"
}
[2025-11-11T10:51:22.037Z] [INFO] {
  "timestamp": "2025-11-11T10:51:22.037Z",
  "method": "GET",
  "url": "/favicon.ico",
  "ip": "127.0.0.1",
  "userId": "anonymous",
  "userAgent": "Mozilla/5.0 (Windows NT 10.0; Win64; x64) AppleWebKit/537.36 (KHTML, like Gecko) Chrome/142.0.0.0 Safari/537.36"
}
[2025-11-11T10:51:22.038Z] [INFO] {
  "timestamp": "2025-11-11T10:51:22.038Z",
  "method": "GET",
  "url": "/favicon.ico",
  "statusCode": 200,
  "responseTime": "1ms",
  "userId": "anonymous"
}
[2025-11-11T10:51:23.470Z] [INFO] {
  "timestamp": "2025-11-11T10:51:23.470Z",
  "method": "GET",
  "url": "/api/clients",
  "ip": "::1",
  "userId": "anonymous",
  "userAgent": "Mozilla/5.0 (Windows NT 10.0; Win64; x64) AppleWebKit/537.36 (KHTML, like Gecko) Chrome/142.0.0.0 Safari/537.36"
}
[2025-11-11T10:51:23.481Z] [INFO] {
  "timestamp": "2025-11-11T10:51:23.481Z",
  "method": "GET",
  "url": "/favicon.ico",
  "ip": "127.0.0.1",
  "userId": "anonymous",
  "userAgent": "Mozilla/5.0 (Windows NT 10.0; Win64; x64) AppleWebKit/537.36 (KHTML, like Gecko) Chrome/142.0.0.0 Safari/537.36"
}
[2025-11-11T10:51:23.488Z] [INFO] {
  "timestamp": "2025-11-11T10:51:23.488Z",
  "method": "GET",
  "url": "/favicon.ico",
  "statusCode": 200,
  "responseTime": "7ms",
  "userId": "anonymous"
}
[2025-11-11T10:51:23.499Z] [INFO] {
  "timestamp": "2025-11-11T10:51:23.499Z",
  "method": "GET",
  "url": "/api/clients",
  "statusCode": 200,
  "responseTime": "29ms",
  "userId": "690c4c43be8f36eb0f3c17b9"
}
[2025-11-11T10:51:23.504Z] [INFO] {
  "timestamp": "2025-11-11T10:51:23.504Z",
  "method": "GET",
  "url": "/api/clients",
  "ip": "::1",
  "userId": "anonymous",
  "userAgent": "Mozilla/5.0 (Windows NT 10.0; Win64; x64) AppleWebKit/537.36 (KHTML, like Gecko) Chrome/142.0.0.0 Safari/537.36"
}
[2025-11-11T10:51:23.517Z] [INFO] {
  "timestamp": "2025-11-11T10:51:23.517Z",
  "method": "GET",
  "url": "/api/clients",
  "statusCode": 200,
  "responseTime": "13ms",
  "userId": "690c4c43be8f36eb0f3c17b9"
}
[2025-11-11T10:51:27.830Z] [INFO] {
  "timestamp": "2025-11-11T10:51:27.830Z",
  "method": "GET",
  "url": "/api/users",
  "ip": "::1",
  "userId": "anonymous",
  "userAgent": "Mozilla/5.0 (Windows NT 10.0; Win64; x64) AppleWebKit/537.36 (KHTML, like Gecko) Chrome/142.0.0.0 Safari/537.36"
}
[2025-11-11T10:51:27.835Z] [INFO] {
  "timestamp": "2025-11-11T10:51:27.835Z",
  "method": "GET",
  "url": "/api/roles",
  "ip": "::1",
  "userId": "anonymous",
  "userAgent": "Mozilla/5.0 (Windows NT 10.0; Win64; x64) AppleWebKit/537.36 (KHTML, like Gecko) Chrome/142.0.0.0 Safari/537.36"
}
[2025-11-11T10:51:27.864Z] [INFO] {
  "timestamp": "2025-11-11T10:51:27.864Z",
  "method": "GET",
  "url": "/api/roles",
  "statusCode": 200,
  "responseTime": "29ms",
  "userId": "690c4c43be8f36eb0f3c17b9"
}
[2025-11-11T10:51:27.869Z] [INFO] {
  "timestamp": "2025-11-11T10:51:27.869Z",
  "method": "GET",
  "url": "/api/users",
  "statusCode": 200,
  "responseTime": "39ms",
  "userId": "690c4c43be8f36eb0f3c17b9"
}
[2025-11-11T10:51:27.872Z] [INFO] {
  "timestamp": "2025-11-11T10:51:27.872Z",
  "method": "GET",
  "url": "/api/roles",
  "ip": "::1",
  "userId": "anonymous",
  "userAgent": "Mozilla/5.0 (Windows NT 10.0; Win64; x64) AppleWebKit/537.36 (KHTML, like Gecko) Chrome/142.0.0.0 Safari/537.36"
}
[2025-11-11T10:51:27.879Z] [INFO] {
  "timestamp": "2025-11-11T10:51:27.879Z",
  "method": "GET",
  "url": "/api/users",
  "ip": "::1",
  "userId": "anonymous",
  "userAgent": "Mozilla/5.0 (Windows NT 10.0; Win64; x64) AppleWebKit/537.36 (KHTML, like Gecko) Chrome/142.0.0.0 Safari/537.36"
}
[2025-11-11T10:51:27.896Z] [INFO] {
  "timestamp": "2025-11-11T10:51:27.896Z",
  "method": "GET",
  "url": "/api/roles",
  "statusCode": 200,
  "responseTime": "24ms",
  "userId": "690c4c43be8f36eb0f3c17b9"
}
[2025-11-11T10:51:27.910Z] [INFO] {
  "timestamp": "2025-11-11T10:51:27.910Z",
  "method": "GET",
  "url": "/api/users",
  "statusCode": 200,
  "responseTime": "31ms",
  "userId": "690c4c43be8f36eb0f3c17b9"
}
[2025-11-11T10:51:28.140Z] [INFO] {
  "timestamp": "2025-11-11T10:51:28.140Z",
  "method": "GET",
  "url": "/favicon.ico",
  "ip": "127.0.0.1",
  "userId": "anonymous",
  "userAgent": "Mozilla/5.0 (Windows NT 10.0; Win64; x64) AppleWebKit/537.36 (KHTML, like Gecko) Chrome/142.0.0.0 Safari/537.36"
}
[2025-11-11T10:51:28.142Z] [INFO] {
  "timestamp": "2025-11-11T10:51:28.142Z",
  "method": "GET",
  "url": "/favicon.ico",
  "statusCode": 200,
  "responseTime": "2ms",
  "userId": "anonymous"
}
[2025-11-11T10:51:28.280Z] [INFO] {
  "timestamp": "2025-11-11T10:51:28.280Z",
  "method": "GET",
  "url": "/api/system/stats",
  "ip": "::1",
  "userId": "anonymous",
  "userAgent": "Mozilla/5.0 (Windows NT 10.0; Win64; x64) AppleWebKit/537.36 (KHTML, like Gecko) Chrome/142.0.0.0 Safari/537.36"
}
[2025-11-11T10:51:28.294Z] [INFO] {
  "timestamp": "2025-11-11T10:51:28.294Z",
  "method": "GET",
  "url": "/api/system/stats",
  "statusCode": 200,
  "responseTime": "14ms",
  "userId": "690c4c43be8f36eb0f3c17b9"
}
[2025-11-11T10:51:28.301Z] [INFO] {
  "timestamp": "2025-11-11T10:51:28.301Z",
  "method": "GET",
  "url": "/api/system/stats",
  "ip": "::1",
  "userId": "anonymous",
  "userAgent": "Mozilla/5.0 (Windows NT 10.0; Win64; x64) AppleWebKit/537.36 (KHTML, like Gecko) Chrome/142.0.0.0 Safari/537.36"
}
[2025-11-11T10:51:28.316Z] [INFO] {
  "timestamp": "2025-11-11T10:51:28.316Z",
  "method": "GET",
  "url": "/api/system/stats",
  "statusCode": 200,
  "responseTime": "15ms",
  "userId": "690c4c43be8f36eb0f3c17b9"
}
[2025-11-11T10:51:28.405Z] [INFO] {
  "timestamp": "2025-11-11T10:51:28.405Z",
  "method": "GET",
  "url": "/favicon.ico",
  "ip": "127.0.0.1",
  "userId": "anonymous",
  "userAgent": "Mozilla/5.0 (Windows NT 10.0; Win64; x64) AppleWebKit/537.36 (KHTML, like Gecko) Chrome/142.0.0.0 Safari/537.36"
}
[2025-11-11T10:51:28.407Z] [INFO] {
  "timestamp": "2025-11-11T10:51:28.407Z",
  "method": "GET",
  "url": "/favicon.ico",
  "statusCode": 200,
  "responseTime": "2ms",
  "userId": "anonymous"
}
[2025-11-11T10:51:32.195Z] [INFO] {
  "timestamp": "2025-11-11T10:51:32.195Z",
  "method": "GET",
  "url": "/api/clients",
  "ip": "::1",
  "userId": "anonymous",
  "userAgent": "Mozilla/5.0 (Windows NT 10.0; Win64; x64) AppleWebKit/537.36 (KHTML, like Gecko) Chrome/142.0.0.0 Safari/537.36"
}
[2025-11-11T10:51:32.205Z] [INFO] {
  "timestamp": "2025-11-11T10:51:32.205Z",
  "method": "GET",
  "url": "/favicon.ico",
  "ip": "127.0.0.1",
  "userId": "anonymous",
  "userAgent": "Mozilla/5.0 (Windows NT 10.0; Win64; x64) AppleWebKit/537.36 (KHTML, like Gecko) Chrome/142.0.0.0 Safari/537.36"
}
[2025-11-11T10:51:32.211Z] [INFO] {
  "timestamp": "2025-11-11T10:51:32.211Z",
  "method": "GET",
  "url": "/favicon.ico",
  "statusCode": 200,
  "responseTime": "6ms",
  "userId": "anonymous"
}
[2025-11-11T10:51:32.228Z] [INFO] {
  "timestamp": "2025-11-11T10:51:32.228Z",
  "method": "GET",
  "url": "/api/clients",
  "statusCode": 200,
  "responseTime": "33ms",
  "userId": "690c4c43be8f36eb0f3c17b9"
}
[2025-11-11T10:51:32.233Z] [INFO] {
  "timestamp": "2025-11-11T10:51:32.233Z",
  "method": "GET",
  "url": "/api/clients",
  "ip": "::1",
  "userId": "anonymous",
  "userAgent": "Mozilla/5.0 (Windows NT 10.0; Win64; x64) AppleWebKit/537.36 (KHTML, like Gecko) Chrome/142.0.0.0 Safari/537.36"
}
[2025-11-11T10:51:32.243Z] [INFO] {
  "timestamp": "2025-11-11T10:51:32.243Z",
  "method": "GET",
  "url": "/api/clients",
  "statusCode": 200,
  "responseTime": "10ms",
  "userId": "690c4c43be8f36eb0f3c17b9"
}
[2025-11-11T10:53:13.477Z] [INFO] {
  "timestamp": "2025-11-11T10:53:13.477Z",
  "method": "GET",
  "url": "/api/users",
  "ip": "::1",
  "userId": "anonymous",
  "userAgent": "Mozilla/5.0 (Windows NT 10.0; Win64; x64) AppleWebKit/537.36 (KHTML, like Gecko) Chrome/142.0.0.0 Safari/537.36"
}
[2025-11-11T10:53:13.494Z] [INFO] {
  "timestamp": "2025-11-11T10:53:13.494Z",
  "method": "GET",
  "url": "/api/roles",
  "ip": "::1",
  "userId": "anonymous",
  "userAgent": "Mozilla/5.0 (Windows NT 10.0; Win64; x64) AppleWebKit/537.36 (KHTML, like Gecko) Chrome/142.0.0.0 Safari/537.36"
}
[2025-11-11T10:53:13.538Z] [INFO] {
  "timestamp": "2025-11-11T10:53:13.538Z",
  "method": "GET",
  "url": "/api/roles",
  "statusCode": 200,
  "responseTime": "44ms",
  "userId": "690c4c43be8f36eb0f3c17b9"
}
[2025-11-11T10:53:13.544Z] [INFO] {
  "timestamp": "2025-11-11T10:53:13.544Z",
  "method": "GET",
  "url": "/api/roles",
  "ip": "::1",
  "userId": "anonymous",
  "userAgent": "Mozilla/5.0 (Windows NT 10.0; Win64; x64) AppleWebKit/537.36 (KHTML, like Gecko) Chrome/142.0.0.0 Safari/537.36"
}
[2025-11-11T10:53:13.549Z] [INFO] {
  "timestamp": "2025-11-11T10:53:13.549Z",
  "method": "GET",
  "url": "/api/users",
  "statusCode": 200,
  "responseTime": "72ms",
  "userId": "690c4c43be8f36eb0f3c17b9"
}
[2025-11-11T10:53:13.556Z] [INFO] {
  "timestamp": "2025-11-11T10:53:13.556Z",
  "method": "GET",
  "url": "/api/users",
  "ip": "::1",
  "userId": "anonymous",
  "userAgent": "Mozilla/5.0 (Windows NT 10.0; Win64; x64) AppleWebKit/537.36 (KHTML, like Gecko) Chrome/142.0.0.0 Safari/537.36"
}
[2025-11-11T10:53:13.574Z] [INFO] {
  "timestamp": "2025-11-11T10:53:13.574Z",
  "method": "GET",
  "url": "/api/roles",
  "statusCode": 200,
  "responseTime": "30ms",
  "userId": "690c4c43be8f36eb0f3c17b9"
}
[2025-11-11T10:53:13.582Z] [INFO] {
  "timestamp": "2025-11-11T10:53:13.582Z",
  "method": "GET",
  "url": "/api/users",
  "statusCode": 200,
  "responseTime": "26ms",
  "userId": "690c4c43be8f36eb0f3c17b9"
}
[2025-11-11T10:53:13.856Z] [INFO] {
  "timestamp": "2025-11-11T10:53:13.856Z",
  "method": "GET",
  "url": "/favicon.ico",
  "ip": "127.0.0.1",
  "userId": "anonymous",
  "userAgent": "Mozilla/5.0 (Windows NT 10.0; Win64; x64) AppleWebKit/537.36 (KHTML, like Gecko) Chrome/142.0.0.0 Safari/537.36"
}
[2025-11-11T10:53:13.859Z] [INFO] {
  "timestamp": "2025-11-11T10:53:13.859Z",
  "method": "GET",
  "url": "/favicon.ico",
  "statusCode": 200,
  "responseTime": "3ms",
  "userId": "anonymous"
}
[2025-11-11T10:53:17.707Z] [INFO] {
  "timestamp": "2025-11-11T10:53:17.707Z",
  "method": "GET",
  "url": "/api/roles",
  "ip": "::1",
  "userId": "anonymous",
  "userAgent": "Mozilla/5.0 (Windows NT 10.0; Win64; x64) AppleWebKit/537.36 (KHTML, like Gecko) Chrome/142.0.0.0 Safari/537.36"
}
[2025-11-11T10:53:17.715Z] [INFO] {
  "timestamp": "2025-11-11T10:53:17.715Z",
  "method": "GET",
  "url": "/favicon.ico",
  "ip": "127.0.0.1",
  "userId": "anonymous",
  "userAgent": "Mozilla/5.0 (Windows NT 10.0; Win64; x64) AppleWebKit/537.36 (KHTML, like Gecko) Chrome/142.0.0.0 Safari/537.36"
}
[2025-11-11T10:53:17.721Z] [INFO] {
  "timestamp": "2025-11-11T10:53:17.721Z",
  "method": "GET",
  "url": "/favicon.ico",
  "statusCode": 200,
  "responseTime": "6ms",
  "userId": "anonymous"
}
[2025-11-11T10:53:17.736Z] [INFO] {
  "timestamp": "2025-11-11T10:53:17.736Z",
  "method": "GET",
  "url": "/api/roles",
  "statusCode": 200,
  "responseTime": "29ms",
  "userId": "690c4c43be8f36eb0f3c17b9"
}
[2025-11-11T10:53:17.740Z] [INFO] {
  "timestamp": "2025-11-11T10:53:17.740Z",
  "method": "GET",
  "url": "/api/roles",
  "ip": "::1",
  "userId": "anonymous",
  "userAgent": "Mozilla/5.0 (Windows NT 10.0; Win64; x64) AppleWebKit/537.36 (KHTML, like Gecko) Chrome/142.0.0.0 Safari/537.36"
}
[2025-11-11T10:53:17.751Z] [INFO] {
  "timestamp": "2025-11-11T10:53:17.751Z",
  "method": "GET",
  "url": "/api/roles",
  "statusCode": 200,
  "responseTime": "11ms",
  "userId": "690c4c43be8f36eb0f3c17b9"
}
[2025-11-11T10:53:20.748Z] [INFO] {
  "timestamp": "2025-11-11T10:53:20.748Z",
  "method": "GET",
  "url": "/api/users",
  "ip": "::1",
  "userId": "anonymous",
  "userAgent": "Mozilla/5.0 (Windows NT 10.0; Win64; x64) AppleWebKit/537.36 (KHTML, like Gecko) Chrome/142.0.0.0 Safari/537.36"
}
[2025-11-11T10:53:20.752Z] [INFO] {
  "timestamp": "2025-11-11T10:53:20.752Z",
  "method": "GET",
  "url": "/api/roles",
  "ip": "::1",
  "userId": "anonymous",
  "userAgent": "Mozilla/5.0 (Windows NT 10.0; Win64; x64) AppleWebKit/537.36 (KHTML, like Gecko) Chrome/142.0.0.0 Safari/537.36"
}
[2025-11-11T10:53:20.764Z] [INFO] {
  "timestamp": "2025-11-11T10:53:20.764Z",
  "method": "GET",
  "url": "/api/roles",
  "statusCode": 200,
  "responseTime": "12ms",
  "userId": "690c4c43be8f36eb0f3c17b9"
}
[2025-11-11T10:53:20.770Z] [INFO] {
  "timestamp": "2025-11-11T10:53:20.770Z",
  "method": "GET",
  "url": "/api/users",
  "statusCode": 200,
  "responseTime": "21ms",
  "userId": "690c4c43be8f36eb0f3c17b9"
}
[2025-11-11T10:53:20.772Z] [INFO] {
  "timestamp": "2025-11-11T10:53:20.772Z",
  "method": "GET",
  "url": "/api/roles",
  "ip": "::1",
  "userId": "anonymous",
  "userAgent": "Mozilla/5.0 (Windows NT 10.0; Win64; x64) AppleWebKit/537.36 (KHTML, like Gecko) Chrome/142.0.0.0 Safari/537.36"
}
[2025-11-11T10:53:20.775Z] [INFO] {
  "timestamp": "2025-11-11T10:53:20.775Z",
  "method": "GET",
  "url": "/api/users",
  "ip": "::1",
  "userId": "anonymous",
  "userAgent": "Mozilla/5.0 (Windows NT 10.0; Win64; x64) AppleWebKit/537.36 (KHTML, like Gecko) Chrome/142.0.0.0 Safari/537.36"
}
[2025-11-11T10:53:20.788Z] [INFO] {
  "timestamp": "2025-11-11T10:53:20.788Z",
  "method": "GET",
  "url": "/api/roles",
  "statusCode": 200,
  "responseTime": "16ms",
  "userId": "690c4c43be8f36eb0f3c17b9"
}
[2025-11-11T10:53:20.793Z] [INFO] {
  "timestamp": "2025-11-11T10:53:20.793Z",
  "method": "GET",
  "url": "/api/users",
  "statusCode": 200,
  "responseTime": "18ms",
  "userId": "690c4c43be8f36eb0f3c17b9"
}
[2025-11-11T10:53:21.074Z] [INFO] {
  "timestamp": "2025-11-11T10:53:21.074Z",
  "method": "GET",
  "url": "/favicon.ico",
  "ip": "127.0.0.1",
  "userId": "anonymous",
  "userAgent": "Mozilla/5.0 (Windows NT 10.0; Win64; x64) AppleWebKit/537.36 (KHTML, like Gecko) Chrome/142.0.0.0 Safari/537.36"
}
[2025-11-11T10:53:21.074Z] [INFO] {
  "timestamp": "2025-11-11T10:53:21.074Z",
  "method": "GET",
  "url": "/favicon.ico",
  "statusCode": 200,
  "responseTime": "0ms",
  "userId": "anonymous"
}
[2025-11-11T10:53:28.477Z] [INFO] {
  "timestamp": "2025-11-11T10:53:28.477Z",
  "method": "GET",
  "url": "/api/system/stats",
  "ip": "::1",
  "userId": "anonymous",
  "userAgent": "Mozilla/5.0 (Windows NT 10.0; Win64; x64) AppleWebKit/537.36 (KHTML, like Gecko) Chrome/142.0.0.0 Safari/537.36"
}
[2025-11-11T10:53:28.488Z] [INFO] {
  "timestamp": "2025-11-11T10:53:28.488Z",
  "method": "GET",
  "url": "/favicon.ico",
  "ip": "127.0.0.1",
  "userId": "anonymous",
  "userAgent": "Mozilla/5.0 (Windows NT 10.0; Win64; x64) AppleWebKit/537.36 (KHTML, like Gecko) Chrome/142.0.0.0 Safari/537.36"
}
[2025-11-11T10:53:28.493Z] [INFO] {
  "timestamp": "2025-11-11T10:53:28.492Z",
  "method": "GET",
  "url": "/favicon.ico",
  "statusCode": 200,
  "responseTime": "4ms",
  "userId": "anonymous"
}
[2025-11-11T10:53:28.509Z] [INFO] {
  "timestamp": "2025-11-11T10:53:28.509Z",
  "method": "GET",
  "url": "/api/system/stats",
  "statusCode": 200,
  "responseTime": "32ms",
  "userId": "690c4c43be8f36eb0f3c17b9"
}
[2025-11-11T10:53:28.515Z] [INFO] {
  "timestamp": "2025-11-11T10:53:28.515Z",
  "method": "GET",
  "url": "/api/system/stats",
  "ip": "::1",
  "userId": "anonymous",
  "userAgent": "Mozilla/5.0 (Windows NT 10.0; Win64; x64) AppleWebKit/537.36 (KHTML, like Gecko) Chrome/142.0.0.0 Safari/537.36"
}
[2025-11-11T10:53:28.527Z] [INFO] {
  "timestamp": "2025-11-11T10:53:28.527Z",
  "method": "GET",
  "url": "/api/system/stats",
  "statusCode": 200,
  "responseTime": "12ms",
  "userId": "690c4c43be8f36eb0f3c17b9"
}
[2025-11-11T10:53:29.412Z] [INFO] {
  "timestamp": "2025-11-11T10:53:29.412Z",
  "method": "GET",
  "url": "/api/clients",
  "ip": "::1",
  "userId": "anonymous",
  "userAgent": "Mozilla/5.0 (Windows NT 10.0; Win64; x64) AppleWebKit/537.36 (KHTML, like Gecko) Chrome/142.0.0.0 Safari/537.36"
}
[2025-11-11T10:53:29.416Z] [INFO] {
  "timestamp": "2025-11-11T10:53:29.416Z",
  "method": "GET",
  "url": "/api/finance/projects?search=&status=all&year=2025",
  "ip": "::1",
  "userId": "anonymous",
  "userAgent": "Mozilla/5.0 (Windows NT 10.0; Win64; x64) AppleWebKit/537.36 (KHTML, like Gecko) Chrome/142.0.0.0 Safari/537.36"
}
[2025-11-11T10:53:29.419Z] [INFO] {
  "timestamp": "2025-11-11T10:53:29.419Z",
  "method": "GET",
  "url": "/api/finance/stats?year=2025",
  "ip": "::1",
  "userId": "anonymous",
  "userAgent": "Mozilla/5.0 (Windows NT 10.0; Win64; x64) AppleWebKit/537.36 (KHTML, like Gecko) Chrome/142.0.0.0 Safari/537.36"
}
[2025-11-11T10:53:29.435Z] [INFO] {
  "timestamp": "2025-11-11T10:53:29.435Z",
  "method": "GET",
  "url": "/api/clients",
  "statusCode": 200,
  "responseTime": "23ms",
  "userId": "690c4c43be8f36eb0f3c17b9"
}
[2025-11-11T10:53:29.442Z] [INFO] {
  "timestamp": "2025-11-11T10:53:29.442Z",
  "method": "GET",
  "url": "/api/clients",
  "ip": "::1",
  "userId": "anonymous",
  "userAgent": "Mozilla/5.0 (Windows NT 10.0; Win64; x64) AppleWebKit/537.36 (KHTML, like Gecko) Chrome/142.0.0.0 Safari/537.36"
}
[2025-11-11T10:53:29.459Z] [INFO] {
  "timestamp": "2025-11-11T10:53:29.459Z",
  "method": "GET",
  "url": "/api/finance/projects?search=&status=all&year=2025",
  "statusCode": 200,
  "responseTime": "43ms",
  "userId": "690c4c43be8f36eb0f3c17b9"
}
[2025-11-11T10:53:29.463Z] [INFO] {
  "timestamp": "2025-11-11T10:53:29.463Z",
  "method": "GET",
  "url": "/api/clients",
  "statusCode": 200,
  "responseTime": "21ms",
  "userId": "690c4c43be8f36eb0f3c17b9"
}
[2025-11-11T10:53:29.473Z] [INFO] {
  "timestamp": "2025-11-11T10:53:29.473Z",
  "method": "GET",
  "url": "/api/finance/projects?search=&status=all&year=2025",
  "ip": "::1",
  "userId": "anonymous",
  "userAgent": "Mozilla/5.0 (Windows NT 10.0; Win64; x64) AppleWebKit/537.36 (KHTML, like Gecko) Chrome/142.0.0.0 Safari/537.36"
}
[2025-11-11T10:53:29.479Z] [INFO] {
  "timestamp": "2025-11-11T10:53:29.479Z",
  "method": "GET",
  "url": "/api/finance/stats?year=2025",
  "statusCode": 200,
  "responseTime": "60ms",
  "userId": "690c4c43be8f36eb0f3c17b9"
}
[2025-11-11T10:53:29.489Z] [INFO] {
  "timestamp": "2025-11-11T10:53:29.489Z",
  "method": "GET",
  "url": "/api/finance/stats?year=2025",
  "ip": "::1",
  "userId": "anonymous",
  "userAgent": "Mozilla/5.0 (Windows NT 10.0; Win64; x64) AppleWebKit/537.36 (KHTML, like Gecko) Chrome/142.0.0.0 Safari/537.36"
}
[2025-11-11T10:53:29.503Z] [INFO] {
  "timestamp": "2025-11-11T10:53:29.503Z",
  "method": "GET",
  "url": "/api/finance/projects?search=&status=all&year=2025",
  "statusCode": 200,
  "responseTime": "30ms",
  "userId": "690c4c43be8f36eb0f3c17b9"
}
[2025-11-11T10:53:29.522Z] [INFO] {
  "timestamp": "2025-11-11T10:53:29.522Z",
  "method": "GET",
  "url": "/api/finance/stats?year=2025",
  "statusCode": 200,
  "responseTime": "33ms",
  "userId": "690c4c43be8f36eb0f3c17b9"
}
[2025-11-11T10:53:29.730Z] [INFO] {
  "timestamp": "2025-11-11T10:53:29.730Z",
  "method": "GET",
  "url": "/favicon.ico",
  "ip": "127.0.0.1",
  "userId": "anonymous",
  "userAgent": "Mozilla/5.0 (Windows NT 10.0; Win64; x64) AppleWebKit/537.36 (KHTML, like Gecko) Chrome/142.0.0.0 Safari/537.36"
}
[2025-11-11T10:53:29.732Z] [INFO] {
  "timestamp": "2025-11-11T10:53:29.732Z",
  "method": "GET",
  "url": "/favicon.ico",
  "statusCode": 200,
  "responseTime": "2ms",
  "userId": "anonymous"
}
[2025-11-11T10:53:29.856Z] [INFO] {
  "timestamp": "2025-11-11T10:53:29.856Z",
  "method": "GET",
  "url": "/api/clients",
  "ip": "::1",
  "userId": "anonymous",
  "userAgent": "Mozilla/5.0 (Windows NT 10.0; Win64; x64) AppleWebKit/537.36 (KHTML, like Gecko) Chrome/142.0.0.0 Safari/537.36"
}
[2025-11-11T10:53:29.865Z] [INFO] {
  "timestamp": "2025-11-11T10:53:29.865Z",
  "method": "GET",
  "url": "/api/clients",
  "statusCode": 200,
  "responseTime": "9ms",
  "userId": "690c4c43be8f36eb0f3c17b9"
}
[2025-11-11T10:53:29.869Z] [INFO] {
  "timestamp": "2025-11-11T10:53:29.869Z",
  "method": "GET",
  "url": "/api/clients",
  "ip": "::1",
  "userId": "anonymous",
  "userAgent": "Mozilla/5.0 (Windows NT 10.0; Win64; x64) AppleWebKit/537.36 (KHTML, like Gecko) Chrome/142.0.0.0 Safari/537.36"
}
[2025-11-11T10:53:29.880Z] [INFO] {
  "timestamp": "2025-11-11T10:53:29.880Z",
  "method": "GET",
  "url": "/api/clients",
  "statusCode": 200,
  "responseTime": "11ms",
  "userId": "690c4c43be8f36eb0f3c17b9"
}
[2025-11-11T10:53:29.989Z] [INFO] {
  "timestamp": "2025-11-11T10:53:29.989Z",
  "method": "GET",
  "url": "/favicon.ico",
  "ip": "127.0.0.1",
  "userId": "anonymous",
  "userAgent": "Mozilla/5.0 (Windows NT 10.0; Win64; x64) AppleWebKit/537.36 (KHTML, like Gecko) Chrome/142.0.0.0 Safari/537.36"
}
[2025-11-11T10:53:29.991Z] [INFO] {
  "timestamp": "2025-11-11T10:53:29.991Z",
  "method": "GET",
  "url": "/favicon.ico",
  "statusCode": 200,
  "responseTime": "2ms",
  "userId": "anonymous"
}
[2025-11-11T10:53:31.293Z] [INFO] {
  "timestamp": "2025-11-11T10:53:31.293Z",
  "method": "GET",
  "url": "/api/clients",
  "ip": "::1",
  "userId": "anonymous",
  "userAgent": "Mozilla/5.0 (Windows NT 10.0; Win64; x64) AppleWebKit/537.36 (KHTML, like Gecko) Chrome/142.0.0.0 Safari/537.36"
}
[2025-11-11T10:53:31.306Z] [INFO] {
  "timestamp": "2025-11-11T10:53:31.306Z",
  "method": "GET",
  "url": "/favicon.ico",
  "ip": "127.0.0.1",
  "userId": "anonymous",
  "userAgent": "Mozilla/5.0 (Windows NT 10.0; Win64; x64) AppleWebKit/537.36 (KHTML, like Gecko) Chrome/142.0.0.0 Safari/537.36"
}
[2025-11-11T10:53:31.312Z] [INFO] {
  "timestamp": "2025-11-11T10:53:31.312Z",
  "method": "GET",
  "url": "/favicon.ico",
  "statusCode": 200,
  "responseTime": "6ms",
  "userId": "anonymous"
}
[2025-11-11T10:53:31.328Z] [INFO] {
  "timestamp": "2025-11-11T10:53:31.328Z",
  "method": "GET",
  "url": "/api/clients",
  "statusCode": 200,
  "responseTime": "35ms",
  "userId": "690c4c43be8f36eb0f3c17b9"
}
[2025-11-11T10:53:31.334Z] [INFO] {
  "timestamp": "2025-11-11T10:53:31.334Z",
  "method": "GET",
  "url": "/api/clients",
  "ip": "::1",
  "userId": "anonymous",
  "userAgent": "Mozilla/5.0 (Windows NT 10.0; Win64; x64) AppleWebKit/537.36 (KHTML, like Gecko) Chrome/142.0.0.0 Safari/537.36"
}
[2025-11-11T10:53:31.342Z] [INFO] {
  "timestamp": "2025-11-11T10:53:31.342Z",
  "method": "GET",
  "url": "/api/clients",
  "statusCode": 200,
  "responseTime": "8ms",
  "userId": "690c4c43be8f36eb0f3c17b9"
}
[2025-11-11T10:58:02.915Z] [INFO] Email service initialized successfully
[2025-11-11T10:58:14.376Z] [INFO] {
  "timestamp": "2025-11-11T10:58:14.375Z",
  "method": "GET",
  "url": "/api/auth/me",
  "ip": "::1",
  "userId": "anonymous",
  "userAgent": "Mozilla/5.0 (Windows NT 10.0; Win64; x64) AppleWebKit/537.36 (KHTML, like Gecko) Chrome/142.0.0.0 Safari/537.36"
}
[2025-11-11T10:58:14.414Z] [INFO] {
  "timestamp": "2025-11-11T10:58:14.414Z",
  "method": "GET",
  "url": "/api/auth/me",
  "statusCode": 200,
  "responseTime": "39ms",
  "userId": "690c4c43be8f36eb0f3c17b9"
}
[2025-11-11T10:58:14.428Z] [INFO] {
  "timestamp": "2025-11-11T10:58:14.428Z",
  "method": "GET",
  "url": "/api/auth/me",
  "ip": "::1",
  "userId": "anonymous",
  "userAgent": "Mozilla/5.0 (Windows NT 10.0; Win64; x64) AppleWebKit/537.36 (KHTML, like Gecko) Chrome/142.0.0.0 Safari/537.36"
}
[2025-11-11T10:58:14.445Z] [INFO] {
  "timestamp": "2025-11-11T10:58:14.445Z",
  "method": "GET",
  "url": "/api/auth/me",
  "statusCode": 200,
  "responseTime": "17ms",
  "userId": "690c4c43be8f36eb0f3c17b9"
}
[2025-11-11T10:58:14.986Z] [INFO] {
  "timestamp": "2025-11-11T10:58:14.986Z",
  "method": "GET",
  "url": "/favicon.ico",
  "ip": "127.0.0.1",
  "userId": "anonymous",
  "userAgent": "Mozilla/5.0 (Windows NT 10.0; Win64; x64) AppleWebKit/537.36 (KHTML, like Gecko) Chrome/142.0.0.0 Safari/537.36"
}
[2025-11-11T10:58:14.990Z] [INFO] {
  "timestamp": "2025-11-11T10:58:14.990Z",
  "method": "GET",
  "url": "/favicon.ico",
  "statusCode": 200,
  "responseTime": "4ms",
  "userId": "anonymous"
}
[2025-11-11T10:58:15.001Z] [INFO] {
  "timestamp": "2025-11-11T10:58:15.001Z",
  "method": "GET",
  "url": "/api/activities/recent?limit=3",
  "ip": "127.0.0.1",
  "userId": "anonymous",
  "userAgent": "Mozilla/5.0 (Windows NT 10.0; Win64; x64) AppleWebKit/537.36 (KHTML, like Gecko) Chrome/142.0.0.0 Safari/537.36"
}
[2025-11-11T10:58:15.020Z] [INFO] {
  "timestamp": "2025-11-11T10:58:15.020Z",
  "method": "GET",
  "url": "/favicon.ico",
  "ip": "127.0.0.1",
  "userId": "anonymous",
  "userAgent": "Mozilla/5.0 (Windows NT 10.0; Win64; x64) AppleWebKit/537.36 (KHTML, like Gecko) Chrome/142.0.0.0 Safari/537.36"
}
[2025-11-11T10:58:15.022Z] [INFO] {
  "timestamp": "2025-11-11T10:58:15.022Z",
  "method": "GET",
  "url": "/favicon.ico",
  "statusCode": 200,
  "responseTime": "2ms",
  "userId": "anonymous"
}
[2025-11-11T10:58:15.033Z] [INFO] {
  "timestamp": "2025-11-11T10:58:15.033Z",
  "method": "GET",
  "url": "/api/activities/recent?limit=3",
  "statusCode": 200,
  "responseTime": "32ms",
  "userId": "690c4c43be8f36eb0f3c17b9"
}
[2025-11-11T10:58:15.356Z] [INFO] {
  "timestamp": "2025-11-11T10:58:15.356Z",
  "method": "GET",
  "url": "/api/activities/recent?limit=3",
  "ip": "127.0.0.1",
  "userId": "anonymous",
  "userAgent": "Mozilla/5.0 (Windows NT 10.0; Win64; x64) AppleWebKit/537.36 (KHTML, like Gecko) Chrome/142.0.0.0 Safari/537.36"
}
[2025-11-11T10:58:15.366Z] [INFO] {
  "timestamp": "2025-11-11T10:58:15.366Z",
  "method": "GET",
  "url": "/api/activities/recent?limit=3",
  "statusCode": 200,
  "responseTime": "10ms",
  "userId": "690c4c43be8f36eb0f3c17b9"
}
[2025-11-11T10:58:35.086Z] [INFO] {
  "timestamp": "2025-11-11T10:58:35.086Z",
  "method": "GET",
  "url": "/favicon.ico",
  "ip": "127.0.0.1",
  "userId": "anonymous",
  "userAgent": "Mozilla/5.0 (Windows NT 10.0; Win64; x64) AppleWebKit/537.36 (KHTML, like Gecko) Chrome/142.0.0.0 Safari/537.36"
}
[2025-11-11T10:58:35.091Z] [INFO] {
  "timestamp": "2025-11-11T10:58:35.090Z",
  "method": "GET",
  "url": "/favicon.ico",
  "statusCode": 200,
  "responseTime": "4ms",
  "userId": "anonymous"
}
[2025-11-11T10:58:35.099Z] [INFO] {
  "timestamp": "2025-11-11T10:58:35.099Z",
  "method": "GET",
  "url": "/api/clients",
  "ip": "::1",
  "userId": "anonymous",
  "userAgent": "Mozilla/5.0 (Windows NT 10.0; Win64; x64) AppleWebKit/537.36 (KHTML, like Gecko) Chrome/142.0.0.0 Safari/537.36"
}
[2025-11-11T10:58:35.115Z] [INFO] {
  "timestamp": "2025-11-11T10:58:35.115Z",
  "method": "GET",
  "url": "/api/clients",
  "statusCode": 200,
  "responseTime": "16ms",
  "userId": "690c4c43be8f36eb0f3c17b9"
}
[2025-11-11T10:58:35.122Z] [INFO] {
  "timestamp": "2025-11-11T10:58:35.122Z",
  "method": "GET",
  "url": "/api/clients",
  "ip": "::1",
  "userId": "anonymous",
  "userAgent": "Mozilla/5.0 (Windows NT 10.0; Win64; x64) AppleWebKit/537.36 (KHTML, like Gecko) Chrome/142.0.0.0 Safari/537.36"
}
[2025-11-11T10:58:35.135Z] [INFO] {
  "timestamp": "2025-11-11T10:58:35.135Z",
  "method": "GET",
  "url": "/api/clients",
  "statusCode": 200,
  "responseTime": "13ms",
  "userId": "690c4c43be8f36eb0f3c17b9"
}
[2025-11-11T10:59:04.349Z] [INFO] {
  "timestamp": "2025-11-11T10:59:04.349Z",
  "method": "PUT",
  "url": "/api/clients/691304ec4021687c5ca1a688",
  "ip": "::1",
  "userId": "anonymous",
  "userAgent": "Mozilla/5.0 (Windows NT 10.0; Win64; x64) AppleWebKit/537.36 (KHTML, like Gecko) Chrome/142.0.0.0 Safari/537.36"
}
[2025-11-11T10:59:04.389Z] [INFO] {
  "timestamp": "2025-11-11T10:59:04.389Z",
  "method": "PUT",
  "url": "/api/clients/691304ec4021687c5ca1a688",
  "statusCode": 200,
  "responseTime": "40ms",
  "userId": "690c4c43be8f36eb0f3c17b9"
}
[2025-11-11T10:59:11.980Z] [INFO] {
  "timestamp": "2025-11-11T10:59:11.980Z",
  "method": "PUT",
  "url": "/api/clients/691304ec4021687c5ca1a688",
  "ip": "::1",
  "userId": "anonymous",
  "userAgent": "Mozilla/5.0 (Windows NT 10.0; Win64; x64) AppleWebKit/537.36 (KHTML, like Gecko) Chrome/142.0.0.0 Safari/537.36"
}
[2025-11-11T10:59:11.996Z] [INFO] {
  "timestamp": "2025-11-11T10:59:11.996Z",
  "method": "PUT",
  "url": "/api/clients/691304ec4021687c5ca1a688",
  "statusCode": 200,
  "responseTime": "16ms",
  "userId": "690c4c43be8f36eb0f3c17b9"
}
[2025-11-11T10:59:13.248Z] [INFO] {
  "timestamp": "2025-11-11T10:59:13.248Z",
  "method": "PUT",
  "url": "/api/clients/691304ec4021687c5ca1a688",
  "ip": "::1",
  "userId": "anonymous",
  "userAgent": "Mozilla/5.0 (Windows NT 10.0; Win64; x64) AppleWebKit/537.36 (KHTML, like Gecko) Chrome/142.0.0.0 Safari/537.36"
}
[2025-11-11T10:59:13.257Z] [INFO] {
  "timestamp": "2025-11-11T10:59:13.257Z",
  "method": "PUT",
  "url": "/api/clients/691304ec4021687c5ca1a688",
  "statusCode": 200,
  "responseTime": "9ms",
  "userId": "690c4c43be8f36eb0f3c17b9"
}
[2025-11-11T10:59:14.433Z] [INFO] {
  "timestamp": "2025-11-11T10:59:14.433Z",
  "method": "PUT",
  "url": "/api/clients/691304ec4021687c5ca1a688",
  "ip": "::1",
  "userId": "anonymous",
  "userAgent": "Mozilla/5.0 (Windows NT 10.0; Win64; x64) AppleWebKit/537.36 (KHTML, like Gecko) Chrome/142.0.0.0 Safari/537.36"
}
[2025-11-11T10:59:14.441Z] [INFO] {
  "timestamp": "2025-11-11T10:59:14.441Z",
  "method": "PUT",
  "url": "/api/clients/691304ec4021687c5ca1a688",
  "statusCode": 200,
  "responseTime": "8ms",
  "userId": "690c4c43be8f36eb0f3c17b9"
}
[2025-11-11T10:59:19.733Z] [INFO] {
  "timestamp": "2025-11-11T10:59:19.733Z",
  "method": "GET",
  "url": "/api/clients",
  "ip": "::1",
  "userId": "anonymous",
  "userAgent": "Mozilla/5.0 (Windows NT 10.0; Win64; x64) AppleWebKit/537.36 (KHTML, like Gecko) Chrome/142.0.0.0 Safari/537.36"
}
[2025-11-11T10:59:19.742Z] [INFO] {
  "timestamp": "2025-11-11T10:59:19.742Z",
  "method": "GET",
  "url": "/api/clients",
  "statusCode": 200,
  "responseTime": "9ms",
  "userId": "690c4c43be8f36eb0f3c17b9"
}
[2025-11-11T10:59:19.752Z] [INFO] {
  "timestamp": "2025-11-11T10:59:19.752Z",
  "method": "GET",
  "url": "/api/clients",
  "ip": "::1",
  "userId": "anonymous",
  "userAgent": "Mozilla/5.0 (Windows NT 10.0; Win64; x64) AppleWebKit/537.36 (KHTML, like Gecko) Chrome/142.0.0.0 Safari/537.36"
}
[2025-11-11T10:59:19.768Z] [INFO] {
  "timestamp": "2025-11-11T10:59:19.768Z",
  "method": "GET",
  "url": "/api/clients",
  "statusCode": 200,
  "responseTime": "16ms",
  "userId": "690c4c43be8f36eb0f3c17b9"
}
[2025-11-11T10:59:19.784Z] [INFO] {
  "timestamp": "2025-11-11T10:59:19.784Z",
  "method": "GET",
  "url": "/api/finance/projects?search=&status=all&year=2025",
  "ip": "::1",
  "userId": "anonymous",
  "userAgent": "Mozilla/5.0 (Windows NT 10.0; Win64; x64) AppleWebKit/537.36 (KHTML, like Gecko) Chrome/142.0.0.0 Safari/537.36"
}
[2025-11-11T10:59:19.791Z] [INFO] {
  "timestamp": "2025-11-11T10:59:19.791Z",
  "method": "GET",
  "url": "/api/finance/stats?year=2025",
  "ip": "::1",
  "userId": "anonymous",
  "userAgent": "Mozilla/5.0 (Windows NT 10.0; Win64; x64) AppleWebKit/537.36 (KHTML, like Gecko) Chrome/142.0.0.0 Safari/537.36"
}
[2025-11-11T10:59:19.843Z] [INFO] {
  "timestamp": "2025-11-11T10:59:19.843Z",
  "method": "GET",
  "url": "/api/finance/projects?search=&status=all&year=2025",
  "statusCode": 200,
  "responseTime": "59ms",
  "userId": "690c4c43be8f36eb0f3c17b9"
}
[2025-11-11T10:59:19.870Z] [INFO] {
  "timestamp": "2025-11-11T10:59:19.869Z",
  "method": "GET",
  "url": "/api/finance/projects?search=&status=all&year=2025",
  "ip": "::1",
  "userId": "anonymous",
  "userAgent": "Mozilla/5.0 (Windows NT 10.0; Win64; x64) AppleWebKit/537.36 (KHTML, like Gecko) Chrome/142.0.0.0 Safari/537.36"
}
[2025-11-11T10:59:19.884Z] [INFO] {
  "timestamp": "2025-11-11T10:59:19.884Z",
  "method": "GET",
  "url": "/api/finance/stats?year=2025",
  "statusCode": 200,
  "responseTime": "93ms",
  "userId": "690c4c43be8f36eb0f3c17b9"
}
[2025-11-11T10:59:19.892Z] [INFO] {
  "timestamp": "2025-11-11T10:59:19.892Z",
  "method": "GET",
  "url": "/api/finance/stats?year=2025",
  "ip": "::1",
  "userId": "anonymous",
  "userAgent": "Mozilla/5.0 (Windows NT 10.0; Win64; x64) AppleWebKit/537.36 (KHTML, like Gecko) Chrome/142.0.0.0 Safari/537.36"
}
[2025-11-11T10:59:19.915Z] [INFO] {
  "timestamp": "2025-11-11T10:59:19.915Z",
  "method": "GET",
  "url": "/api/finance/projects?search=&status=all&year=2025",
  "statusCode": 200,
  "responseTime": "46ms",
  "userId": "690c4c43be8f36eb0f3c17b9"
}
[2025-11-11T10:59:19.941Z] [INFO] {
  "timestamp": "2025-11-11T10:59:19.941Z",
  "method": "GET",
  "url": "/api/finance/stats?year=2025",
  "statusCode": 200,
  "responseTime": "49ms",
  "userId": "690c4c43be8f36eb0f3c17b9"
}
[2025-11-11T10:59:20.050Z] [INFO] {
  "timestamp": "2025-11-11T10:59:20.050Z",
  "method": "GET",
  "url": "/favicon.ico",
  "ip": "127.0.0.1",
  "userId": "anonymous",
  "userAgent": "Mozilla/5.0 (Windows NT 10.0; Win64; x64) AppleWebKit/537.36 (KHTML, like Gecko) Chrome/142.0.0.0 Safari/537.36"
}
[2025-11-11T10:59:20.052Z] [INFO] {
  "timestamp": "2025-11-11T10:59:20.052Z",
  "method": "GET",
  "url": "/favicon.ico",
  "statusCode": 200,
  "responseTime": "2ms",
  "userId": "anonymous"
}
[2025-11-11T10:59:22.562Z] [INFO] {
  "timestamp": "2025-11-11T10:59:22.562Z",
  "method": "GET",
  "url": "/api/clients",
  "ip": "::1",
  "userId": "anonymous",
  "userAgent": "Mozilla/5.0 (Windows NT 10.0; Win64; x64) AppleWebKit/537.36 (KHTML, like Gecko) Chrome/142.0.0.0 Safari/537.36"
}
[2025-11-11T10:59:22.572Z] [INFO] {
  "timestamp": "2025-11-11T10:59:22.572Z",
  "method": "GET",
  "url": "/favicon.ico",
  "ip": "127.0.0.1",
  "userId": "anonymous",
  "userAgent": "Mozilla/5.0 (Windows NT 10.0; Win64; x64) AppleWebKit/537.36 (KHTML, like Gecko) Chrome/142.0.0.0 Safari/537.36"
}
[2025-11-11T10:59:22.578Z] [INFO] {
  "timestamp": "2025-11-11T10:59:22.577Z",
  "method": "GET",
  "url": "/favicon.ico",
  "statusCode": 200,
  "responseTime": "5ms",
  "userId": "anonymous"
}
[2025-11-11T10:59:22.589Z] [INFO] {
  "timestamp": "2025-11-11T10:59:22.589Z",
  "method": "GET",
  "url": "/api/clients",
  "statusCode": 200,
  "responseTime": "27ms",
  "userId": "690c4c43be8f36eb0f3c17b9"
}
[2025-11-11T10:59:22.599Z] [INFO] {
  "timestamp": "2025-11-11T10:59:22.599Z",
  "method": "GET",
  "url": "/api/clients",
  "ip": "::1",
  "userId": "anonymous",
  "userAgent": "Mozilla/5.0 (Windows NT 10.0; Win64; x64) AppleWebKit/537.36 (KHTML, like Gecko) Chrome/142.0.0.0 Safari/537.36"
}
[2025-11-11T10:59:22.608Z] [INFO] {
  "timestamp": "2025-11-11T10:59:22.608Z",
  "method": "GET",
  "url": "/api/clients",
  "statusCode": 200,
  "responseTime": "9ms",
  "userId": "690c4c43be8f36eb0f3c17b9"
}
[2025-11-11T11:01:18.104Z] [INFO] {
  "timestamp": "2025-11-11T11:01:18.104Z",
  "method": "GET",
  "url": "/api/clients",
  "ip": "::1",
  "userId": "anonymous",
  "userAgent": "Mozilla/5.0 (Windows NT 10.0; Win64; x64) AppleWebKit/537.36 (KHTML, like Gecko) Chrome/142.0.0.0 Safari/537.36"
}
[2025-11-11T11:01:18.116Z] [INFO] {
  "timestamp": "2025-11-11T11:01:18.116Z",
  "method": "GET",
  "url": "/api/finance/projects?search=&status=all&year=2025",
  "ip": "::1",
  "userId": "anonymous",
  "userAgent": "Mozilla/5.0 (Windows NT 10.0; Win64; x64) AppleWebKit/537.36 (KHTML, like Gecko) Chrome/142.0.0.0 Safari/537.36"
}
[2025-11-11T11:01:18.119Z] [INFO] {
  "timestamp": "2025-11-11T11:01:18.119Z",
  "method": "GET",
  "url": "/api/clients",
  "statusCode": 200,
  "responseTime": "15ms",
  "userId": "690c4c43be8f36eb0f3c17b9"
}
[2025-11-11T11:01:18.121Z] [INFO] {
  "timestamp": "2025-11-11T11:01:18.121Z",
  "method": "GET",
  "url": "/api/finance/stats?year=2025",
  "ip": "::1",
  "userId": "anonymous",
  "userAgent": "Mozilla/5.0 (Windows NT 10.0; Win64; x64) AppleWebKit/537.36 (KHTML, like Gecko) Chrome/142.0.0.0 Safari/537.36"
}
[2025-11-11T11:01:18.126Z] [INFO] {
  "timestamp": "2025-11-11T11:01:18.126Z",
  "method": "GET",
  "url": "/api/clients",
  "ip": "::1",
  "userId": "anonymous",
  "userAgent": "Mozilla/5.0 (Windows NT 10.0; Win64; x64) AppleWebKit/537.36 (KHTML, like Gecko) Chrome/142.0.0.0 Safari/537.36"
}
[2025-11-11T11:01:18.150Z] [INFO] {
  "timestamp": "2025-11-11T11:01:18.150Z",
  "method": "GET",
  "url": "/api/clients",
  "statusCode": 200,
  "responseTime": "24ms",
  "userId": "690c4c43be8f36eb0f3c17b9"
}
[2025-11-11T11:01:18.157Z] [INFO] {
  "timestamp": "2025-11-11T11:01:18.157Z",
  "method": "GET",
  "url": "/api/finance/projects?search=&status=all&year=2025",
  "statusCode": 200,
  "responseTime": "41ms",
  "userId": "690c4c43be8f36eb0f3c17b9"
}
[2025-11-11T11:01:18.168Z] [INFO] {
  "timestamp": "2025-11-11T11:01:18.168Z",
  "method": "GET",
  "url": "/api/finance/projects?search=&status=all&year=2025",
  "ip": "::1",
  "userId": "anonymous",
  "userAgent": "Mozilla/5.0 (Windows NT 10.0; Win64; x64) AppleWebKit/537.36 (KHTML, like Gecko) Chrome/142.0.0.0 Safari/537.36"
}
[2025-11-11T11:01:18.176Z] [INFO] {
  "timestamp": "2025-11-11T11:01:18.176Z",
  "method": "GET",
  "url": "/api/finance/stats?year=2025",
  "statusCode": 200,
  "responseTime": "55ms",
  "userId": "690c4c43be8f36eb0f3c17b9"
}
[2025-11-11T11:01:18.184Z] [INFO] {
  "timestamp": "2025-11-11T11:01:18.184Z",
  "method": "GET",
  "url": "/api/finance/stats?year=2025",
  "ip": "::1",
  "userId": "anonymous",
  "userAgent": "Mozilla/5.0 (Windows NT 10.0; Win64; x64) AppleWebKit/537.36 (KHTML, like Gecko) Chrome/142.0.0.0 Safari/537.36"
}
[2025-11-11T11:01:18.193Z] [INFO] {
  "timestamp": "2025-11-11T11:01:18.193Z",
  "method": "GET",
  "url": "/api/finance/projects?search=&status=all&year=2025",
  "statusCode": 200,
  "responseTime": "25ms",
  "userId": "690c4c43be8f36eb0f3c17b9"
}
[2025-11-11T11:01:18.216Z] [INFO] {
  "timestamp": "2025-11-11T11:01:18.216Z",
  "method": "GET",
  "url": "/api/finance/stats?year=2025",
  "statusCode": 200,
  "responseTime": "32ms",
  "userId": "690c4c43be8f36eb0f3c17b9"
}
[2025-11-11T11:01:18.442Z] [INFO] {
  "timestamp": "2025-11-11T11:01:18.442Z",
  "method": "GET",
  "url": "/favicon.ico",
  "ip": "127.0.0.1",
  "userId": "anonymous",
  "userAgent": "Mozilla/5.0 (Windows NT 10.0; Win64; x64) AppleWebKit/537.36 (KHTML, like Gecko) Chrome/142.0.0.0 Safari/537.36"
}
[2025-11-11T11:01:18.444Z] [INFO] {
  "timestamp": "2025-11-11T11:01:18.444Z",
  "method": "GET",
  "url": "/favicon.ico",
  "statusCode": 200,
  "responseTime": "2ms",
  "userId": "anonymous"
}
[2025-11-11T11:01:41.836Z] [INFO] {
  "timestamp": "2025-11-11T11:01:41.836Z",
  "method": "GET",
  "url": "/api/clients",
  "ip": "::1",
  "userId": "anonymous",
  "userAgent": "Mozilla/5.0 (Windows NT 10.0; Win64; x64) AppleWebKit/537.36 (KHTML, like Gecko) Chrome/142.0.0.0 Safari/537.36"
}
[2025-11-11T11:01:41.844Z] [INFO] {
  "timestamp": "2025-11-11T11:01:41.844Z",
  "method": "GET",
  "url": "/favicon.ico",
  "ip": "127.0.0.1",
  "userId": "anonymous",
  "userAgent": "Mozilla/5.0 (Windows NT 10.0; Win64; x64) AppleWebKit/537.36 (KHTML, like Gecko) Chrome/142.0.0.0 Safari/537.36"
}
[2025-11-11T11:01:41.853Z] [INFO] {
  "timestamp": "2025-11-11T11:01:41.853Z",
  "method": "GET",
  "url": "/favicon.ico",
  "statusCode": 200,
  "responseTime": "8ms",
  "userId": "anonymous"
}
[2025-11-11T11:01:41.865Z] [INFO] {
  "timestamp": "2025-11-11T11:01:41.865Z",
  "method": "GET",
  "url": "/api/clients",
  "statusCode": 200,
  "responseTime": "29ms",
  "userId": "690c4c43be8f36eb0f3c17b9"
}
[2025-11-11T11:01:41.876Z] [INFO] {
  "timestamp": "2025-11-11T11:01:41.876Z",
  "method": "GET",
  "url": "/api/clients",
  "ip": "::1",
  "userId": "anonymous",
  "userAgent": "Mozilla/5.0 (Windows NT 10.0; Win64; x64) AppleWebKit/537.36 (KHTML, like Gecko) Chrome/142.0.0.0 Safari/537.36"
}
[2025-11-11T11:01:41.888Z] [INFO] {
  "timestamp": "2025-11-11T11:01:41.888Z",
  "method": "GET",
  "url": "/api/clients",
  "statusCode": 200,
  "responseTime": "12ms",
  "userId": "690c4c43be8f36eb0f3c17b9"
}
[2025-11-11T11:03:25.301Z] [INFO] {
  "timestamp": "2025-11-11T11:03:25.301Z",
  "method": "GET",
  "url": "/favicon.ico",
  "ip": "127.0.0.1",
  "userId": "anonymous",
  "userAgent": "Mozilla/5.0 (Windows NT 10.0; Win64; x64) AppleWebKit/537.36 (KHTML, like Gecko) Chrome/142.0.0.0 Safari/537.36"
}
[2025-11-11T11:03:25.303Z] [INFO] {
  "timestamp": "2025-11-11T11:03:25.303Z",
  "method": "GET",
  "url": "/favicon.ico",
  "statusCode": 200,
  "responseTime": "2ms",
  "userId": "anonymous"
}
[2025-11-11T11:03:25.310Z] [INFO] {
  "timestamp": "2025-11-11T11:03:25.310Z",
  "method": "GET",
  "url": "/api/clients",
  "ip": "::1",
  "userId": "anonymous",
  "userAgent": "Mozilla/5.0 (Windows NT 10.0; Win64; x64) AppleWebKit/537.36 (KHTML, like Gecko) Chrome/142.0.0.0 Safari/537.36"
}
[2025-11-11T11:03:25.325Z] [INFO] {
  "timestamp": "2025-11-11T11:03:25.325Z",
  "method": "GET",
  "url": "/api/finance/projects?search=&status=all&year=2025",
  "ip": "::1",
  "userId": "anonymous",
  "userAgent": "Mozilla/5.0 (Windows NT 10.0; Win64; x64) AppleWebKit/537.36 (KHTML, like Gecko) Chrome/142.0.0.0 Safari/537.36"
}
[2025-11-11T11:03:25.335Z] [INFO] {
  "timestamp": "2025-11-11T11:03:25.335Z",
  "method": "GET",
  "url": "/api/finance/stats?year=2025",
  "ip": "::1",
  "userId": "anonymous",
  "userAgent": "Mozilla/5.0 (Windows NT 10.0; Win64; x64) AppleWebKit/537.36 (KHTML, like Gecko) Chrome/142.0.0.0 Safari/537.36"
}
[2025-11-11T11:03:25.357Z] [INFO] {
  "timestamp": "2025-11-11T11:03:25.357Z",
  "method": "GET",
  "url": "/api/clients",
  "statusCode": 200,
  "responseTime": "47ms",
  "userId": "690c4c43be8f36eb0f3c17b9"
}
[2025-11-11T11:03:25.373Z] [INFO] {
  "timestamp": "2025-11-11T11:03:25.373Z",
  "method": "GET",
  "url": "/api/clients",
  "ip": "::1",
  "userId": "anonymous",
  "userAgent": "Mozilla/5.0 (Windows NT 10.0; Win64; x64) AppleWebKit/537.36 (KHTML, like Gecko) Chrome/142.0.0.0 Safari/537.36"
}
[2025-11-11T11:03:25.402Z] [INFO] {
  "timestamp": "2025-11-11T11:03:25.402Z",
  "method": "GET",
  "url": "/api/clients",
  "statusCode": 200,
  "responseTime": "29ms",
  "userId": "690c4c43be8f36eb0f3c17b9"
}
[2025-11-11T11:03:25.406Z] [INFO] {
  "timestamp": "2025-11-11T11:03:25.406Z",
  "method": "GET",
  "url": "/api/finance/projects?search=&status=all&year=2025",
  "statusCode": 200,
  "responseTime": "81ms",
  "userId": "690c4c43be8f36eb0f3c17b9"
}
[2025-11-11T11:03:25.418Z] [INFO] {
  "timestamp": "2025-11-11T11:03:25.418Z",
  "method": "GET",
  "url": "/api/finance/projects?search=&status=all&year=2025",
  "ip": "::1",
  "userId": "anonymous",
  "userAgent": "Mozilla/5.0 (Windows NT 10.0; Win64; x64) AppleWebKit/537.36 (KHTML, like Gecko) Chrome/142.0.0.0 Safari/537.36"
}
[2025-11-11T11:03:25.434Z] [INFO] {
  "timestamp": "2025-11-11T11:03:25.434Z",
  "method": "GET",
  "url": "/api/finance/stats?year=2025",
  "statusCode": 200,
  "responseTime": "99ms",
  "userId": "690c4c43be8f36eb0f3c17b9"
}
[2025-11-11T11:03:25.440Z] [INFO] {
  "timestamp": "2025-11-11T11:03:25.439Z",
  "method": "GET",
  "url": "/api/finance/stats?year=2025",
  "ip": "::1",
  "userId": "anonymous",
  "userAgent": "Mozilla/5.0 (Windows NT 10.0; Win64; x64) AppleWebKit/537.36 (KHTML, like Gecko) Chrome/142.0.0.0 Safari/537.36"
}
[2025-11-11T11:03:25.461Z] [INFO] {
  "timestamp": "2025-11-11T11:03:25.461Z",
  "method": "GET",
  "url": "/api/finance/projects?search=&status=all&year=2025",
  "statusCode": 200,
  "responseTime": "43ms",
  "userId": "690c4c43be8f36eb0f3c17b9"
}
[2025-11-11T11:03:25.486Z] [INFO] {
  "timestamp": "2025-11-11T11:03:25.486Z",
  "method": "GET",
  "url": "/api/finance/stats?year=2025",
  "statusCode": 200,
  "responseTime": "47ms",
  "userId": "690c4c43be8f36eb0f3c17b9"
}
[2025-11-11T11:03:51.932Z] [INFO] {
  "timestamp": "2025-11-11T11:03:51.932Z",
  "method": "GET",
  "url": "/api/auth/me",
  "ip": "::1",
  "userId": "anonymous",
  "userAgent": "Mozilla/5.0 (Windows NT 10.0; Win64; x64) AppleWebKit/537.36 (KHTML, like Gecko) Chrome/142.0.0.0 Safari/537.36"
}
[2025-11-11T11:03:51.938Z] [INFO] {
  "timestamp": "2025-11-11T11:03:51.938Z",
  "method": "GET",
  "url": "/api/auth/me",
  "ip": "::1",
  "userId": "anonymous",
  "userAgent": "Mozilla/5.0 (Windows NT 10.0; Win64; x64) AppleWebKit/537.36 (KHTML, like Gecko) Chrome/142.0.0.0 Safari/537.36"
}
[2025-11-11T11:03:51.945Z] [INFO] {
  "timestamp": "2025-11-11T11:03:51.945Z",
  "method": "GET",
  "url": "/favicon.ico",
  "ip": "127.0.0.1",
  "userId": "anonymous",
  "userAgent": "Mozilla/5.0 (Windows NT 10.0; Win64; x64) AppleWebKit/537.36 (KHTML, like Gecko) Chrome/142.0.0.0 Safari/537.36"
}
[2025-11-11T11:03:51.946Z] [INFO] {
  "timestamp": "2025-11-11T11:03:51.946Z",
  "method": "GET",
  "url": "/favicon.ico",
  "statusCode": 200,
  "responseTime": "1ms",
  "userId": "anonymous"
}
[2025-11-11T11:03:51.957Z] [INFO] {
  "timestamp": "2025-11-11T11:03:51.957Z",
  "method": "GET",
  "url": "/api/auth/me",
  "statusCode": 200,
  "responseTime": "24ms",
  "userId": "690c4c43be8f36eb0f3c17b9"
}
[2025-11-11T11:03:51.960Z] [INFO] {
  "timestamp": "2025-11-11T11:03:51.960Z",
  "method": "GET",
  "url": "/api/auth/me",
  "statusCode": 200,
  "responseTime": "22ms",
  "userId": "690c4c43be8f36eb0f3c17b9"
}
[2025-11-11T11:03:51.993Z] [INFO] {
  "timestamp": "2025-11-11T11:03:51.993Z",
  "method": "GET",
  "url": "/api/clients",
  "ip": "::1",
  "userId": "anonymous",
  "userAgent": "Mozilla/5.0 (Windows NT 10.0; Win64; x64) AppleWebKit/537.36 (KHTML, like Gecko) Chrome/142.0.0.0 Safari/537.36"
}
[2025-11-11T11:03:52.011Z] [INFO] {
  "timestamp": "2025-11-11T11:03:52.011Z",
  "method": "GET",
  "url": "/api/finance/projects?search=&status=all&year=2025",
  "ip": "::1",
  "userId": "anonymous",
  "userAgent": "Mozilla/5.0 (Windows NT 10.0; Win64; x64) AppleWebKit/537.36 (KHTML, like Gecko) Chrome/142.0.0.0 Safari/537.36"
}
[2025-11-11T11:03:52.016Z] [INFO] {
  "timestamp": "2025-11-11T11:03:52.016Z",
  "method": "GET",
  "url": "/api/clients",
  "statusCode": 200,
  "responseTime": "23ms",
  "userId": "690c4c43be8f36eb0f3c17b9"
}
[2025-11-11T11:03:52.022Z] [INFO] {
  "timestamp": "2025-11-11T11:03:52.022Z",
  "method": "GET",
  "url": "/api/finance/stats?year=2025",
  "ip": "::1",
  "userId": "anonymous",
  "userAgent": "Mozilla/5.0 (Windows NT 10.0; Win64; x64) AppleWebKit/537.36 (KHTML, like Gecko) Chrome/142.0.0.0 Safari/537.36"
}
[2025-11-11T11:03:52.033Z] [INFO] {
  "timestamp": "2025-11-11T11:03:52.033Z",
  "method": "GET",
  "url": "/api/clients",
  "ip": "::1",
  "userId": "anonymous",
  "userAgent": "Mozilla/5.0 (Windows NT 10.0; Win64; x64) AppleWebKit/537.36 (KHTML, like Gecko) Chrome/142.0.0.0 Safari/537.36"
}
[2025-11-11T11:03:52.067Z] [INFO] {
  "timestamp": "2025-11-11T11:03:52.067Z",
  "method": "GET",
  "url": "/api/clients",
  "statusCode": 200,
  "responseTime": "34ms",
  "userId": "690c4c43be8f36eb0f3c17b9"
}
[2025-11-11T11:03:52.081Z] [INFO] {
  "timestamp": "2025-11-11T11:03:52.081Z",
  "method": "GET",
  "url": "/api/finance/projects?search=&status=all&year=2025",
  "statusCode": 200,
  "responseTime": "70ms",
  "userId": "690c4c43be8f36eb0f3c17b9"
}
[2025-11-11T11:03:52.092Z] [INFO] {
  "timestamp": "2025-11-11T11:03:52.092Z",
  "method": "GET",
  "url": "/api/finance/projects?search=&status=all&year=2025",
  "ip": "::1",
  "userId": "anonymous",
  "userAgent": "Mozilla/5.0 (Windows NT 10.0; Win64; x64) AppleWebKit/537.36 (KHTML, like Gecko) Chrome/142.0.0.0 Safari/537.36"
}
[2025-11-11T11:03:52.110Z] [INFO] {
  "timestamp": "2025-11-11T11:03:52.110Z",
  "method": "GET",
  "url": "/api/finance/stats?year=2025",
  "statusCode": 200,
  "responseTime": "88ms",
  "userId": "690c4c43be8f36eb0f3c17b9"
}
[2025-11-11T11:03:52.118Z] [INFO] {
  "timestamp": "2025-11-11T11:03:52.118Z",
  "method": "GET",
  "url": "/api/finance/stats?year=2025",
  "ip": "::1",
  "userId": "anonymous",
  "userAgent": "Mozilla/5.0 (Windows NT 10.0; Win64; x64) AppleWebKit/537.36 (KHTML, like Gecko) Chrome/142.0.0.0 Safari/537.36"
}
[2025-11-11T11:03:52.135Z] [INFO] {
  "timestamp": "2025-11-11T11:03:52.135Z",
  "method": "GET",
  "url": "/api/finance/projects?search=&status=all&year=2025",
  "statusCode": 200,
  "responseTime": "43ms",
  "userId": "690c4c43be8f36eb0f3c17b9"
}
[2025-11-11T11:03:52.155Z] [INFO] {
  "timestamp": "2025-11-11T11:03:52.155Z",
  "method": "GET",
  "url": "/api/finance/stats?year=2025",
  "statusCode": 200,
  "responseTime": "37ms",
  "userId": "690c4c43be8f36eb0f3c17b9"
}
[2025-11-11T11:04:14.430Z] [INFO] Email service initialized successfully
[2025-11-11T11:04:19.061Z] [INFO] {
  "timestamp": "2025-11-11T11:04:19.061Z",
  "method": "GET",
  "url": "/api/auth/me",
  "ip": "::1",
  "userId": "anonymous",
  "userAgent": "Mozilla/5.0 (Windows NT 10.0; Win64; x64) AppleWebKit/537.36 (KHTML, like Gecko) Chrome/142.0.0.0 Safari/537.36"
}
[2025-11-11T11:04:19.077Z] [INFO] {
  "timestamp": "2025-11-11T11:04:19.077Z",
  "method": "GET",
  "url": "/favicon.ico",
  "ip": "127.0.0.1",
  "userId": "anonymous",
  "userAgent": "Mozilla/5.0 (Windows NT 10.0; Win64; x64) AppleWebKit/537.36 (KHTML, like Gecko) Chrome/142.0.0.0 Safari/537.36"
}
[2025-11-11T11:04:19.084Z] [INFO] {
  "timestamp": "2025-11-11T11:04:19.084Z",
  "method": "GET",
  "url": "/favicon.ico",
  "statusCode": 200,
  "responseTime": "8ms",
  "userId": "anonymous"
}
[2025-11-11T11:04:19.109Z] [INFO] {
  "timestamp": "2025-11-11T11:04:19.109Z",
  "method": "GET",
  "url": "/api/auth/me",
  "statusCode": 200,
  "responseTime": "48ms",
  "userId": "690c4c43be8f36eb0f3c17b9"
}
[2025-11-11T11:04:19.115Z] [INFO] {
  "timestamp": "2025-11-11T11:04:19.115Z",
  "method": "GET",
  "url": "/api/auth/me",
  "ip": "::1",
  "userId": "anonymous",
  "userAgent": "Mozilla/5.0 (Windows NT 10.0; Win64; x64) AppleWebKit/537.36 (KHTML, like Gecko) Chrome/142.0.0.0 Safari/537.36"
}
[2025-11-11T11:04:19.126Z] [INFO] {
  "timestamp": "2025-11-11T11:04:19.126Z",
  "method": "GET",
  "url": "/api/auth/me",
  "statusCode": 200,
  "responseTime": "11ms",
  "userId": "690c4c43be8f36eb0f3c17b9"
}
[2025-11-11T11:04:19.153Z] [INFO] {
  "timestamp": "2025-11-11T11:04:19.153Z",
  "method": "GET",
  "url": "/favicon.ico",
  "ip": "127.0.0.1",
  "userId": "anonymous",
  "userAgent": "Mozilla/5.0 (Windows NT 10.0; Win64; x64) AppleWebKit/537.36 (KHTML, like Gecko) Chrome/142.0.0.0 Safari/537.36"
}
[2025-11-11T11:04:19.154Z] [INFO] {
  "timestamp": "2025-11-11T11:04:19.154Z",
  "method": "GET",
  "url": "/favicon.ico",
  "statusCode": 200,
  "responseTime": "1ms",
  "userId": "anonymous"
}
[2025-11-11T11:04:19.166Z] [INFO] {
  "timestamp": "2025-11-11T11:04:19.166Z",
  "method": "GET",
  "url": "/api/activities/recent?limit=3",
  "ip": "127.0.0.1",
  "userId": "anonymous",
  "userAgent": "Mozilla/5.0 (Windows NT 10.0; Win64; x64) AppleWebKit/537.36 (KHTML, like Gecko) Chrome/142.0.0.0 Safari/537.36"
}
[2025-11-11T11:04:19.177Z] [INFO] {
  "timestamp": "2025-11-11T11:04:19.177Z",
  "method": "GET",
  "url": "/api/activities/recent?limit=3",
  "statusCode": 200,
  "responseTime": "11ms",
  "userId": "690c4c43be8f36eb0f3c17b9"
}
[2025-11-11T11:04:19.576Z] [INFO] {
  "timestamp": "2025-11-11T11:04:19.576Z",
  "method": "GET",
  "url": "/api/activities/recent?limit=3",
  "ip": "127.0.0.1",
  "userId": "anonymous",
  "userAgent": "Mozilla/5.0 (Windows NT 10.0; Win64; x64) AppleWebKit/537.36 (KHTML, like Gecko) Chrome/142.0.0.0 Safari/537.36"
}
[2025-11-11T11:04:19.589Z] [INFO] {
  "timestamp": "2025-11-11T11:04:19.589Z",
  "method": "GET",
  "url": "/api/activities/recent?limit=3",
  "statusCode": 200,
  "responseTime": "13ms",
  "userId": "690c4c43be8f36eb0f3c17b9"
}
[2025-11-11T11:04:20.787Z] [INFO] {
  "timestamp": "2025-11-11T11:04:20.787Z",
  "method": "GET",
  "url": "/api/clients",
  "ip": "::1",
  "userId": "anonymous",
  "userAgent": "Mozilla/5.0 (Windows NT 10.0; Win64; x64) AppleWebKit/537.36 (KHTML, like Gecko) Chrome/142.0.0.0 Safari/537.36"
}
[2025-11-11T11:04:20.795Z] [INFO] {
  "timestamp": "2025-11-11T11:04:20.795Z",
  "method": "GET",
  "url": "/api/finance/projects?search=&status=all&year=2025",
  "ip": "::1",
  "userId": "anonymous",
  "userAgent": "Mozilla/5.0 (Windows NT 10.0; Win64; x64) AppleWebKit/537.36 (KHTML, like Gecko) Chrome/142.0.0.0 Safari/537.36"
}
[2025-11-11T11:04:20.803Z] [INFO] {
  "timestamp": "2025-11-11T11:04:20.803Z",
  "method": "GET",
  "url": "/api/finance/stats?year=2025",
  "ip": "::1",
  "userId": "anonymous",
  "userAgent": "Mozilla/5.0 (Windows NT 10.0; Win64; x64) AppleWebKit/537.36 (KHTML, like Gecko) Chrome/142.0.0.0 Safari/537.36"
}
[2025-11-11T11:04:20.822Z] [INFO] {
  "timestamp": "2025-11-11T11:04:20.822Z",
  "method": "GET",
  "url": "/api/clients",
  "statusCode": 200,
  "responseTime": "35ms",
  "userId": "690c4c43be8f36eb0f3c17b9"
}
[2025-11-11T11:04:20.827Z] [INFO] {
  "timestamp": "2025-11-11T11:04:20.827Z",
  "method": "GET",
  "url": "/api/clients",
  "ip": "::1",
  "userId": "anonymous",
  "userAgent": "Mozilla/5.0 (Windows NT 10.0; Win64; x64) AppleWebKit/537.36 (KHTML, like Gecko) Chrome/142.0.0.0 Safari/537.36"
}
[2025-11-11T11:04:20.847Z] [INFO] {
  "timestamp": "2025-11-11T11:04:20.847Z",
  "method": "GET",
  "url": "/api/finance/projects?search=&status=all&year=2025",
  "statusCode": 200,
  "responseTime": "52ms",
  "userId": "690c4c43be8f36eb0f3c17b9"
}
[2025-11-11T11:04:20.852Z] [INFO] {
  "timestamp": "2025-11-11T11:04:20.852Z",
  "method": "GET",
  "url": "/favicon.ico",
  "ip": "127.0.0.1",
  "userId": "anonymous",
  "userAgent": "Mozilla/5.0 (Windows NT 10.0; Win64; x64) AppleWebKit/537.36 (KHTML, like Gecko) Chrome/142.0.0.0 Safari/537.36"
}
[2025-11-11T11:04:20.853Z] [INFO] {
  "timestamp": "2025-11-11T11:04:20.853Z",
  "method": "GET",
  "url": "/favicon.ico",
  "statusCode": 200,
  "responseTime": "1ms",
  "userId": "anonymous"
}
[2025-11-11T11:04:20.857Z] [INFO] {
  "timestamp": "2025-11-11T11:04:20.857Z",
  "method": "GET",
  "url": "/api/clients",
  "statusCode": 200,
  "responseTime": "30ms",
  "userId": "690c4c43be8f36eb0f3c17b9"
}
[2025-11-11T11:04:20.876Z] [INFO] {
  "timestamp": "2025-11-11T11:04:20.876Z",
  "method": "GET",
  "url": "/api/finance/projects?search=&status=all&year=2025",
  "ip": "::1",
  "userId": "anonymous",
  "userAgent": "Mozilla/5.0 (Windows NT 10.0; Win64; x64) AppleWebKit/537.36 (KHTML, like Gecko) Chrome/142.0.0.0 Safari/537.36"
}
[2025-11-11T11:04:20.885Z] [INFO] {
  "timestamp": "2025-11-11T11:04:20.885Z",
  "method": "GET",
  "url": "/api/finance/stats?year=2025",
  "statusCode": 200,
  "responseTime": "82ms",
  "userId": "690c4c43be8f36eb0f3c17b9"
}
[2025-11-11T11:04:20.896Z] [INFO] {
  "timestamp": "2025-11-11T11:04:20.896Z",
  "method": "GET",
  "url": "/api/finance/stats?year=2025",
  "ip": "::1",
  "userId": "anonymous",
  "userAgent": "Mozilla/5.0 (Windows NT 10.0; Win64; x64) AppleWebKit/537.36 (KHTML, like Gecko) Chrome/142.0.0.0 Safari/537.36"
}
[2025-11-11T11:04:20.914Z] [INFO] {
  "timestamp": "2025-11-11T11:04:20.914Z",
  "method": "GET",
  "url": "/api/finance/projects?search=&status=all&year=2025",
  "statusCode": 200,
  "responseTime": "38ms",
  "userId": "690c4c43be8f36eb0f3c17b9"
}
[2025-11-11T11:04:20.936Z] [INFO] {
  "timestamp": "2025-11-11T11:04:20.936Z",
  "method": "GET",
  "url": "/api/finance/stats?year=2025",
  "statusCode": 200,
  "responseTime": "40ms",
  "userId": "690c4c43be8f36eb0f3c17b9"
}
[2025-11-11T11:05:36.908Z] [INFO] {
  "timestamp": "2025-11-11T11:05:36.908Z",
  "method": "GET",
  "url": "/favicon.ico",
  "ip": "127.0.0.1",
  "userId": "anonymous",
  "userAgent": "Mozilla/5.0 (Windows NT 10.0; Win64; x64) AppleWebKit/537.36 (KHTML, like Gecko) Chrome/142.0.0.0 Safari/537.36"
}
[2025-11-11T11:05:36.909Z] [INFO] {
  "timestamp": "2025-11-11T11:05:36.909Z",
  "method": "GET",
  "url": "/favicon.ico",
  "statusCode": 200,
  "responseTime": "1ms",
  "userId": "anonymous"
}
[2025-11-11T11:05:36.913Z] [INFO] {
  "timestamp": "2025-11-11T11:05:36.913Z",
  "method": "GET",
  "url": "/api/clients",
  "ip": "::1",
  "userId": "anonymous",
  "userAgent": "Mozilla/5.0 (Windows NT 10.0; Win64; x64) AppleWebKit/537.36 (KHTML, like Gecko) Chrome/142.0.0.0 Safari/537.36"
}
[2025-11-11T11:05:36.926Z] [INFO] {
  "timestamp": "2025-11-11T11:05:36.926Z",
  "method": "GET",
  "url": "/api/clients",
  "statusCode": 200,
  "responseTime": "13ms",
  "userId": "690c4c43be8f36eb0f3c17b9"
}
[2025-11-11T11:05:36.931Z] [INFO] {
  "timestamp": "2025-11-11T11:05:36.931Z",
  "method": "GET",
  "url": "/api/clients",
  "ip": "::1",
  "userId": "anonymous",
  "userAgent": "Mozilla/5.0 (Windows NT 10.0; Win64; x64) AppleWebKit/537.36 (KHTML, like Gecko) Chrome/142.0.0.0 Safari/537.36"
}
[2025-11-11T11:05:36.944Z] [INFO] {
  "timestamp": "2025-11-11T11:05:36.944Z",
  "method": "GET",
  "url": "/api/clients",
  "statusCode": 200,
  "responseTime": "13ms",
  "userId": "690c4c43be8f36eb0f3c17b9"
}
[2025-11-11T11:05:38.072Z] [INFO] {
  "timestamp": "2025-11-11T11:05:38.072Z",
  "method": "GET",
  "url": "/api/finance/clients/691304ec4021687c5ca1a688/projects",
  "ip": "::1",
  "userId": "anonymous",
  "userAgent": "Mozilla/5.0 (Windows NT 10.0; Win64; x64) AppleWebKit/537.36 (KHTML, like Gecko) Chrome/142.0.0.0 Safari/537.36"
}
[2025-11-11T11:05:38.089Z] [INFO] {
  "timestamp": "2025-11-11T11:05:38.089Z",
  "method": "GET",
  "url": "/api/finance/clients/691304ec4021687c5ca1a688/projects",
  "statusCode": 200,
  "responseTime": "17ms",
  "userId": "690c4c43be8f36eb0f3c17b9"
}
[2025-11-11T11:05:38.095Z] [INFO] {
  "timestamp": "2025-11-11T11:05:38.094Z",
  "method": "GET",
  "url": "/api/finance/clients/691304ec4021687c5ca1a688/projects",
  "ip": "::1",
  "userId": "anonymous",
  "userAgent": "Mozilla/5.0 (Windows NT 10.0; Win64; x64) AppleWebKit/537.36 (KHTML, like Gecko) Chrome/142.0.0.0 Safari/537.36"
}
[2025-11-11T11:05:38.117Z] [INFO] {
  "timestamp": "2025-11-11T11:05:38.117Z",
  "method": "GET",
  "url": "/api/finance/clients/691304ec4021687c5ca1a688/projects",
  "statusCode": 200,
  "responseTime": "23ms",
  "userId": "690c4c43be8f36eb0f3c17b9"
}
[2025-11-11T11:05:38.368Z] [INFO] {
  "timestamp": "2025-11-11T11:05:38.368Z",
  "method": "GET",
  "url": "/favicon.ico",
  "ip": "127.0.0.1",
  "userId": "anonymous",
  "userAgent": "Mozilla/5.0 (Windows NT 10.0; Win64; x64) AppleWebKit/537.36 (KHTML, like Gecko) Chrome/142.0.0.0 Safari/537.36"
}
[2025-11-11T11:05:38.369Z] [INFO] {
  "timestamp": "2025-11-11T11:05:38.369Z",
  "method": "GET",
  "url": "/favicon.ico",
  "statusCode": 200,
  "responseTime": "1ms",
  "userId": "anonymous"
}
[2025-11-11T11:06:24.455Z] [INFO] {
  "timestamp": "2025-11-11T11:06:24.455Z",
  "method": "GET",
  "url": "/api/clients",
  "ip": "::1",
  "userId": "anonymous",
  "userAgent": "Mozilla/5.0 (Windows NT 10.0; Win64; x64) AppleWebKit/537.36 (KHTML, like Gecko) Chrome/142.0.0.0 Safari/537.36"
}
[2025-11-11T11:06:24.466Z] [INFO] {
  "timestamp": "2025-11-11T11:06:24.466Z",
  "method": "GET",
  "url": "/api/finance/projects?search=&status=all&year=2025",
  "ip": "::1",
  "userId": "anonymous",
  "userAgent": "Mozilla/5.0 (Windows NT 10.0; Win64; x64) AppleWebKit/537.36 (KHTML, like Gecko) Chrome/142.0.0.0 Safari/537.36"
}
[2025-11-11T11:06:24.475Z] [INFO] {
  "timestamp": "2025-11-11T11:06:24.475Z",
  "method": "GET",
  "url": "/api/finance/stats?year=2025",
  "ip": "::1",
  "userId": "anonymous",
  "userAgent": "Mozilla/5.0 (Windows NT 10.0; Win64; x64) AppleWebKit/537.36 (KHTML, like Gecko) Chrome/142.0.0.0 Safari/537.36"
}
[2025-11-11T11:06:24.502Z] [INFO] {
  "timestamp": "2025-11-11T11:06:24.502Z",
  "method": "GET",
  "url": "/api/clients",
  "statusCode": 200,
  "responseTime": "47ms",
  "userId": "690c4c43be8f36eb0f3c17b9"
}
[2025-11-11T11:06:24.512Z] [INFO] {
  "timestamp": "2025-11-11T11:06:24.512Z",
  "method": "GET",
  "url": "/api/clients",
  "ip": "::1",
  "userId": "anonymous",
  "userAgent": "Mozilla/5.0 (Windows NT 10.0; Win64; x64) AppleWebKit/537.36 (KHTML, like Gecko) Chrome/142.0.0.0 Safari/537.36"
}
[2025-11-11T11:06:24.534Z] [INFO] {
  "timestamp": "2025-11-11T11:06:24.534Z",
  "method": "GET",
  "url": "/api/finance/projects?search=&status=all&year=2025",
  "statusCode": 200,
  "responseTime": "68ms",
  "userId": "690c4c43be8f36eb0f3c17b9"
}
[2025-11-11T11:06:24.540Z] [INFO] {
  "timestamp": "2025-11-11T11:06:24.540Z",
  "method": "GET",
  "url": "/api/clients",
  "statusCode": 200,
  "responseTime": "28ms",
  "userId": "690c4c43be8f36eb0f3c17b9"
}
[2025-11-11T11:06:24.548Z] [INFO] {
  "timestamp": "2025-11-11T11:06:24.548Z",
  "method": "GET",
  "url": "/api/finance/projects?search=&status=all&year=2025",
  "ip": "::1",
  "userId": "anonymous",
  "userAgent": "Mozilla/5.0 (Windows NT 10.0; Win64; x64) AppleWebKit/537.36 (KHTML, like Gecko) Chrome/142.0.0.0 Safari/537.36"
}
[2025-11-11T11:06:24.560Z] [INFO] {
  "timestamp": "2025-11-11T11:06:24.560Z",
  "method": "GET",
  "url": "/api/finance/stats?year=2025",
  "statusCode": 200,
  "responseTime": "85ms",
  "userId": "690c4c43be8f36eb0f3c17b9"
}
[2025-11-11T11:06:24.569Z] [INFO] {
  "timestamp": "2025-11-11T11:06:24.569Z",
  "method": "GET",
  "url": "/api/finance/stats?year=2025",
  "ip": "::1",
  "userId": "anonymous",
  "userAgent": "Mozilla/5.0 (Windows NT 10.0; Win64; x64) AppleWebKit/537.36 (KHTML, like Gecko) Chrome/142.0.0.0 Safari/537.36"
}
[2025-11-11T11:06:24.586Z] [INFO] {
  "timestamp": "2025-11-11T11:06:24.586Z",
  "method": "GET",
  "url": "/api/finance/projects?search=&status=all&year=2025",
  "statusCode": 200,
  "responseTime": "38ms",
  "userId": "690c4c43be8f36eb0f3c17b9"
}
[2025-11-11T11:06:24.606Z] [INFO] {
  "timestamp": "2025-11-11T11:06:24.606Z",
  "method": "GET",
  "url": "/api/finance/stats?year=2025",
  "statusCode": 200,
  "responseTime": "37ms",
  "userId": "690c4c43be8f36eb0f3c17b9"
}
[2025-11-11T11:06:24.785Z] [INFO] {
  "timestamp": "2025-11-11T11:06:24.785Z",
  "method": "GET",
  "url": "/favicon.ico",
  "ip": "127.0.0.1",
  "userId": "anonymous",
  "userAgent": "Mozilla/5.0 (Windows NT 10.0; Win64; x64) AppleWebKit/537.36 (KHTML, like Gecko) Chrome/142.0.0.0 Safari/537.36"
}
[2025-11-11T11:06:24.786Z] [INFO] {
  "timestamp": "2025-11-11T11:06:24.786Z",
  "method": "GET",
  "url": "/favicon.ico",
  "statusCode": 200,
  "responseTime": "1ms",
  "userId": "anonymous"
}
[2025-11-11T11:07:18.869Z] [INFO] {
  "timestamp": "2025-11-11T11:07:18.869Z",
  "method": "GET",
  "url": "/api/clients",
  "ip": "::1",
  "userId": "anonymous",
  "userAgent": "Mozilla/5.0 (Windows NT 10.0; Win64; x64) AppleWebKit/537.36 (KHTML, like Gecko) Chrome/142.0.0.0 Safari/537.36"
}
[2025-11-11T11:07:18.876Z] [INFO] {
  "timestamp": "2025-11-11T11:07:18.876Z",
  "method": "GET",
  "url": "/favicon.ico",
  "ip": "127.0.0.1",
  "userId": "anonymous",
  "userAgent": "Mozilla/5.0 (Windows NT 10.0; Win64; x64) AppleWebKit/537.36 (KHTML, like Gecko) Chrome/142.0.0.0 Safari/537.36"
}
[2025-11-11T11:07:18.882Z] [INFO] {
  "timestamp": "2025-11-11T11:07:18.882Z",
  "method": "GET",
  "url": "/favicon.ico",
  "statusCode": 200,
  "responseTime": "6ms",
  "userId": "anonymous"
}
[2025-11-11T11:07:18.896Z] [INFO] {
  "timestamp": "2025-11-11T11:07:18.896Z",
  "method": "GET",
  "url": "/api/clients",
  "statusCode": 200,
  "responseTime": "27ms",
  "userId": "690c4c43be8f36eb0f3c17b9"
}
[2025-11-11T11:07:18.907Z] [INFO] {
  "timestamp": "2025-11-11T11:07:18.907Z",
  "method": "GET",
  "url": "/api/clients",
  "ip": "::1",
  "userId": "anonymous",
  "userAgent": "Mozilla/5.0 (Windows NT 10.0; Win64; x64) AppleWebKit/537.36 (KHTML, like Gecko) Chrome/142.0.0.0 Safari/537.36"
}
[2025-11-11T11:07:18.918Z] [INFO] {
  "timestamp": "2025-11-11T11:07:18.918Z",
  "method": "GET",
  "url": "/api/clients",
  "statusCode": 200,
  "responseTime": "11ms",
  "userId": "690c4c43be8f36eb0f3c17b9"
}
[2025-11-11T11:07:21.139Z] [INFO] {
  "timestamp": "2025-11-11T11:07:21.139Z",
  "method": "GET",
  "url": "/api/clients",
  "ip": "::1",
  "userId": "anonymous",
  "userAgent": "Mozilla/5.0 (Windows NT 10.0; Win64; x64) AppleWebKit/537.36 (KHTML, like Gecko) Chrome/142.0.0.0 Safari/537.36"
}
[2025-11-11T11:07:21.153Z] [INFO] {
  "timestamp": "2025-11-11T11:07:21.153Z",
  "method": "GET",
  "url": "/api/clients",
  "statusCode": 200,
  "responseTime": "14ms",
  "userId": "690c4c43be8f36eb0f3c17b9"
}
[2025-11-11T11:07:21.158Z] [INFO] {
  "timestamp": "2025-11-11T11:07:21.158Z",
  "method": "GET",
  "url": "/api/finance/projects?search=&status=all&year=2025",
  "ip": "::1",
  "userId": "anonymous",
  "userAgent": "Mozilla/5.0 (Windows NT 10.0; Win64; x64) AppleWebKit/537.36 (KHTML, like Gecko) Chrome/142.0.0.0 Safari/537.36"
}
[2025-11-11T11:07:21.164Z] [INFO] {
  "timestamp": "2025-11-11T11:07:21.164Z",
  "method": "GET",
  "url": "/api/finance/stats?year=2025",
  "ip": "::1",
  "userId": "anonymous",
  "userAgent": "Mozilla/5.0 (Windows NT 10.0; Win64; x64) AppleWebKit/537.36 (KHTML, like Gecko) Chrome/142.0.0.0 Safari/537.36"
}
[2025-11-11T11:07:21.170Z] [INFO] {
  "timestamp": "2025-11-11T11:07:21.170Z",
  "method": "GET",
  "url": "/api/clients",
  "ip": "::1",
  "userId": "anonymous",
  "userAgent": "Mozilla/5.0 (Windows NT 10.0; Win64; x64) AppleWebKit/537.36 (KHTML, like Gecko) Chrome/142.0.0.0 Safari/537.36"
}
[2025-11-11T11:07:21.199Z] [INFO] {
  "timestamp": "2025-11-11T11:07:21.199Z",
  "method": "GET",
  "url": "/api/clients",
  "statusCode": 200,
  "responseTime": "29ms",
  "userId": "690c4c43be8f36eb0f3c17b9"
}
[2025-11-11T11:07:21.209Z] [INFO] {
  "timestamp": "2025-11-11T11:07:21.209Z",
  "method": "GET",
  "url": "/api/finance/projects?search=&status=all&year=2025",
  "statusCode": 200,
  "responseTime": "51ms",
  "userId": "690c4c43be8f36eb0f3c17b9"
}
[2025-11-11T11:07:21.226Z] [INFO] {
  "timestamp": "2025-11-11T11:07:21.226Z",
  "method": "GET",
  "url": "/api/finance/projects?search=&status=all&year=2025",
  "ip": "::1",
  "userId": "anonymous",
  "userAgent": "Mozilla/5.0 (Windows NT 10.0; Win64; x64) AppleWebKit/537.36 (KHTML, like Gecko) Chrome/142.0.0.0 Safari/537.36"
}
[2025-11-11T11:07:21.248Z] [INFO] {
  "timestamp": "2025-11-11T11:07:21.248Z",
  "method": "GET",
  "url": "/api/finance/stats?year=2025",
  "statusCode": 200,
  "responseTime": "84ms",
  "userId": "690c4c43be8f36eb0f3c17b9"
}
[2025-11-11T11:07:21.257Z] [INFO] {
  "timestamp": "2025-11-11T11:07:21.257Z",
  "method": "GET",
  "url": "/api/finance/stats?year=2025",
  "ip": "::1",
  "userId": "anonymous",
  "userAgent": "Mozilla/5.0 (Windows NT 10.0; Win64; x64) AppleWebKit/537.36 (KHTML, like Gecko) Chrome/142.0.0.0 Safari/537.36"
}
[2025-11-11T11:07:21.277Z] [INFO] {
  "timestamp": "2025-11-11T11:07:21.277Z",
  "method": "GET",
  "url": "/api/finance/projects?search=&status=all&year=2025",
  "statusCode": 200,
  "responseTime": "51ms",
  "userId": "690c4c43be8f36eb0f3c17b9"
}
[2025-11-11T11:07:21.307Z] [INFO] {
  "timestamp": "2025-11-11T11:07:21.307Z",
  "method": "GET",
  "url": "/api/finance/stats?year=2025",
  "statusCode": 200,
  "responseTime": "50ms",
  "userId": "690c4c43be8f36eb0f3c17b9"
}
[2025-11-11T11:07:21.465Z] [INFO] {
  "timestamp": "2025-11-11T11:07:21.465Z",
  "method": "GET",
  "url": "/favicon.ico",
  "ip": "127.0.0.1",
  "userId": "anonymous",
  "userAgent": "Mozilla/5.0 (Windows NT 10.0; Win64; x64) AppleWebKit/537.36 (KHTML, like Gecko) Chrome/142.0.0.0 Safari/537.36"
}
[2025-11-11T11:07:21.466Z] [INFO] {
  "timestamp": "2025-11-11T11:07:21.466Z",
  "method": "GET",
  "url": "/favicon.ico",
  "statusCode": 200,
  "responseTime": "1ms",
  "userId": "anonymous"
}
[2025-11-11T11:07:36.814Z] [INFO] {
  "timestamp": "2025-11-11T11:07:36.814Z",
  "method": "GET",
  "url": "/api/clients",
  "ip": "::1",
  "userId": "anonymous",
  "userAgent": "Mozilla/5.0 (Windows NT 10.0; Win64; x64) AppleWebKit/537.36 (KHTML, like Gecko) Chrome/142.0.0.0 Safari/537.36"
}
[2025-11-11T11:07:36.821Z] [INFO] {
  "timestamp": "2025-11-11T11:07:36.821Z",
  "method": "GET",
  "url": "/favicon.ico",
  "ip": "127.0.0.1",
  "userId": "anonymous",
  "userAgent": "Mozilla/5.0 (Windows NT 10.0; Win64; x64) AppleWebKit/537.36 (KHTML, like Gecko) Chrome/142.0.0.0 Safari/537.36"
}
[2025-11-11T11:07:36.826Z] [INFO] {
  "timestamp": "2025-11-11T11:07:36.826Z",
  "method": "GET",
  "url": "/favicon.ico",
  "statusCode": 200,
  "responseTime": "5ms",
  "userId": "anonymous"
}
[2025-11-11T11:07:36.837Z] [INFO] {
  "timestamp": "2025-11-11T11:07:36.837Z",
  "method": "GET",
  "url": "/api/clients",
  "statusCode": 200,
  "responseTime": "23ms",
  "userId": "690c4c43be8f36eb0f3c17b9"
}
[2025-11-11T11:07:36.847Z] [INFO] {
  "timestamp": "2025-11-11T11:07:36.847Z",
  "method": "GET",
  "url": "/api/clients",
  "ip": "::1",
  "userId": "anonymous",
  "userAgent": "Mozilla/5.0 (Windows NT 10.0; Win64; x64) AppleWebKit/537.36 (KHTML, like Gecko) Chrome/142.0.0.0 Safari/537.36"
}
[2025-11-11T11:07:36.860Z] [INFO] {
  "timestamp": "2025-11-11T11:07:36.860Z",
  "method": "GET",
  "url": "/api/clients",
  "statusCode": 200,
  "responseTime": "13ms",
  "userId": "690c4c43be8f36eb0f3c17b9"
}
[2025-11-11T11:08:28.816Z] [INFO] {
  "timestamp": "2025-11-11T11:08:28.816Z",
  "method": "GET",
  "url": "/api/clients",
  "ip": "::1",
  "userId": "anonymous",
  "userAgent": "Mozilla/5.0 (Windows NT 10.0; Win64; x64) AppleWebKit/537.36 (KHTML, like Gecko) Chrome/142.0.0.0 Safari/537.36"
}
[2025-11-11T11:08:28.833Z] [INFO] {
  "timestamp": "2025-11-11T11:08:28.833Z",
  "method": "GET",
  "url": "/api/clients",
  "statusCode": 200,
  "responseTime": "17ms",
  "userId": "690c4c43be8f36eb0f3c17b9"
}
