[2025-11-10T11:03:43.018Z] [INFO] Email service initialized successfully
[2025-11-10T11:03:54.818Z] [INFO] Email service initialized successfully
[2025-11-10T11:04:08.422Z] [INFO] Email service initialized successfully
[2025-11-10T11:04:21.615Z] [INFO] Email service initialized successfully
[2025-11-10T11:04:35.240Z] [INFO] Email service initialized successfully
[2025-11-10T11:07:11.183Z] [INFO] Email service initialized successfully
[2025-11-10T11:07:15.246Z] [INFO] {
  "timestamp": "2025-11-10T11:07:15.246Z",
  "method": "GET",
  "url": "/favicon.ico",
  "ip": "127.0.0.1",
  "userId": "anonymous",
  "userAgent": "Mozilla/5.0 (Windows NT 10.0; Win64; x64) AppleWebKit/537.36 (KHTML, like Gecko) Chrome/142.0.0.0 Safari/537.36"
}
[2025-11-10T11:07:15.253Z] [INFO] {
  "timestamp": "2025-11-10T11:07:15.253Z",
  "method": "GET",
  "url": "/favicon.ico",
  "statusCode": 200,
  "responseTime": "6ms",
  "userId": "anonymous"
}
[2025-11-10T11:07:15.272Z] [INFO] {
  "timestamp": "2025-11-10T11:07:15.272Z",
  "method": "GET",
  "url": "/favicon.ico",
  "ip": "127.0.0.1",
  "userId": "anonymous",
  "userAgent": "Mozilla/5.0 (Windows NT 10.0; Win64; x64) AppleWebKit/537.36 (KHTML, like Gecko) Chrome/142.0.0.0 Safari/537.36"
}
[2025-11-10T11:07:15.273Z] [INFO] {
  "timestamp": "2025-11-10T11:07:15.273Z",
  "method": "GET",
  "url": "/favicon.ico",
  "statusCode": 200,
  "responseTime": "1ms",
  "userId": "anonymous"
}
[2025-11-10T11:07:23.555Z] [INFO] {
  "timestamp": "2025-11-10T11:07:23.555Z",
  "method": "POST",
  "url": "/api/auth/login",
  "ip": "::1",
  "userId": "anonymous",
  "userAgent": "Mozilla/5.0 (Windows NT 10.0; Win64; x64) AppleWebKit/537.36 (KHTML, like Gecko) Chrome/142.0.0.0 Safari/537.36"
}
[2025-11-10T11:07:23.790Z] [INFO] {
  "timestamp": "2025-11-10T11:07:23.790Z",
  "method": "POST",
  "url": "/api/auth/login",
  "statusCode": 200,
  "responseTime": "235ms",
  "userId": "anonymous"
}
[2025-11-10T11:07:23.884Z] [INFO] {
  "timestamp": "2025-11-10T11:07:23.884Z",
  "method": "GET",
  "url": "/favicon.ico",
  "ip": "127.0.0.1",
  "userId": "anonymous",
  "userAgent": "Mozilla/5.0 (Windows NT 10.0; Win64; x64) AppleWebKit/537.36 (KHTML, like Gecko) Chrome/142.0.0.0 Safari/537.36"
}
[2025-11-10T11:07:23.885Z] [INFO] {
  "timestamp": "2025-11-10T11:07:23.885Z",
  "method": "GET",
  "url": "/favicon.ico",
  "statusCode": 200,
  "responseTime": "1ms",
  "userId": "anonymous"
}
[2025-11-10T11:07:24.211Z] [INFO] {
  "timestamp": "2025-11-10T11:07:24.210Z",
  "method": "GET",
  "url": "/api/activities/recent?limit=3",
  "ip": "127.0.0.1",
  "userId": "anonymous",
  "userAgent": "Mozilla/5.0 (Windows NT 10.0; Win64; x64) AppleWebKit/537.36 (KHTML, like Gecko) Chrome/142.0.0.0 Safari/537.36"
}
[2025-11-10T11:07:24.236Z] [INFO] {
  "timestamp": "2025-11-10T11:07:24.236Z",
  "method": "GET",
  "url": "/api/activities/recent?limit=3",
  "statusCode": 200,
  "responseTime": "26ms",
  "userId": "690c4c43be8f36eb0f3c17b9"
}
[2025-11-10T11:07:24.558Z] [INFO] {
  "timestamp": "2025-11-10T11:07:24.558Z",
  "method": "GET",
  "url": "/api/activities/recent?limit=3",
  "ip": "127.0.0.1",
  "userId": "anonymous",
  "userAgent": "Mozilla/5.0 (Windows NT 10.0; Win64; x64) AppleWebKit/537.36 (KHTML, like Gecko) Chrome/142.0.0.0 Safari/537.36"
}
[2025-11-10T11:07:24.581Z] [INFO] {
  "timestamp": "2025-11-10T11:07:24.581Z",
  "method": "GET",
  "url": "/api/activities/recent?limit=3",
  "statusCode": 200,
  "responseTime": "23ms",
  "userId": "690c4c43be8f36eb0f3c17b9"
}
[2025-11-10T11:08:56.111Z] [INFO] {
  "timestamp": "2025-11-10T11:08:56.111Z",
  "method": "GET",
  "url": "/api/finance/projects?search=&status=all&year=2025",
  "ip": "::1",
  "userId": "anonymous",
  "userAgent": "Mozilla/5.0 (Windows NT 10.0; Win64; x64) AppleWebKit/537.36 (KHTML, like Gecko) Chrome/142.0.0.0 Safari/537.36"
}
[2025-11-10T11:08:56.123Z] [INFO] {
  "timestamp": "2025-11-10T11:08:56.123Z",
  "method": "GET",
  "url": "/api/finance/stats?year=2025",
  "ip": "::1",
  "userId": "anonymous",
  "userAgent": "Mozilla/5.0 (Windows NT 10.0; Win64; x64) AppleWebKit/537.36 (KHTML, like Gecko) Chrome/142.0.0.0 Safari/537.36"
}
[2025-11-10T11:08:56.164Z] [INFO] {
  "timestamp": "2025-11-10T11:08:56.164Z",
  "method": "GET",
  "url": "/api/finance/projects?search=&status=all&year=2025",
  "statusCode": 200,
  "responseTime": "53ms",
  "userId": "690c4c43be8f36eb0f3c17b9"
}
[2025-11-10T11:08:56.185Z] [INFO] {
  "timestamp": "2025-11-10T11:08:56.185Z",
  "method": "GET",
  "url": "/api/finance/projects?search=&status=all&year=2025",
  "ip": "::1",
  "userId": "anonymous",
  "userAgent": "Mozilla/5.0 (Windows NT 10.0; Win64; x64) AppleWebKit/537.36 (KHTML, like Gecko) Chrome/142.0.0.0 Safari/537.36"
}
[2025-11-10T11:08:56.224Z] [INFO] {
  "timestamp": "2025-11-10T11:08:56.224Z",
  "method": "GET",
  "url": "/api/finance/stats?year=2025",
  "statusCode": 200,
  "responseTime": "101ms",
  "userId": "690c4c43be8f36eb0f3c17b9"
}
[2025-11-10T11:08:56.229Z] [INFO] {
  "timestamp": "2025-11-10T11:08:56.229Z",
  "method": "GET",
  "url": "/api/finance/projects?search=&status=all&year=2025",
  "statusCode": 200,
  "responseTime": "44ms",
  "userId": "690c4c43be8f36eb0f3c17b9"
}
[2025-11-10T11:08:56.233Z] [INFO] {
  "timestamp": "2025-11-10T11:08:56.233Z",
  "method": "GET",
  "url": "/api/finance/stats?year=2025",
  "ip": "::1",
  "userId": "anonymous",
  "userAgent": "Mozilla/5.0 (Windows NT 10.0; Win64; x64) AppleWebKit/537.36 (KHTML, like Gecko) Chrome/142.0.0.0 Safari/537.36"
}
[2025-11-10T11:08:56.270Z] [INFO] {
  "timestamp": "2025-11-10T11:08:56.270Z",
  "method": "GET",
  "url": "/api/finance/stats?year=2025",
  "statusCode": 200,
  "responseTime": "37ms",
  "userId": "690c4c43be8f36eb0f3c17b9"
}
[2025-11-10T11:08:56.308Z] [INFO] {
  "timestamp": "2025-11-10T11:08:56.308Z",
  "method": "GET",
  "url": "/favicon.ico",
  "ip": "127.0.0.1",
  "userId": "anonymous",
  "userAgent": "Mozilla/5.0 (Windows NT 10.0; Win64; x64) AppleWebKit/537.36 (KHTML, like Gecko) Chrome/142.0.0.0 Safari/537.36"
}
[2025-11-10T11:08:56.310Z] [INFO] {
  "timestamp": "2025-11-10T11:08:56.310Z",
  "method": "GET",
  "url": "/favicon.ico",
  "statusCode": 200,
  "responseTime": "2ms",
  "userId": "anonymous"
}
[2025-11-10T11:09:24.552Z] [INFO] {
  "timestamp": "2025-11-10T11:09:24.552Z",
  "method": "GET",
  "url": "/api/finance/expenses?search=&status=all&year=2025",
  "ip": "::1",
  "userId": "anonymous",
  "userAgent": "Mozilla/5.0 (Windows NT 10.0; Win64; x64) AppleWebKit/537.36 (KHTML, like Gecko) Chrome/142.0.0.0 Safari/537.36"
}
[2025-11-10T11:09:24.557Z] [INFO] {
  "timestamp": "2025-11-10T11:09:24.557Z",
  "method": "GET",
  "url": "/api/finance/stats?year=2025",
  "ip": "::1",
  "userId": "anonymous",
  "userAgent": "Mozilla/5.0 (Windows NT 10.0; Win64; x64) AppleWebKit/537.36 (KHTML, like Gecko) Chrome/142.0.0.0 Safari/537.36"
}
[2025-11-10T11:09:24.583Z] [INFO] {
  "timestamp": "2025-11-10T11:09:24.583Z",
  "method": "GET",
  "url": "/api/finance/expenses?search=&status=all&year=2025",
  "statusCode": 200,
  "responseTime": "31ms",
  "userId": "690c4c43be8f36eb0f3c17b9"
}
[2025-11-10T11:09:24.599Z] [INFO] {
  "timestamp": "2025-11-10T11:09:24.599Z",
  "method": "GET",
  "url": "/api/finance/stats?year=2025",
  "statusCode": 200,
  "responseTime": "42ms",
  "userId": "690c4c43be8f36eb0f3c17b9"
}
[2025-11-10T11:09:27.237Z] [INFO] {
  "timestamp": "2025-11-10T11:09:27.237Z",
  "method": "GET",
  "url": "/api/finance/stats?year=2025",
  "ip": "::1",
  "userId": "anonymous",
  "userAgent": "Mozilla/5.0 (Windows NT 10.0; Win64; x64) AppleWebKit/537.36 (KHTML, like Gecko) Chrome/142.0.0.0 Safari/537.36"
}
[2025-11-10T11:09:27.241Z] [INFO] {
  "timestamp": "2025-11-10T11:09:27.241Z",
  "method": "GET",
  "url": "/api/finance/projects?search=&status=all&year=2025",
  "ip": "::1",
  "userId": "anonymous",
  "userAgent": "Mozilla/5.0 (Windows NT 10.0; Win64; x64) AppleWebKit/537.36 (KHTML, like Gecko) Chrome/142.0.0.0 Safari/537.36"
}
[2025-11-10T11:09:27.263Z] [INFO] {
  "timestamp": "2025-11-10T11:09:27.263Z",
  "method": "GET",
  "url": "/api/finance/projects?search=&status=all&year=2025",
  "statusCode": 200,
  "responseTime": "22ms",
  "userId": "690c4c43be8f36eb0f3c17b9"
}
[2025-11-10T11:09:27.278Z] [INFO] {
  "timestamp": "2025-11-10T11:09:27.278Z",
  "method": "GET",
  "url": "/api/finance/stats?year=2025",
  "statusCode": 200,
  "responseTime": "41ms",
  "userId": "690c4c43be8f36eb0f3c17b9"
}
[2025-11-10T11:14:42.281Z] [INFO] Email service initialized successfully
[2025-11-10T11:15:27.554Z] [INFO] Email service initialized successfully
[2025-11-10T11:19:45.475Z] [INFO] Email service initialized successfully
[2025-11-10T11:19:52.732Z] [INFO] {
  "timestamp": "2025-11-10T11:19:52.732Z",
  "method": "GET",
  "url": "/favicon.ico",
  "ip": "127.0.0.1",
  "userId": "anonymous",
  "userAgent": "Mozilla/5.0 (Windows NT 10.0; Win64; x64) AppleWebKit/537.36 (KHTML, like Gecko) Chrome/142.0.0.0 Safari/537.36"
}
[2025-11-10T11:19:52.735Z] [INFO] {
  "timestamp": "2025-11-10T11:19:52.735Z",
  "method": "GET",
  "url": "/favicon.ico",
  "statusCode": 200,
  "responseTime": "3ms",
  "userId": "anonymous"
}
[2025-11-10T11:19:52.768Z] [INFO] {
  "timestamp": "2025-11-10T11:19:52.768Z",
  "method": "GET",
  "url": "/favicon.ico",
  "ip": "127.0.0.1",
  "userId": "anonymous",
  "userAgent": "Mozilla/5.0 (Windows NT 10.0; Win64; x64) AppleWebKit/537.36 (KHTML, like Gecko) Chrome/142.0.0.0 Safari/537.36"
}
[2025-11-10T11:19:52.776Z] [INFO] {
  "timestamp": "2025-11-10T11:19:52.776Z",
  "method": "GET",
  "url": "/favicon.ico",
  "statusCode": 200,
  "responseTime": "8ms",
  "userId": "anonymous"
}
[2025-11-10T11:19:58.478Z] [INFO] {
  "timestamp": "2025-11-10T11:19:58.478Z",
  "method": "POST",
  "url": "/api/auth/login",
  "ip": "::1",
  "userId": "anonymous",
  "userAgent": "Mozilla/5.0 (Windows NT 10.0; Win64; x64) AppleWebKit/537.36 (KHTML, like Gecko) Chrome/142.0.0.0 Safari/537.36"
}
[2025-11-10T11:19:58.637Z] [INFO] {
  "timestamp": "2025-11-10T11:19:58.637Z",
  "method": "POST",
  "url": "/api/auth/login",
  "statusCode": 200,
  "responseTime": "159ms",
  "userId": "anonymous"
}
[2025-11-10T11:19:58.674Z] [INFO] {
  "timestamp": "2025-11-10T11:19:58.674Z",
  "method": "GET",
  "url": "/api/activities/recent?limit=3",
  "ip": "127.0.0.1",
  "userId": "anonymous",
  "userAgent": "Mozilla/5.0 (Windows NT 10.0; Win64; x64) AppleWebKit/537.36 (KHTML, like Gecko) Chrome/142.0.0.0 Safari/537.36"
}
[2025-11-10T11:19:58.688Z] [INFO] {
  "timestamp": "2025-11-10T11:19:58.688Z",
  "method": "GET",
  "url": "/api/activities/recent?limit=3",
  "statusCode": 200,
  "responseTime": "14ms",
  "userId": "690c4c43be8f36eb0f3c17b9"
}
[2025-11-10T11:19:58.989Z] [INFO] {
  "timestamp": "2025-11-10T11:19:58.989Z",
  "method": "GET",
  "url": "/favicon.ico",
  "ip": "127.0.0.1",
  "userId": "anonymous",
  "userAgent": "Mozilla/5.0 (Windows NT 10.0; Win64; x64) AppleWebKit/537.36 (KHTML, like Gecko) Chrome/142.0.0.0 Safari/537.36"
}
[2025-11-10T11:19:58.991Z] [INFO] {
  "timestamp": "2025-11-10T11:19:58.991Z",
  "method": "GET",
  "url": "/favicon.ico",
  "statusCode": 200,
  "responseTime": "2ms",
  "userId": "anonymous"
}
[2025-11-10T11:19:59.009Z] [INFO] {
  "timestamp": "2025-11-10T11:19:59.009Z",
  "method": "GET",
  "url": "/api/activities/recent?limit=3",
  "ip": "127.0.0.1",
  "userId": "anonymous",
  "userAgent": "Mozilla/5.0 (Windows NT 10.0; Win64; x64) AppleWebKit/537.36 (KHTML, like Gecko) Chrome/142.0.0.0 Safari/537.36"
}
[2025-11-10T11:19:59.020Z] [INFO] {
  "timestamp": "2025-11-10T11:19:59.020Z",
  "method": "GET",
  "url": "/api/activities/recent?limit=3",
  "statusCode": 200,
  "responseTime": "11ms",
  "userId": "690c4c43be8f36eb0f3c17b9"
}
[2025-11-10T11:20:02.900Z] [INFO] {
  "timestamp": "2025-11-10T11:20:02.900Z",
  "method": "GET",
  "url": "/api/finance/projects?search=&status=all&year=2025",
  "ip": "::1",
  "userId": "anonymous",
  "userAgent": "Mozilla/5.0 (Windows NT 10.0; Win64; x64) AppleWebKit/537.36 (KHTML, like Gecko) Chrome/142.0.0.0 Safari/537.36"
}
[2025-11-10T11:20:02.907Z] [INFO] {
  "timestamp": "2025-11-10T11:20:02.907Z",
  "method": "GET",
  "url": "/api/finance/stats?year=2025",
  "ip": "::1",
  "userId": "anonymous",
  "userAgent": "Mozilla/5.0 (Windows NT 10.0; Win64; x64) AppleWebKit/537.36 (KHTML, like Gecko) Chrome/142.0.0.0 Safari/537.36"
}
[2025-11-10T11:20:02.945Z] [INFO] {
  "timestamp": "2025-11-10T11:20:02.945Z",
  "method": "GET",
  "url": "/api/finance/projects?search=&status=all&year=2025",
  "statusCode": 200,
  "responseTime": "45ms",
  "userId": "690c4c43be8f36eb0f3c17b9"
}
[2025-11-10T11:20:02.955Z] [INFO] {
  "timestamp": "2025-11-10T11:20:02.955Z",
  "method": "GET",
  "url": "/api/finance/projects?search=&status=all&year=2025",
  "ip": "::1",
  "userId": "anonymous",
  "userAgent": "Mozilla/5.0 (Windows NT 10.0; Win64; x64) AppleWebKit/537.36 (KHTML, like Gecko) Chrome/142.0.0.0 Safari/537.36"
}
[2025-11-10T11:20:02.976Z] [INFO] {
  "timestamp": "2025-11-10T11:20:02.976Z",
  "method": "GET",
  "url": "/api/finance/stats?year=2025",
  "statusCode": 200,
  "responseTime": "69ms",
  "userId": "690c4c43be8f36eb0f3c17b9"
}
[2025-11-10T11:20:02.980Z] [INFO] {
  "timestamp": "2025-11-10T11:20:02.980Z",
  "method": "GET",
  "url": "/api/finance/projects?search=&status=all&year=2025",
  "statusCode": 200,
  "responseTime": "25ms",
  "userId": "690c4c43be8f36eb0f3c17b9"
}
[2025-11-10T11:20:02.990Z] [INFO] {
  "timestamp": "2025-11-10T11:20:02.990Z",
  "method": "GET",
  "url": "/api/finance/stats?year=2025",
  "ip": "::1",
  "userId": "anonymous",
  "userAgent": "Mozilla/5.0 (Windows NT 10.0; Win64; x64) AppleWebKit/537.36 (KHTML, like Gecko) Chrome/142.0.0.0 Safari/537.36"
}
[2025-11-10T11:20:03.024Z] [INFO] {
  "timestamp": "2025-11-10T11:20:03.024Z",
  "method": "GET",
  "url": "/api/finance/stats?year=2025",
  "statusCode": 200,
  "responseTime": "34ms",
  "userId": "690c4c43be8f36eb0f3c17b9"
}
[2025-11-10T11:20:03.052Z] [INFO] {
  "timestamp": "2025-11-10T11:20:03.052Z",
  "method": "GET",
  "url": "/favicon.ico",
  "ip": "127.0.0.1",
  "userId": "anonymous",
  "userAgent": "Mozilla/5.0 (Windows NT 10.0; Win64; x64) AppleWebKit/537.36 (KHTML, like Gecko) Chrome/142.0.0.0 Safari/537.36"
}
[2025-11-10T11:20:03.054Z] [INFO] {
  "timestamp": "2025-11-10T11:20:03.054Z",
  "method": "GET",
  "url": "/favicon.ico",
  "statusCode": 200,
  "responseTime": "2ms",
  "userId": "anonymous"
}
[2025-11-10T11:21:23.821Z] [INFO] {
  "timestamp": "2025-11-10T11:21:23.821Z",
  "method": "GET",
  "url": "/api/finance/projects?search=&status=all&year=2025",
  "ip": "::1",
  "userId": "anonymous",
  "userAgent": "Mozilla/5.0 (Windows NT 10.0; Win64; x64) AppleWebKit/537.36 (KHTML, like Gecko) Chrome/142.0.0.0 Safari/537.36"
}
[2025-11-10T11:21:23.828Z] [INFO] {
  "timestamp": "2025-11-10T11:21:23.828Z",
  "method": "GET",
  "url": "/api/finance/stats?year=2025",
  "ip": "::1",
  "userId": "anonymous",
  "userAgent": "Mozilla/5.0 (Windows NT 10.0; Win64; x64) AppleWebKit/537.36 (KHTML, like Gecko) Chrome/142.0.0.0 Safari/537.36"
}
[2025-11-10T11:21:23.872Z] [INFO] {
  "timestamp": "2025-11-10T11:21:23.871Z",
  "method": "GET",
  "url": "/api/finance/projects?search=&status=all&year=2025",
  "statusCode": 200,
  "responseTime": "50ms",
  "userId": "690c4c43be8f36eb0f3c17b9"
}
[2025-11-10T11:21:23.896Z] [INFO] {
  "timestamp": "2025-11-10T11:21:23.895Z",
  "method": "GET",
  "url": "/api/finance/stats?year=2025",
  "statusCode": 200,
  "responseTime": "67ms",
  "userId": "690c4c43be8f36eb0f3c17b9"
}
[2025-11-10T11:25:10.419Z] [INFO] {
  "timestamp": "2025-11-10T11:25:10.419Z",
  "method": "GET",
  "url": "/api/auth/me",
  "ip": "::1",
  "userId": "anonymous",
  "userAgent": "Mozilla/5.0 (Windows NT 10.0; Win64; x64) AppleWebKit/537.36 (KHTML, like Gecko) Chrome/142.0.0.0 Safari/537.36"
}
[2025-11-10T11:25:10.425Z] [INFO] {
  "timestamp": "2025-11-10T11:25:10.425Z",
  "method": "GET",
  "url": "/api/auth/me",
  "ip": "::1",
  "userId": "anonymous",
  "userAgent": "Mozilla/5.0 (Windows NT 10.0; Win64; x64) AppleWebKit/537.36 (KHTML, like Gecko) Chrome/142.0.0.0 Safari/537.36"
}
[2025-11-10T11:25:10.433Z] [INFO] {
  "timestamp": "2025-11-10T11:25:10.433Z",
  "method": "GET",
  "url": "/favicon.ico",
  "ip": "127.0.0.1",
  "userId": "anonymous",
  "userAgent": "Mozilla/5.0 (Windows NT 10.0; Win64; x64) AppleWebKit/537.36 (KHTML, like Gecko) Chrome/142.0.0.0 Safari/537.36"
}
[2025-11-10T11:25:10.434Z] [INFO] {
  "timestamp": "2025-11-10T11:25:10.434Z",
  "method": "GET",
  "url": "/favicon.ico",
  "statusCode": 200,
  "responseTime": "1ms",
  "userId": "anonymous"
}
[2025-11-10T11:25:10.442Z] [INFO] {
  "timestamp": "2025-11-10T11:25:10.442Z",
  "method": "GET",
  "url": "/api/auth/me",
  "statusCode": 200,
  "responseTime": "23ms",
  "userId": "690c4c43be8f36eb0f3c17b9"
}
[2025-11-10T11:25:10.445Z] [INFO] {
  "timestamp": "2025-11-10T11:25:10.445Z",
  "method": "GET",
  "url": "/api/auth/me",
  "statusCode": 200,
  "responseTime": "20ms",
  "userId": "690c4c43be8f36eb0f3c17b9"
}
[2025-11-10T11:25:10.478Z] [INFO] {
  "timestamp": "2025-11-10T11:25:10.478Z",
  "method": "GET",
  "url": "/api/finance/projects?search=&status=all&year=2025",
  "ip": "::1",
  "userId": "anonymous",
  "userAgent": "Mozilla/5.0 (Windows NT 10.0; Win64; x64) AppleWebKit/537.36 (KHTML, like Gecko) Chrome/142.0.0.0 Safari/537.36"
}
[2025-11-10T11:25:10.483Z] [INFO] {
  "timestamp": "2025-11-10T11:25:10.483Z",
  "method": "GET",
  "url": "/api/finance/stats?year=2025",
  "ip": "::1",
  "userId": "anonymous",
  "userAgent": "Mozilla/5.0 (Windows NT 10.0; Win64; x64) AppleWebKit/537.36 (KHTML, like Gecko) Chrome/142.0.0.0 Safari/537.36"
}
[2025-11-10T11:25:10.505Z] [INFO] {
  "timestamp": "2025-11-10T11:25:10.505Z",
  "method": "GET",
  "url": "/api/finance/projects?search=&status=all&year=2025",
  "statusCode": 200,
  "responseTime": "27ms",
  "userId": "690c4c43be8f36eb0f3c17b9"
}
[2025-11-10T11:25:10.515Z] [INFO] {
  "timestamp": "2025-11-10T11:25:10.515Z",
  "method": "GET",
  "url": "/api/finance/projects?search=&status=all&year=2025",
  "ip": "::1",
  "userId": "anonymous",
  "userAgent": "Mozilla/5.0 (Windows NT 10.0; Win64; x64) AppleWebKit/537.36 (KHTML, like Gecko) Chrome/142.0.0.0 Safari/537.36"
}
[2025-11-10T11:25:10.533Z] [INFO] {
  "timestamp": "2025-11-10T11:25:10.533Z",
  "method": "GET",
  "url": "/api/finance/stats?year=2025",
  "statusCode": 200,
  "responseTime": "50ms",
  "userId": "690c4c43be8f36eb0f3c17b9"
}
[2025-11-10T11:25:10.535Z] [INFO] {
  "timestamp": "2025-11-10T11:25:10.535Z",
  "method": "GET",
  "url": "/api/finance/projects?search=&status=all&year=2025",
  "statusCode": 200,
  "responseTime": "20ms",
  "userId": "690c4c43be8f36eb0f3c17b9"
}
[2025-11-10T11:25:10.539Z] [INFO] {
  "timestamp": "2025-11-10T11:25:10.539Z",
  "method": "GET",
  "url": "/api/finance/stats?year=2025",
  "ip": "::1",
  "userId": "anonymous",
  "userAgent": "Mozilla/5.0 (Windows NT 10.0; Win64; x64) AppleWebKit/537.36 (KHTML, like Gecko) Chrome/142.0.0.0 Safari/537.36"
}
[2025-11-10T11:25:10.564Z] [INFO] {
  "timestamp": "2025-11-10T11:25:10.564Z",
  "method": "GET",
  "url": "/api/finance/stats?year=2025",
  "statusCode": 200,
  "responseTime": "25ms",
  "userId": "690c4c43be8f36eb0f3c17b9"
}
[2025-11-10T11:26:30.210Z] [INFO] {
  "timestamp": "2025-11-10T11:26:30.210Z",
  "method": "GET",
  "url": "/api/finance/projects?search=&status=all&year=2025",
  "ip": "::1",
  "userId": "anonymous",
  "userAgent": "Mozilla/5.0 (Windows NT 10.0; Win64; x64) AppleWebKit/537.36 (KHTML, like Gecko) Chrome/142.0.0.0 Safari/537.36"
}
[2025-11-10T11:26:30.215Z] [INFO] {
  "timestamp": "2025-11-10T11:26:30.215Z",
  "method": "GET",
  "url": "/api/finance/stats?year=2025",
  "ip": "::1",
  "userId": "anonymous",
  "userAgent": "Mozilla/5.0 (Windows NT 10.0; Win64; x64) AppleWebKit/537.36 (KHTML, like Gecko) Chrome/142.0.0.0 Safari/537.36"
}
[2025-11-10T11:26:30.237Z] [INFO] {
  "timestamp": "2025-11-10T11:26:30.237Z",
  "method": "GET",
  "url": "/api/finance/projects?search=&status=all&year=2025",
  "statusCode": 200,
  "responseTime": "27ms",
  "userId": "690c4c43be8f36eb0f3c17b9"
}
[2025-11-10T11:26:30.268Z] [INFO] {
  "timestamp": "2025-11-10T11:26:30.268Z",
  "method": "GET",
  "url": "/api/finance/stats?year=2025",
  "statusCode": 200,
  "responseTime": "53ms",
  "userId": "690c4c43be8f36eb0f3c17b9"
}
[2025-11-10T11:26:54.956Z] [INFO] {
  "timestamp": "2025-11-10T11:26:54.956Z",
  "method": "GET",
  "url": "/api/finance/projects?search=&status=all&year=2025",
  "ip": "::1",
  "userId": "anonymous",
  "userAgent": "Mozilla/5.0 (Windows NT 10.0; Win64; x64) AppleWebKit/537.36 (KHTML, like Gecko) Chrome/142.0.0.0 Safari/537.36"
}
[2025-11-10T11:26:54.964Z] [INFO] {
  "timestamp": "2025-11-10T11:26:54.964Z",
  "method": "GET",
  "url": "/api/finance/stats?year=2025",
  "ip": "::1",
  "userId": "anonymous",
  "userAgent": "Mozilla/5.0 (Windows NT 10.0; Win64; x64) AppleWebKit/537.36 (KHTML, like Gecko) Chrome/142.0.0.0 Safari/537.36"
}
[2025-11-10T11:26:55.006Z] [INFO] {
  "timestamp": "2025-11-10T11:26:55.006Z",
  "method": "GET",
  "url": "/api/finance/projects?search=&status=all&year=2025",
  "statusCode": 200,
  "responseTime": "50ms",
  "userId": "690c4c43be8f36eb0f3c17b9"
}
[2025-11-10T11:26:55.034Z] [INFO] {
  "timestamp": "2025-11-10T11:26:55.033Z",
  "method": "GET",
  "url": "/api/finance/stats?year=2025",
  "statusCode": 200,
  "responseTime": "69ms",
  "userId": "690c4c43be8f36eb0f3c17b9"
}
[2025-11-10T11:27:07.599Z] [INFO] {
  "timestamp": "2025-11-10T11:27:07.599Z",
  "method": "GET",
  "url": "/api/finance/projects?search=&status=all&year=2025",
  "ip": "::1",
  "userId": "anonymous",
  "userAgent": "Mozilla/5.0 (Windows NT 10.0; Win64; x64) AppleWebKit/537.36 (KHTML, like Gecko) Chrome/142.0.0.0 Safari/537.36"
}
[2025-11-10T11:27:07.606Z] [INFO] {
  "timestamp": "2025-11-10T11:27:07.606Z",
  "method": "GET",
  "url": "/api/finance/stats?year=2025",
  "ip": "::1",
  "userId": "anonymous",
  "userAgent": "Mozilla/5.0 (Windows NT 10.0; Win64; x64) AppleWebKit/537.36 (KHTML, like Gecko) Chrome/142.0.0.0 Safari/537.36"
}
[2025-11-10T11:27:07.646Z] [INFO] {
  "timestamp": "2025-11-10T11:27:07.646Z",
  "method": "GET",
  "url": "/api/finance/projects?search=&status=all&year=2025",
  "statusCode": 200,
  "responseTime": "47ms",
  "userId": "690c4c43be8f36eb0f3c17b9"
}
[2025-11-10T11:27:07.671Z] [INFO] {
  "timestamp": "2025-11-10T11:27:07.671Z",
  "method": "GET",
  "url": "/api/finance/stats?year=2025",
  "statusCode": 200,
  "responseTime": "65ms",
  "userId": "690c4c43be8f36eb0f3c17b9"
}
[2025-11-10T11:27:19.100Z] [INFO] {
  "timestamp": "2025-11-10T11:27:19.100Z",
  "method": "GET",
  "url": "/api/finance/projects?search=&status=all&year=2025",
  "ip": "::1",
  "userId": "anonymous",
  "userAgent": "Mozilla/5.0 (Windows NT 10.0; Win64; x64) AppleWebKit/537.36 (KHTML, like Gecko) Chrome/142.0.0.0 Safari/537.36"
}
[2025-11-10T11:27:19.109Z] [INFO] {
  "timestamp": "2025-11-10T11:27:19.109Z",
  "method": "GET",
  "url": "/api/finance/stats?year=2025",
  "ip": "::1",
  "userId": "anonymous",
  "userAgent": "Mozilla/5.0 (Windows NT 10.0; Win64; x64) AppleWebKit/537.36 (KHTML, like Gecko) Chrome/142.0.0.0 Safari/537.36"
}
[2025-11-10T11:27:19.141Z] [INFO] {
  "timestamp": "2025-11-10T11:27:19.141Z",
  "method": "GET",
  "url": "/api/finance/projects?search=&status=all&year=2025",
  "statusCode": 200,
  "responseTime": "41ms",
  "userId": "690c4c43be8f36eb0f3c17b9"
}
[2025-11-10T11:27:19.164Z] [INFO] {
  "timestamp": "2025-11-10T11:27:19.164Z",
  "method": "GET",
  "url": "/api/finance/stats?year=2025",
  "statusCode": 200,
  "responseTime": "55ms",
  "userId": "690c4c43be8f36eb0f3c17b9"
}
[2025-11-10T11:27:20.474Z] [INFO] {
  "timestamp": "2025-11-10T11:27:20.474Z",
  "method": "POST",
  "url": "/api/finance/projects",
  "ip": "::1",
  "userId": "anonymous",
  "userAgent": "Mozilla/5.0 (Windows NT 10.0; Win64; x64) AppleWebKit/537.36 (KHTML, like Gecko) Chrome/142.0.0.0 Safari/537.36"
}
[2025-11-10T11:27:20.514Z] [INFO] {
  "timestamp": "2025-11-10T11:27:20.514Z",
  "method": "POST",
  "url": "/api/finance/projects",
  "statusCode": 500,
  "responseTime": "40ms",
  "userId": "690c4c43be8f36eb0f3c17b9"
}
[2025-11-10T11:27:37.197Z] [INFO] {
  "timestamp": "2025-11-10T11:27:37.197Z",
  "method": "GET",
  "url": "/api/finance/projects?search=&status=all&year=2025",
  "ip": "::1",
  "userId": "anonymous",
  "userAgent": "Mozilla/5.0 (Windows NT 10.0; Win64; x64) AppleWebKit/537.36 (KHTML, like Gecko) Chrome/142.0.0.0 Safari/537.36"
}
[2025-11-10T11:27:37.216Z] [INFO] {
  "timestamp": "2025-11-10T11:27:37.216Z",
  "method": "GET",
  "url": "/api/finance/stats?year=2025",
  "ip": "::1",
  "userId": "anonymous",
  "userAgent": "Mozilla/5.0 (Windows NT 10.0; Win64; x64) AppleWebKit/537.36 (KHTML, like Gecko) Chrome/142.0.0.0 Safari/537.36"
}
[2025-11-10T11:27:37.254Z] [INFO] {
  "timestamp": "2025-11-10T11:27:37.253Z",
  "method": "GET",
  "url": "/api/finance/projects?search=&status=all&year=2025",
  "statusCode": 200,
  "responseTime": "56ms",
  "userId": "690c4c43be8f36eb0f3c17b9"
}
[2025-11-10T11:27:37.286Z] [INFO] {
  "timestamp": "2025-11-10T11:27:37.286Z",
  "method": "GET",
  "url": "/api/finance/stats?year=2025",
  "statusCode": 200,
  "responseTime": "70ms",
  "userId": "690c4c43be8f36eb0f3c17b9"
}
[2025-11-10T11:51:45.375Z] [INFO] Email service initialized successfully
[2025-11-10T11:51:51.752Z] [INFO] {
  "timestamp": "2025-11-10T11:51:51.752Z",
  "method": "GET",
  "url": "/api/auth/me",
  "ip": "::1",
  "userId": "anonymous",
  "userAgent": "Mozilla/5.0 (Windows NT 10.0; Win64; x64) AppleWebKit/537.36 (KHTML, like Gecko) Chrome/142.0.0.0 Safari/537.36"
}
[2025-11-10T11:51:51.765Z] [INFO] {
  "timestamp": "2025-11-10T11:51:51.765Z",
  "method": "GET",
  "url": "/favicon.ico",
  "ip": "127.0.0.1",
  "userId": "anonymous",
  "userAgent": "Mozilla/5.0 (Windows NT 10.0; Win64; x64) AppleWebKit/537.36 (KHTML, like Gecko) Chrome/142.0.0.0 Safari/537.36"
}
[2025-11-10T11:51:51.774Z] [INFO] {
  "timestamp": "2025-11-10T11:51:51.774Z",
  "method": "GET",
  "url": "/favicon.ico",
  "statusCode": 200,
  "responseTime": "8ms",
  "userId": "anonymous"
}
[2025-11-10T11:51:51.805Z] [INFO] {
  "timestamp": "2025-11-10T11:51:51.804Z",
  "method": "GET",
  "url": "/api/auth/me",
  "statusCode": 200,
  "responseTime": "52ms",
  "userId": "690c4c43be8f36eb0f3c17b9"
}
[2025-11-10T11:51:51.821Z] [INFO] {
  "timestamp": "2025-11-10T11:51:51.821Z",
  "method": "GET",
  "url": "/api/auth/me",
  "ip": "::1",
  "userId": "anonymous",
  "userAgent": "Mozilla/5.0 (Windows NT 10.0; Win64; x64) AppleWebKit/537.36 (KHTML, like Gecko) Chrome/142.0.0.0 Safari/537.36"
}
[2025-11-10T11:51:51.834Z] [INFO] {
  "timestamp": "2025-11-10T11:51:51.834Z",
  "method": "GET",
  "url": "/api/auth/me",
  "statusCode": 200,
  "responseTime": "13ms",
  "userId": "690c4c43be8f36eb0f3c17b9"
}
[2025-11-10T11:51:52.357Z] [INFO] {
  "timestamp": "2025-11-10T11:51:52.357Z",
  "method": "GET",
  "url": "/favicon.ico",
  "ip": "127.0.0.1",
  "userId": "anonymous",
  "userAgent": "Mozilla/5.0 (Windows NT 10.0; Win64; x64) AppleWebKit/537.36 (KHTML, like Gecko) Chrome/142.0.0.0 Safari/537.36"
}
[2025-11-10T11:51:52.359Z] [INFO] {
  "timestamp": "2025-11-10T11:51:52.359Z",
  "method": "GET",
  "url": "/favicon.ico",
  "statusCode": 200,
  "responseTime": "2ms",
  "userId": "anonymous"
}
[2025-11-10T11:51:52.365Z] [INFO] {
  "timestamp": "2025-11-10T11:51:52.365Z",
  "method": "GET",
  "url": "/api/activities/recent?limit=3",
  "ip": "127.0.0.1",
  "userId": "anonymous",
  "userAgent": "Mozilla/5.0 (Windows NT 10.0; Win64; x64) AppleWebKit/537.36 (KHTML, like Gecko) Chrome/142.0.0.0 Safari/537.36"
}
[2025-11-10T11:51:52.382Z] [INFO] {
  "timestamp": "2025-11-10T11:51:52.382Z",
  "method": "GET",
  "url": "/api/activities/recent?limit=3",
  "statusCode": 200,
  "responseTime": "17ms",
  "userId": "690c4c43be8f36eb0f3c17b9"
}
[2025-11-10T11:51:52.714Z] [INFO] {
  "timestamp": "2025-11-10T11:51:52.714Z",
  "method": "GET",
  "url": "/api/activities/recent?limit=3",
  "ip": "127.0.0.1",
  "userId": "anonymous",
  "userAgent": "Mozilla/5.0 (Windows NT 10.0; Win64; x64) AppleWebKit/537.36 (KHTML, like Gecko) Chrome/142.0.0.0 Safari/537.36"
}
[2025-11-10T11:51:52.733Z] [INFO] {
  "timestamp": "2025-11-10T11:51:52.733Z",
  "method": "GET",
  "url": "/api/activities/recent?limit=3",
  "statusCode": 200,
  "responseTime": "19ms",
  "userId": "690c4c43be8f36eb0f3c17b9"
}
[2025-11-10T11:51:53.377Z] [INFO] {
  "timestamp": "2025-11-10T11:51:53.377Z",
  "method": "GET",
  "url": "/favicon.ico",
  "ip": "127.0.0.1",
  "userId": "anonymous",
  "userAgent": "Mozilla/5.0 (Windows NT 10.0; Win64; x64) AppleWebKit/537.36 (KHTML, like Gecko) Chrome/142.0.0.0 Safari/537.36"
}
[2025-11-10T11:51:53.386Z] [INFO] {
  "timestamp": "2025-11-10T11:51:53.386Z",
  "method": "GET",
  "url": "/favicon.ico",
  "statusCode": 200,
  "responseTime": "9ms",
  "userId": "anonymous"
}
[2025-11-10T11:51:53.417Z] [INFO] {
  "timestamp": "2025-11-10T11:51:53.417Z",
  "method": "GET",
  "url": "/api/finance/projects?search=&status=all&year=2025",
  "ip": "::1",
  "userId": "anonymous",
  "userAgent": "Mozilla/5.0 (Windows NT 10.0; Win64; x64) AppleWebKit/537.36 (KHTML, like Gecko) Chrome/142.0.0.0 Safari/537.36"
}
[2025-11-10T11:51:53.430Z] [INFO] {
  "timestamp": "2025-11-10T11:51:53.430Z",
  "method": "GET",
  "url": "/api/finance/stats?year=2025",
  "ip": "::1",
  "userId": "anonymous",
  "userAgent": "Mozilla/5.0 (Windows NT 10.0; Win64; x64) AppleWebKit/537.36 (KHTML, like Gecko) Chrome/142.0.0.0 Safari/537.36"
}
[2025-11-10T11:51:53.459Z] [INFO] {
  "timestamp": "2025-11-10T11:51:53.459Z",
  "method": "GET",
  "url": "/api/finance/projects?search=&status=all&year=2025",
  "statusCode": 200,
  "responseTime": "42ms",
  "userId": "690c4c43be8f36eb0f3c17b9"
}
[2025-11-10T11:51:53.470Z] [INFO] {
  "timestamp": "2025-11-10T11:51:53.470Z",
  "method": "GET",
  "url": "/api/finance/projects?search=&status=all&year=2025",
  "ip": "::1",
  "userId": "anonymous",
  "userAgent": "Mozilla/5.0 (Windows NT 10.0; Win64; x64) AppleWebKit/537.36 (KHTML, like Gecko) Chrome/142.0.0.0 Safari/537.36"
}
[2025-11-10T11:51:53.494Z] [INFO] {
  "timestamp": "2025-11-10T11:51:53.494Z",
  "method": "GET",
  "url": "/api/finance/stats?year=2025",
  "statusCode": 200,
  "responseTime": "64ms",
  "userId": "690c4c43be8f36eb0f3c17b9"
}
[2025-11-10T11:51:53.502Z] [INFO] {
  "timestamp": "2025-11-10T11:51:53.502Z",
  "method": "GET",
  "url": "/api/finance/projects?search=&status=all&year=2025",
  "statusCode": 200,
  "responseTime": "32ms",
  "userId": "690c4c43be8f36eb0f3c17b9"
}
[2025-11-10T11:51:53.505Z] [INFO] {
  "timestamp": "2025-11-10T11:51:53.505Z",
  "method": "GET",
  "url": "/api/finance/stats?year=2025",
  "ip": "::1",
  "userId": "anonymous",
  "userAgent": "Mozilla/5.0 (Windows NT 10.0; Win64; x64) AppleWebKit/537.36 (KHTML, like Gecko) Chrome/142.0.0.0 Safari/537.36"
}
[2025-11-10T11:51:53.538Z] [INFO] {
  "timestamp": "2025-11-10T11:51:53.537Z",
  "method": "GET",
  "url": "/api/finance/stats?year=2025",
  "statusCode": 200,
  "responseTime": "32ms",
  "userId": "690c4c43be8f36eb0f3c17b9"
}
[2025-11-10T11:52:00.959Z] [INFO] {
  "timestamp": "2025-11-10T11:52:00.959Z",
  "method": "POST",
  "url": "/api/finance/projects",
  "ip": "::1",
  "userId": "anonymous",
  "userAgent": "Mozilla/5.0 (Windows NT 10.0; Win64; x64) AppleWebKit/537.36 (KHTML, like Gecko) Chrome/142.0.0.0 Safari/537.36"
}
[2025-11-10T11:52:00.983Z] [INFO] {
  "timestamp": "2025-11-10T11:52:00.983Z",
  "method": "POST",
  "url": "/api/finance/projects",
  "statusCode": 500,
  "responseTime": "24ms",
  "userId": "690c4c43be8f36eb0f3c17b9"
}
[2025-11-10T11:52:55.534Z] [INFO] {
  "timestamp": "2025-11-10T11:52:55.534Z",
  "method": "GET",
  "url": "/api/finance/projects?search=&status=all&year=2025",
  "ip": "::1",
  "userId": "anonymous",
  "userAgent": "Mozilla/5.0 (Windows NT 10.0; Win64; x64) AppleWebKit/537.36 (KHTML, like Gecko) Chrome/142.0.0.0 Safari/537.36"
}
[2025-11-10T11:52:55.546Z] [INFO] {
  "timestamp": "2025-11-10T11:52:55.545Z",
  "method": "GET",
  "url": "/api/finance/stats?year=2025",
  "ip": "::1",
  "userId": "anonymous",
  "userAgent": "Mozilla/5.0 (Windows NT 10.0; Win64; x64) AppleWebKit/537.36 (KHTML, like Gecko) Chrome/142.0.0.0 Safari/537.36"
}
[2025-11-10T11:52:55.590Z] [INFO] {
  "timestamp": "2025-11-10T11:52:55.590Z",
  "method": "GET",
  "url": "/api/finance/projects?search=&status=all&year=2025",
  "statusCode": 200,
  "responseTime": "56ms",
  "userId": "690c4c43be8f36eb0f3c17b9"
}
[2025-11-10T11:52:55.623Z] [INFO] {
  "timestamp": "2025-11-10T11:52:55.623Z",
  "method": "GET",
  "url": "/api/finance/stats?year=2025",
  "statusCode": 200,
  "responseTime": "78ms",
  "userId": "690c4c43be8f36eb0f3c17b9"
}
[2025-11-10T11:53:19.155Z] [INFO] {
  "timestamp": "2025-11-10T11:53:19.155Z",
  "method": "GET",
  "url": "/api/finance/projects?search=&status=all&year=2025",
  "ip": "::1",
  "userId": "anonymous",
  "userAgent": "Mozilla/5.0 (Windows NT 10.0; Win64; x64) AppleWebKit/537.36 (KHTML, like Gecko) Chrome/142.0.0.0 Safari/537.36"
}
[2025-11-10T11:53:19.166Z] [INFO] {
  "timestamp": "2025-11-10T11:53:19.166Z",
  "method": "GET",
  "url": "/api/finance/stats?year=2025",
  "ip": "::1",
  "userId": "anonymous",
  "userAgent": "Mozilla/5.0 (Windows NT 10.0; Win64; x64) AppleWebKit/537.36 (KHTML, like Gecko) Chrome/142.0.0.0 Safari/537.36"
}
[2025-11-10T11:53:19.205Z] [INFO] {
  "timestamp": "2025-11-10T11:53:19.205Z",
  "method": "GET",
  "url": "/api/finance/projects?search=&status=all&year=2025",
  "statusCode": 200,
  "responseTime": "50ms",
  "userId": "690c4c43be8f36eb0f3c17b9"
}
[2025-11-10T11:53:19.220Z] [INFO] {
  "timestamp": "2025-11-10T11:53:19.220Z",
  "method": "GET",
  "url": "/api/finance/stats?year=2025",
  "statusCode": 200,
  "responseTime": "54ms",
  "userId": "690c4c43be8f36eb0f3c17b9"
}
[2025-11-10T11:53:35.768Z] [INFO] {
  "timestamp": "2025-11-10T11:53:35.768Z",
  "method": "GET",
  "url": "/api/finance/projects?search=&status=all&year=2025",
  "ip": "::1",
  "userId": "anonymous",
  "userAgent": "Mozilla/5.0 (Windows NT 10.0; Win64; x64) AppleWebKit/537.36 (KHTML, like Gecko) Chrome/142.0.0.0 Safari/537.36"
}
[2025-11-10T11:53:35.773Z] [INFO] {
  "timestamp": "2025-11-10T11:53:35.772Z",
  "method": "GET",
  "url": "/api/finance/stats?year=2025",
  "ip": "::1",
  "userId": "anonymous",
  "userAgent": "Mozilla/5.0 (Windows NT 10.0; Win64; x64) AppleWebKit/537.36 (KHTML, like Gecko) Chrome/142.0.0.0 Safari/537.36"
}
[2025-11-10T11:53:35.789Z] [INFO] {
  "timestamp": "2025-11-10T11:53:35.789Z",
  "method": "GET",
  "url": "/api/finance/projects?search=&status=all&year=2025",
  "statusCode": 200,
  "responseTime": "21ms",
  "userId": "690c4c43be8f36eb0f3c17b9"
}
[2025-11-10T11:53:35.801Z] [INFO] {
  "timestamp": "2025-11-10T11:53:35.801Z",
  "method": "GET",
  "url": "/api/finance/stats?year=2025",
  "statusCode": 200,
  "responseTime": "29ms",
  "userId": "690c4c43be8f36eb0f3c17b9"
}
[2025-11-10T11:54:11.759Z] [INFO] {
  "timestamp": "2025-11-10T11:54:11.759Z",
  "method": "GET",
  "url": "/api/finance/projects?search=&status=all&year=2025",
  "ip": "::1",
  "userId": "anonymous",
  "userAgent": "Mozilla/5.0 (Windows NT 10.0; Win64; x64) AppleWebKit/537.36 (KHTML, like Gecko) Chrome/142.0.0.0 Safari/537.36"
}
[2025-11-10T11:54:11.764Z] [INFO] {
  "timestamp": "2025-11-10T11:54:11.764Z",
  "method": "GET",
  "url": "/api/finance/stats?year=2025",
  "ip": "::1",
  "userId": "anonymous",
  "userAgent": "Mozilla/5.0 (Windows NT 10.0; Win64; x64) AppleWebKit/537.36 (KHTML, like Gecko) Chrome/142.0.0.0 Safari/537.36"
}
[2025-11-10T11:54:11.792Z] [INFO] {
  "timestamp": "2025-11-10T11:54:11.792Z",
  "method": "GET",
  "url": "/api/finance/projects?search=&status=all&year=2025",
  "statusCode": 200,
  "responseTime": "33ms",
  "userId": "690c4c43be8f36eb0f3c17b9"
}
[2025-11-10T11:54:11.811Z] [INFO] {
  "timestamp": "2025-11-10T11:54:11.811Z",
  "method": "GET",
  "url": "/api/finance/stats?year=2025",
  "statusCode": 200,
  "responseTime": "47ms",
  "userId": "690c4c43be8f36eb0f3c17b9"
}
[2025-11-10T11:56:54.978Z] [INFO] {
  "timestamp": "2025-11-10T11:56:54.978Z",
  "method": "POST",
  "url": "/api/finance/projects",
  "ip": "::1",
  "userId": "anonymous",
  "userAgent": "Mozilla/5.0 (Windows NT 10.0; Win64; x64) AppleWebKit/537.36 (KHTML, like Gecko) Chrome/142.0.0.0 Safari/537.36"
}
[2025-11-10T11:56:54.995Z] [INFO] {
  "timestamp": "2025-11-10T11:56:54.995Z",
  "method": "POST",
  "url": "/api/finance/projects",
  "statusCode": 200,
  "responseTime": "17ms",
  "userId": "690c4c43be8f36eb0f3c17b9"
}
[2025-11-10T11:56:55.010Z] [INFO] {
  "timestamp": "2025-11-10T11:56:55.010Z",
  "method": "GET",
  "url": "/api/finance/projects?search=&status=all&year=2025",
  "ip": "::1",
  "userId": "anonymous",
  "userAgent": "Mozilla/5.0 (Windows NT 10.0; Win64; x64) AppleWebKit/537.36 (KHTML, like Gecko) Chrome/142.0.0.0 Safari/537.36"
}
[2025-11-10T11:56:55.015Z] [INFO] {
  "timestamp": "2025-11-10T11:56:55.015Z",
  "method": "GET",
  "url": "/api/finance/stats?year=2025",
  "ip": "::1",
  "userId": "anonymous",
  "userAgent": "Mozilla/5.0 (Windows NT 10.0; Win64; x64) AppleWebKit/537.36 (KHTML, like Gecko) Chrome/142.0.0.0 Safari/537.36"
}
[2025-11-10T11:56:55.034Z] [INFO] {
  "timestamp": "2025-11-10T11:56:55.034Z",
  "method": "GET",
  "url": "/api/finance/projects?search=&status=all&year=2025",
  "statusCode": 200,
  "responseTime": "24ms",
  "userId": "690c4c43be8f36eb0f3c17b9"
}
[2025-11-10T11:56:55.045Z] [INFO] {
  "timestamp": "2025-11-10T11:56:55.045Z",
  "method": "GET",
  "url": "/api/finance/stats?year=2025",
  "statusCode": 200,
  "responseTime": "30ms",
  "userId": "690c4c43be8f36eb0f3c17b9"
}
[2025-11-10T11:57:21.903Z] [INFO] {
  "timestamp": "2025-11-10T11:57:21.903Z",
  "method": "PUT",
  "url": "/api/finance/projects/6911d306271519e89ce9b2ee",
  "ip": "::1",
  "userId": "anonymous",
  "userAgent": "Mozilla/5.0 (Windows NT 10.0; Win64; x64) AppleWebKit/537.36 (KHTML, like Gecko) Chrome/142.0.0.0 Safari/537.36"
}
[2025-11-10T11:57:21.927Z] [INFO] {
  "timestamp": "2025-11-10T11:57:21.927Z",
  "method": "PUT",
  "url": "/api/finance/projects/6911d306271519e89ce9b2ee",
  "statusCode": 200,
  "responseTime": "24ms",
  "userId": "690c4c43be8f36eb0f3c17b9"
}
[2025-11-10T11:57:21.938Z] [INFO] {
  "timestamp": "2025-11-10T11:57:21.938Z",
  "method": "GET",
  "url": "/api/finance/projects?search=&status=all&year=2025",
  "ip": "::1",
  "userId": "anonymous",
  "userAgent": "Mozilla/5.0 (Windows NT 10.0; Win64; x64) AppleWebKit/537.36 (KHTML, like Gecko) Chrome/142.0.0.0 Safari/537.36"
}
[2025-11-10T11:57:21.947Z] [INFO] {
  "timestamp": "2025-11-10T11:57:21.947Z",
  "method": "GET",
  "url": "/api/finance/stats?year=2025",
  "ip": "::1",
  "userId": "anonymous",
  "userAgent": "Mozilla/5.0 (Windows NT 10.0; Win64; x64) AppleWebKit/537.36 (KHTML, like Gecko) Chrome/142.0.0.0 Safari/537.36"
}
[2025-11-10T11:57:21.964Z] [INFO] {
  "timestamp": "2025-11-10T11:57:21.964Z",
  "method": "GET",
  "url": "/api/finance/projects?search=&status=all&year=2025",
  "statusCode": 200,
  "responseTime": "26ms",
  "userId": "690c4c43be8f36eb0f3c17b9"
}
[2025-11-10T11:57:21.976Z] [INFO] {
  "timestamp": "2025-11-10T11:57:21.976Z",
  "method": "GET",
  "url": "/api/finance/stats?year=2025",
  "statusCode": 200,
  "responseTime": "29ms",
  "userId": "690c4c43be8f36eb0f3c17b9"
}
[2025-11-10T11:57:34.377Z] [INFO] {
  "timestamp": "2025-11-10T11:57:34.377Z",
  "method": "GET",
  "url": "/api/finance/expenses?search=&status=all&year=2025",
  "ip": "::1",
  "userId": "anonymous",
  "userAgent": "Mozilla/5.0 (Windows NT 10.0; Win64; x64) AppleWebKit/537.36 (KHTML, like Gecko) Chrome/142.0.0.0 Safari/537.36"
}
[2025-11-10T11:57:34.380Z] [INFO] {
  "timestamp": "2025-11-10T11:57:34.380Z",
  "method": "GET",
  "url": "/api/finance/stats?year=2025",
  "ip": "::1",
  "userId": "anonymous",
  "userAgent": "Mozilla/5.0 (Windows NT 10.0; Win64; x64) AppleWebKit/537.36 (KHTML, like Gecko) Chrome/142.0.0.0 Safari/537.36"
}
[2025-11-10T11:57:34.403Z] [INFO] {
  "timestamp": "2025-11-10T11:57:34.403Z",
  "method": "GET",
  "url": "/api/finance/expenses?search=&status=all&year=2025",
  "statusCode": 200,
  "responseTime": "26ms",
  "userId": "690c4c43be8f36eb0f3c17b9"
}
[2025-11-10T11:57:34.422Z] [INFO] {
  "timestamp": "2025-11-10T11:57:34.422Z",
  "method": "GET",
  "url": "/api/finance/stats?year=2025",
  "statusCode": 200,
  "responseTime": "42ms",
  "userId": "690c4c43be8f36eb0f3c17b9"
}
[2025-11-10T11:57:35.420Z] [INFO] {
  "timestamp": "2025-11-10T11:57:35.420Z",
  "method": "GET",
  "url": "/api/finance/stats?year=2025",
  "ip": "::1",
  "userId": "anonymous",
  "userAgent": "Mozilla/5.0 (Windows NT 10.0; Win64; x64) AppleWebKit/537.36 (KHTML, like Gecko) Chrome/142.0.0.0 Safari/537.36"
}
[2025-11-10T11:57:35.426Z] [INFO] {
  "timestamp": "2025-11-10T11:57:35.426Z",
  "method": "GET",
  "url": "/api/finance/projects?search=&status=all&year=2025",
  "ip": "::1",
  "userId": "anonymous",
  "userAgent": "Mozilla/5.0 (Windows NT 10.0; Win64; x64) AppleWebKit/537.36 (KHTML, like Gecko) Chrome/142.0.0.0 Safari/537.36"
}
[2025-11-10T11:57:35.446Z] [INFO] {
  "timestamp": "2025-11-10T11:57:35.446Z",
  "method": "GET",
  "url": "/api/finance/projects?search=&status=all&year=2025",
  "statusCode": 200,
  "responseTime": "20ms",
  "userId": "690c4c43be8f36eb0f3c17b9"
}
[2025-11-10T11:57:35.456Z] [INFO] {
  "timestamp": "2025-11-10T11:57:35.456Z",
  "method": "GET",
  "url": "/api/finance/stats?year=2025",
  "statusCode": 200,
  "responseTime": "36ms",
  "userId": "690c4c43be8f36eb0f3c17b9"
}
[2025-11-10T12:00:09.732Z] [INFO] {
  "timestamp": "2025-11-10T12:00:09.732Z",
  "method": "GET",
  "url": "/api/finance/projects?search=&status=all&year=2025",
  "ip": "::1",
  "userId": "anonymous",
  "userAgent": "Mozilla/5.0 (Windows NT 10.0; Win64; x64) AppleWebKit/537.36 (KHTML, like Gecko) Chrome/142.0.0.0 Safari/537.36"
}
[2025-11-10T12:00:09.738Z] [INFO] {
  "timestamp": "2025-11-10T12:00:09.738Z",
  "method": "GET",
  "url": "/api/finance/stats?year=2025",
  "ip": "::1",
  "userId": "anonymous",
  "userAgent": "Mozilla/5.0 (Windows NT 10.0; Win64; x64) AppleWebKit/537.36 (KHTML, like Gecko) Chrome/142.0.0.0 Safari/537.36"
}
[2025-11-10T12:00:09.783Z] [INFO] {
  "timestamp": "2025-11-10T12:00:09.783Z",
  "method": "GET",
  "url": "/api/finance/projects?search=&status=all&year=2025",
  "statusCode": 200,
  "responseTime": "51ms",
  "userId": "690c4c43be8f36eb0f3c17b9"
}
[2025-11-10T12:00:09.803Z] [INFO] {
  "timestamp": "2025-11-10T12:00:09.803Z",
  "method": "GET",
  "url": "/api/finance/stats?year=2025",
  "statusCode": 200,
  "responseTime": "65ms",
  "userId": "690c4c43be8f36eb0f3c17b9"
}
[2025-11-10T12:05:33.733Z] [INFO] {
  "timestamp": "2025-11-10T12:05:33.733Z",
  "method": "GET",
  "url": "/api/finance/projects?search=&status=all&year=2025",
  "ip": "::1",
  "userId": "anonymous",
  "userAgent": "Mozilla/5.0 (Windows NT 10.0; Win64; x64) AppleWebKit/537.36 (KHTML, like Gecko) Chrome/142.0.0.0 Safari/537.36"
}
[2025-11-10T12:05:33.741Z] [INFO] {
  "timestamp": "2025-11-10T12:05:33.741Z",
  "method": "GET",
  "url": "/api/finance/stats?year=2025",
  "ip": "::1",
  "userId": "anonymous",
  "userAgent": "Mozilla/5.0 (Windows NT 10.0; Win64; x64) AppleWebKit/537.36 (KHTML, like Gecko) Chrome/142.0.0.0 Safari/537.36"
}
[2025-11-10T12:05:33.782Z] [INFO] {
  "timestamp": "2025-11-10T12:05:33.782Z",
  "method": "GET",
  "url": "/api/finance/projects?search=&status=all&year=2025",
  "statusCode": 200,
  "responseTime": "49ms",
  "userId": "690c4c43be8f36eb0f3c17b9"
}
[2025-11-10T12:05:33.802Z] [INFO] {
  "timestamp": "2025-11-10T12:05:33.802Z",
  "method": "GET",
  "url": "/api/finance/stats?year=2025",
  "statusCode": 200,
  "responseTime": "61ms",
  "userId": "690c4c43be8f36eb0f3c17b9"
}
[2025-11-10T12:05:52.727Z] [INFO] {
  "timestamp": "2025-11-10T12:05:52.727Z",
  "method": "GET",
  "url": "/api/finance/projects?search=&status=all&year=2025",
  "ip": "::1",
  "userId": "anonymous",
  "userAgent": "Mozilla/5.0 (Windows NT 10.0; Win64; x64) AppleWebKit/537.36 (KHTML, like Gecko) Chrome/142.0.0.0 Safari/537.36"
}
[2025-11-10T12:05:52.734Z] [INFO] {
  "timestamp": "2025-11-10T12:05:52.734Z",
  "method": "GET",
  "url": "/api/finance/stats?year=2025",
  "ip": "::1",
  "userId": "anonymous",
  "userAgent": "Mozilla/5.0 (Windows NT 10.0; Win64; x64) AppleWebKit/537.36 (KHTML, like Gecko) Chrome/142.0.0.0 Safari/537.36"
}
[2025-11-10T12:05:52.766Z] [INFO] {
  "timestamp": "2025-11-10T12:05:52.766Z",
  "method": "GET",
  "url": "/api/finance/projects?search=&status=all&year=2025",
  "statusCode": 200,
  "responseTime": "39ms",
  "userId": "690c4c43be8f36eb0f3c17b9"
}
[2025-11-10T12:05:52.781Z] [INFO] {
  "timestamp": "2025-11-10T12:05:52.781Z",
  "method": "GET",
  "url": "/api/finance/stats?year=2025",
  "statusCode": 200,
  "responseTime": "47ms",
  "userId": "690c4c43be8f36eb0f3c17b9"
}
[2025-11-10T12:05:59.732Z] [INFO] {
  "timestamp": "2025-11-10T12:05:59.732Z",
  "method": "GET",
  "url": "/api/finance/projects?search=&status=all&year=2025",
  "ip": "::1",
  "userId": "anonymous",
  "userAgent": "Mozilla/5.0 (Windows NT 10.0; Win64; x64) AppleWebKit/537.36 (KHTML, like Gecko) Chrome/142.0.0.0 Safari/537.36"
}
[2025-11-10T12:05:59.739Z] [INFO] {
  "timestamp": "2025-11-10T12:05:59.739Z",
  "method": "GET",
  "url": "/api/finance/stats?year=2025",
  "ip": "::1",
  "userId": "anonymous",
  "userAgent": "Mozilla/5.0 (Windows NT 10.0; Win64; x64) AppleWebKit/537.36 (KHTML, like Gecko) Chrome/142.0.0.0 Safari/537.36"
}
[2025-11-10T12:05:59.779Z] [INFO] {
  "timestamp": "2025-11-10T12:05:59.779Z",
  "method": "GET",
  "url": "/api/finance/projects?search=&status=all&year=2025",
  "statusCode": 200,
  "responseTime": "47ms",
  "userId": "690c4c43be8f36eb0f3c17b9"
}
[2025-11-10T12:05:59.798Z] [INFO] {
  "timestamp": "2025-11-10T12:05:59.798Z",
  "method": "GET",
  "url": "/api/finance/stats?year=2025",
  "statusCode": 200,
  "responseTime": "59ms",
  "userId": "690c4c43be8f36eb0f3c17b9"
}
[2025-11-10T12:14:20.395Z] [INFO] {
  "timestamp": "2025-11-10T12:14:20.395Z",
  "method": "GET",
  "url": "/api/finance/projects?search=b&status=all&year=2025",
  "ip": "::1",
  "userId": "anonymous",
  "userAgent": "Mozilla/5.0 (Windows NT 10.0; Win64; x64) AppleWebKit/537.36 (KHTML, like Gecko) Chrome/142.0.0.0 Safari/537.36"
}
[2025-11-10T12:14:20.400Z] [INFO] {
  "timestamp": "2025-11-10T12:14:20.400Z",
  "method": "GET",
  "url": "/api/finance/stats?year=2025",
  "ip": "::1",
  "userId": "anonymous",
  "userAgent": "Mozilla/5.0 (Windows NT 10.0; Win64; x64) AppleWebKit/537.36 (KHTML, like Gecko) Chrome/142.0.0.0 Safari/537.36"
}
[2025-11-10T12:14:20.433Z] [INFO] {
  "timestamp": "2025-11-10T12:14:20.433Z",
  "method": "GET",
  "url": "/api/finance/projects?search=b&status=all&year=2025",
  "statusCode": 200,
  "responseTime": "38ms",
  "userId": "690c4c43be8f36eb0f3c17b9"
}
[2025-11-10T12:14:20.442Z] [INFO] {
  "timestamp": "2025-11-10T12:14:20.442Z",
  "method": "GET",
  "url": "/api/finance/stats?year=2025",
  "statusCode": 200,
  "responseTime": "41ms",
  "userId": "690c4c43be8f36eb0f3c17b9"
}
[2025-11-10T12:14:21.545Z] [INFO] {
  "timestamp": "2025-11-10T12:14:21.545Z",
  "method": "GET",
  "url": "/api/finance/stats?year=2025",
  "ip": "::1",
  "userId": "anonymous",
  "userAgent": "Mozilla/5.0 (Windows NT 10.0; Win64; x64) AppleWebKit/537.36 (KHTML, like Gecko) Chrome/142.0.0.0 Safari/537.36"
}
[2025-11-10T12:14:21.550Z] [INFO] {
  "timestamp": "2025-11-10T12:14:21.550Z",
  "method": "GET",
  "url": "/api/finance/projects?search=&status=all&year=2025",
  "ip": "::1",
  "userId": "anonymous",
  "userAgent": "Mozilla/5.0 (Windows NT 10.0; Win64; x64) AppleWebKit/537.36 (KHTML, like Gecko) Chrome/142.0.0.0 Safari/537.36"
}
[2025-11-10T12:14:21.591Z] [INFO] {
  "timestamp": "2025-11-10T12:14:21.591Z",
  "method": "GET",
  "url": "/api/finance/projects?search=&status=all&year=2025",
  "statusCode": 200,
  "responseTime": "41ms",
  "userId": "690c4c43be8f36eb0f3c17b9"
}
[2025-11-10T12:14:21.602Z] [INFO] {
  "timestamp": "2025-11-10T12:14:21.602Z",
  "method": "GET",
  "url": "/api/finance/stats?year=2025",
  "statusCode": 200,
  "responseTime": "57ms",
  "userId": "690c4c43be8f36eb0f3c17b9"
}
[2025-11-10T12:14:42.088Z] [INFO] {
  "timestamp": "2025-11-10T12:14:42.088Z",
  "method": "GET",
  "url": "/api/finance/projects?search=&status=all&year=2025",
  "ip": "::1",
  "userId": "anonymous",
  "userAgent": "Mozilla/5.0 (Windows NT 10.0; Win64; x64) AppleWebKit/537.36 (KHTML, like Gecko) Chrome/142.0.0.0 Safari/537.36"
}
[2025-11-10T12:14:42.093Z] [INFO] {
  "timestamp": "2025-11-10T12:14:42.093Z",
  "method": "GET",
  "url": "/api/finance/stats?year=2025",
  "ip": "::1",
  "userId": "anonymous",
  "userAgent": "Mozilla/5.0 (Windows NT 10.0; Win64; x64) AppleWebKit/537.36 (KHTML, like Gecko) Chrome/142.0.0.0 Safari/537.36"
}
[2025-11-10T12:14:42.140Z] [INFO] {
  "timestamp": "2025-11-10T12:14:42.140Z",
  "method": "GET",
  "url": "/api/finance/projects?search=&status=all&year=2025",
  "statusCode": 200,
  "responseTime": "52ms",
  "userId": "690c4c43be8f36eb0f3c17b9"
}
[2025-11-10T12:14:42.154Z] [INFO] {
  "timestamp": "2025-11-10T12:14:42.154Z",
  "method": "GET",
  "url": "/api/finance/stats?year=2025",
  "statusCode": 200,
  "responseTime": "61ms",
  "userId": "690c4c43be8f36eb0f3c17b9"
}
[2025-11-10T12:19:14.998Z] [INFO] {
  "timestamp": "2025-11-10T12:19:14.998Z",
  "method": "POST",
  "url": "/api/finance/projects",
  "ip": "::1",
  "userId": "anonymous",
  "userAgent": "Mozilla/5.0 (Windows NT 10.0; Win64; x64) AppleWebKit/537.36 (KHTML, like Gecko) Chrome/142.0.0.0 Safari/537.36"
}
[2025-11-10T12:19:15.013Z] [INFO] {
  "timestamp": "2025-11-10T12:19:15.013Z",
  "method": "POST",
  "url": "/api/finance/projects",
  "statusCode": 200,
  "responseTime": "15ms",
  "userId": "690c4c43be8f36eb0f3c17b9"
}
[2025-11-10T12:19:15.028Z] [INFO] {
  "timestamp": "2025-11-10T12:19:15.028Z",
  "method": "GET",
  "url": "/api/finance/projects?search=&status=all&year=2025",
  "ip": "::1",
  "userId": "anonymous",
  "userAgent": "Mozilla/5.0 (Windows NT 10.0; Win64; x64) AppleWebKit/537.36 (KHTML, like Gecko) Chrome/142.0.0.0 Safari/537.36"
}
[2025-11-10T12:19:15.031Z] [INFO] {
  "timestamp": "2025-11-10T12:19:15.031Z",
  "method": "GET",
  "url": "/api/finance/stats?year=2025",
  "ip": "::1",
  "userId": "anonymous",
  "userAgent": "Mozilla/5.0 (Windows NT 10.0; Win64; x64) AppleWebKit/537.36 (KHTML, like Gecko) Chrome/142.0.0.0 Safari/537.36"
}
[2025-11-10T12:19:15.048Z] [INFO] {
  "timestamp": "2025-11-10T12:19:15.048Z",
  "method": "GET",
  "url": "/api/finance/projects?search=&status=all&year=2025",
  "statusCode": 200,
  "responseTime": "20ms",
  "userId": "690c4c43be8f36eb0f3c17b9"
}
[2025-11-10T12:19:15.059Z] [INFO] {
  "timestamp": "2025-11-10T12:19:15.059Z",
  "method": "GET",
  "url": "/api/finance/stats?year=2025",
  "statusCode": 200,
  "responseTime": "28ms",
  "userId": "690c4c43be8f36eb0f3c17b9"
}
[2025-11-10T12:23:24.738Z] [INFO] {
  "timestamp": "2025-11-10T12:23:24.738Z",
  "method": "GET",
  "url": "/api/finance/projects?search=&status=all&year=2025",
  "ip": "::1",
  "userId": "anonymous",
  "userAgent": "Mozilla/5.0 (Windows NT 10.0; Win64; x64) AppleWebKit/537.36 (KHTML, like Gecko) Chrome/142.0.0.0 Safari/537.36"
}
[2025-11-10T12:23:24.743Z] [INFO] {
  "timestamp": "2025-11-10T12:23:24.743Z",
  "method": "GET",
  "url": "/api/finance/stats?year=2025",
  "ip": "::1",
  "userId": "anonymous",
  "userAgent": "Mozilla/5.0 (Windows NT 10.0; Win64; x64) AppleWebKit/537.36 (KHTML, like Gecko) Chrome/142.0.0.0 Safari/537.36"
}
[2025-11-10T12:23:24.764Z] [INFO] {
  "timestamp": "2025-11-10T12:23:24.764Z",
  "method": "GET",
  "url": "/api/finance/projects?search=&status=all&year=2025",
  "statusCode": 200,
  "responseTime": "26ms",
  "userId": "690c4c43be8f36eb0f3c17b9"
}
[2025-11-10T12:23:24.773Z] [INFO] {
  "timestamp": "2025-11-10T12:23:24.773Z",
  "method": "GET",
  "url": "/api/finance/projects?search=&status=all&year=2025",
  "ip": "::1",
  "userId": "anonymous",
  "userAgent": "Mozilla/5.0 (Windows NT 10.0; Win64; x64) AppleWebKit/537.36 (KHTML, like Gecko) Chrome/142.0.0.0 Safari/537.36"
}
[2025-11-10T12:23:24.786Z] [INFO] {
  "timestamp": "2025-11-10T12:23:24.786Z",
  "method": "GET",
  "url": "/api/finance/stats?year=2025",
  "statusCode": 200,
  "responseTime": "43ms",
  "userId": "690c4c43be8f36eb0f3c17b9"
}
[2025-11-10T12:23:24.792Z] [INFO] {
  "timestamp": "2025-11-10T12:23:24.792Z",
  "method": "GET",
  "url": "/api/finance/stats?year=2025",
  "ip": "::1",
  "userId": "anonymous",
  "userAgent": "Mozilla/5.0 (Windows NT 10.0; Win64; x64) AppleWebKit/537.36 (KHTML, like Gecko) Chrome/142.0.0.0 Safari/537.36"
}
[2025-11-10T12:23:24.809Z] [INFO] {
  "timestamp": "2025-11-10T12:23:24.809Z",
  "method": "GET",
  "url": "/api/finance/projects?search=&status=all&year=2025",
  "statusCode": 200,
  "responseTime": "36ms",
  "userId": "690c4c43be8f36eb0f3c17b9"
}
[2025-11-10T12:23:24.837Z] [INFO] {
  "timestamp": "2025-11-10T12:23:24.837Z",
  "method": "GET",
  "url": "/api/finance/stats?year=2025",
  "statusCode": 200,
  "responseTime": "45ms",
  "userId": "690c4c43be8f36eb0f3c17b9"
}
[2025-11-10T12:23:31.730Z] [INFO] {
  "timestamp": "2025-11-10T12:23:31.730Z",
  "method": "GET",
  "url": "/api/finance/projects?search=&status=all&year=2025",
  "ip": "::1",
  "userId": "anonymous",
  "userAgent": "Mozilla/5.0 (Windows NT 10.0; Win64; x64) AppleWebKit/537.36 (KHTML, like Gecko) Chrome/142.0.0.0 Safari/537.36"
}
[2025-11-10T12:23:31.737Z] [INFO] {
  "timestamp": "2025-11-10T12:23:31.737Z",
  "method": "GET",
  "url": "/api/finance/stats?year=2025",
  "ip": "::1",
  "userId": "anonymous",
  "userAgent": "Mozilla/5.0 (Windows NT 10.0; Win64; x64) AppleWebKit/537.36 (KHTML, like Gecko) Chrome/142.0.0.0 Safari/537.36"
}
[2025-11-10T12:23:31.769Z] [INFO] {
  "timestamp": "2025-11-10T12:23:31.769Z",
  "method": "GET",
  "url": "/api/finance/projects?search=&status=all&year=2025",
  "statusCode": 200,
  "responseTime": "39ms",
  "userId": "690c4c43be8f36eb0f3c17b9"
}
[2025-11-10T12:23:31.785Z] [INFO] {
  "timestamp": "2025-11-10T12:23:31.785Z",
  "method": "GET",
  "url": "/api/finance/stats?year=2025",
  "statusCode": 200,
  "responseTime": "48ms",
  "userId": "690c4c43be8f36eb0f3c17b9"
}
[2025-11-10T12:23:55.556Z] [INFO] {
  "timestamp": "2025-11-10T12:23:55.556Z",
  "method": "GET",
  "url": "/api/finance/projects?search=&status=all&year=2025",
  "ip": "::1",
  "userId": "anonymous",
  "userAgent": "Mozilla/5.0 (Windows NT 10.0; Win64; x64) AppleWebKit/537.36 (KHTML, like Gecko) Chrome/142.0.0.0 Safari/537.36"
}
[2025-11-10T12:23:55.560Z] [INFO] {
  "timestamp": "2025-11-10T12:23:55.560Z",
  "method": "GET",
  "url": "/api/finance/stats?year=2025",
  "ip": "::1",
  "userId": "anonymous",
  "userAgent": "Mozilla/5.0 (Windows NT 10.0; Win64; x64) AppleWebKit/537.36 (KHTML, like Gecko) Chrome/142.0.0.0 Safari/537.36"
}
[2025-11-10T12:23:55.582Z] [INFO] {
  "timestamp": "2025-11-10T12:23:55.582Z",
  "method": "GET",
  "url": "/api/finance/projects?search=&status=all&year=2025",
  "statusCode": 200,
  "responseTime": "26ms",
  "userId": "690c4c43be8f36eb0f3c17b9"
}
[2025-11-10T12:23:55.597Z] [INFO] {
  "timestamp": "2025-11-10T12:23:55.597Z",
  "method": "GET",
  "url": "/api/finance/stats?year=2025",
  "statusCode": 200,
  "responseTime": "37ms",
  "userId": "690c4c43be8f36eb0f3c17b9"
}
[2025-11-10T12:24:13.739Z] [INFO] {
  "timestamp": "2025-11-10T12:24:13.739Z",
  "method": "GET",
  "url": "/api/finance/projects?search=&status=all&year=2025",
  "ip": "::1",
  "userId": "anonymous",
  "userAgent": "Mozilla/5.0 (Windows NT 10.0; Win64; x64) AppleWebKit/537.36 (KHTML, like Gecko) Chrome/142.0.0.0 Safari/537.36"
}
[2025-11-10T12:24:13.743Z] [INFO] {
  "timestamp": "2025-11-10T12:24:13.743Z",
  "method": "GET",
  "url": "/api/finance/stats?year=2025",
  "ip": "::1",
  "userId": "anonymous",
  "userAgent": "Mozilla/5.0 (Windows NT 10.0; Win64; x64) AppleWebKit/537.36 (KHTML, like Gecko) Chrome/142.0.0.0 Safari/537.36"
}
[2025-11-10T12:24:13.758Z] [INFO] {
  "timestamp": "2025-11-10T12:24:13.758Z",
  "method": "GET",
  "url": "/api/finance/projects?search=&status=all&year=2025",
  "statusCode": 200,
  "responseTime": "19ms",
  "userId": "690c4c43be8f36eb0f3c17b9"
}
[2025-11-10T12:24:13.768Z] [INFO] {
  "timestamp": "2025-11-10T12:24:13.768Z",
  "method": "GET",
  "url": "/api/finance/stats?year=2025",
  "statusCode": 200,
  "responseTime": "25ms",
  "userId": "690c4c43be8f36eb0f3c17b9"
}
[2025-11-10T12:24:35.720Z] [INFO] {
  "timestamp": "2025-11-10T12:24:35.720Z",
  "method": "GET",
  "url": "/api/finance/projects?search=&status=all&year=2025",
  "ip": "::1",
  "userId": "anonymous",
  "userAgent": "Mozilla/5.0 (Windows NT 10.0; Win64; x64) AppleWebKit/537.36 (KHTML, like Gecko) Chrome/142.0.0.0 Safari/537.36"
}
[2025-11-10T12:24:35.723Z] [INFO] {
  "timestamp": "2025-11-10T12:24:35.723Z",
  "method": "GET",
  "url": "/api/finance/stats?year=2025",
  "ip": "::1",
  "userId": "anonymous",
  "userAgent": "Mozilla/5.0 (Windows NT 10.0; Win64; x64) AppleWebKit/537.36 (KHTML, like Gecko) Chrome/142.0.0.0 Safari/537.36"
}
[2025-11-10T12:24:35.734Z] [INFO] {
  "timestamp": "2025-11-10T12:24:35.734Z",
  "method": "GET",
  "url": "/api/finance/projects?search=&status=all&year=2025",
  "statusCode": 200,
  "responseTime": "14ms",
  "userId": "690c4c43be8f36eb0f3c17b9"
}
[2025-11-10T12:24:35.742Z] [INFO] {
  "timestamp": "2025-11-10T12:24:35.742Z",
  "method": "GET",
  "url": "/api/finance/stats?year=2025",
  "statusCode": 200,
  "responseTime": "19ms",
  "userId": "690c4c43be8f36eb0f3c17b9"
}
[2025-11-10T12:25:16.721Z] [INFO] {
  "timestamp": "2025-11-10T12:25:16.721Z",
  "method": "GET",
  "url": "/api/finance/projects?search=&status=all&year=2025",
  "ip": "::1",
  "userId": "anonymous",
  "userAgent": "Mozilla/5.0 (Windows NT 10.0; Win64; x64) AppleWebKit/537.36 (KHTML, like Gecko) Chrome/142.0.0.0 Safari/537.36"
}
[2025-11-10T12:25:16.726Z] [INFO] {
  "timestamp": "2025-11-10T12:25:16.726Z",
  "method": "GET",
  "url": "/api/finance/stats?year=2025",
  "ip": "::1",
  "userId": "anonymous",
  "userAgent": "Mozilla/5.0 (Windows NT 10.0; Win64; x64) AppleWebKit/537.36 (KHTML, like Gecko) Chrome/142.0.0.0 Safari/537.36"
}
[2025-11-10T12:25:16.746Z] [INFO] {
  "timestamp": "2025-11-10T12:25:16.746Z",
  "method": "GET",
  "url": "/api/finance/projects?search=&status=all&year=2025",
  "statusCode": 200,
  "responseTime": "25ms",
  "userId": "690c4c43be8f36eb0f3c17b9"
}
[2025-11-10T12:25:16.757Z] [INFO] {
  "timestamp": "2025-11-10T12:25:16.756Z",
  "method": "GET",
  "url": "/api/finance/stats?year=2025",
  "statusCode": 200,
  "responseTime": "30ms",
  "userId": "690c4c43be8f36eb0f3c17b9"
}
[2025-11-10T12:26:48.733Z] [INFO] {
  "timestamp": "2025-11-10T12:26:48.733Z",
  "method": "GET",
  "url": "/api/finance/projects?search=&status=all&year=2025",
  "ip": "::1",
  "userId": "anonymous",
  "userAgent": "Mozilla/5.0 (Windows NT 10.0; Win64; x64) AppleWebKit/537.36 (KHTML, like Gecko) Chrome/142.0.0.0 Safari/537.36"
}
[2025-11-10T12:26:48.737Z] [INFO] {
  "timestamp": "2025-11-10T12:26:48.737Z",
  "method": "GET",
  "url": "/api/finance/stats?year=2025",
  "ip": "::1",
  "userId": "anonymous",
  "userAgent": "Mozilla/5.0 (Windows NT 10.0; Win64; x64) AppleWebKit/537.36 (KHTML, like Gecko) Chrome/142.0.0.0 Safari/537.36"
}
[2025-11-10T12:26:48.752Z] [INFO] {
  "timestamp": "2025-11-10T12:26:48.752Z",
  "method": "GET",
  "url": "/api/finance/projects?search=&status=all&year=2025",
  "statusCode": 200,
  "responseTime": "19ms",
  "userId": "690c4c43be8f36eb0f3c17b9"
}
[2025-11-10T12:26:48.760Z] [INFO] {
  "timestamp": "2025-11-10T12:26:48.760Z",
  "method": "GET",
  "url": "/api/finance/stats?year=2025",
  "statusCode": 200,
  "responseTime": "23ms",
  "userId": "690c4c43be8f36eb0f3c17b9"
}
[2025-11-10T12:27:00.726Z] [INFO] {
  "timestamp": "2025-11-10T12:27:00.726Z",
  "method": "GET",
  "url": "/api/finance/projects?search=&status=all&year=2025",
  "ip": "::1",
  "userId": "anonymous",
  "userAgent": "Mozilla/5.0 (Windows NT 10.0; Win64; x64) AppleWebKit/537.36 (KHTML, like Gecko) Chrome/142.0.0.0 Safari/537.36"
}
[2025-11-10T12:27:00.731Z] [INFO] {
  "timestamp": "2025-11-10T12:27:00.731Z",
  "method": "GET",
  "url": "/api/finance/stats?year=2025",
  "ip": "::1",
  "userId": "anonymous",
  "userAgent": "Mozilla/5.0 (Windows NT 10.0; Win64; x64) AppleWebKit/537.36 (KHTML, like Gecko) Chrome/142.0.0.0 Safari/537.36"
}
[2025-11-10T12:27:00.745Z] [INFO] {
  "timestamp": "2025-11-10T12:27:00.745Z",
  "method": "GET",
  "url": "/api/finance/projects?search=&status=all&year=2025",
  "statusCode": 200,
  "responseTime": "19ms",
  "userId": "690c4c43be8f36eb0f3c17b9"
}
[2025-11-10T12:27:00.753Z] [INFO] {
  "timestamp": "2025-11-10T12:27:00.753Z",
  "method": "GET",
  "url": "/api/finance/stats?year=2025",
  "statusCode": 200,
  "responseTime": "22ms",
  "userId": "690c4c43be8f36eb0f3c17b9"
}
[2025-11-10T12:27:15.735Z] [INFO] {
  "timestamp": "2025-11-10T12:27:15.735Z",
  "method": "GET",
  "url": "/api/finance/projects?search=&status=all&year=2025",
  "ip": "::1",
  "userId": "anonymous",
  "userAgent": "Mozilla/5.0 (Windows NT 10.0; Win64; x64) AppleWebKit/537.36 (KHTML, like Gecko) Chrome/142.0.0.0 Safari/537.36"
}
[2025-11-10T12:27:15.738Z] [INFO] {
  "timestamp": "2025-11-10T12:27:15.738Z",
  "method": "GET",
  "url": "/api/finance/stats?year=2025",
  "ip": "::1",
  "userId": "anonymous",
  "userAgent": "Mozilla/5.0 (Windows NT 10.0; Win64; x64) AppleWebKit/537.36 (KHTML, like Gecko) Chrome/142.0.0.0 Safari/537.36"
}
[2025-11-10T12:27:15.751Z] [INFO] {
  "timestamp": "2025-11-10T12:27:15.751Z",
  "method": "GET",
  "url": "/api/finance/projects?search=&status=all&year=2025",
  "statusCode": 200,
  "responseTime": "16ms",
  "userId": "690c4c43be8f36eb0f3c17b9"
}
[2025-11-10T12:27:15.761Z] [INFO] {
  "timestamp": "2025-11-10T12:27:15.761Z",
  "method": "GET",
  "url": "/api/finance/stats?year=2025",
  "statusCode": 200,
  "responseTime": "23ms",
  "userId": "690c4c43be8f36eb0f3c17b9"
}
[2025-11-10T12:27:28.741Z] [INFO] {
  "timestamp": "2025-11-10T12:27:28.741Z",
  "method": "GET",
  "url": "/api/finance/projects?search=&status=all&year=2025",
  "ip": "::1",
  "userId": "anonymous",
  "userAgent": "Mozilla/5.0 (Windows NT 10.0; Win64; x64) AppleWebKit/537.36 (KHTML, like Gecko) Chrome/142.0.0.0 Safari/537.36"
}
[2025-11-10T12:27:28.744Z] [INFO] {
  "timestamp": "2025-11-10T12:27:28.744Z",
  "method": "GET",
  "url": "/api/finance/stats?year=2025",
  "ip": "::1",
  "userId": "anonymous",
  "userAgent": "Mozilla/5.0 (Windows NT 10.0; Win64; x64) AppleWebKit/537.36 (KHTML, like Gecko) Chrome/142.0.0.0 Safari/537.36"
}
[2025-11-10T12:27:28.755Z] [INFO] {
  "timestamp": "2025-11-10T12:27:28.755Z",
  "method": "GET",
  "url": "/api/finance/projects?search=&status=all&year=2025",
  "statusCode": 200,
  "responseTime": "14ms",
  "userId": "690c4c43be8f36eb0f3c17b9"
}
[2025-11-10T12:27:28.763Z] [INFO] {
  "timestamp": "2025-11-10T12:27:28.763Z",
  "method": "GET",
  "url": "/api/finance/stats?year=2025",
  "statusCode": 200,
  "responseTime": "19ms",
  "userId": "690c4c43be8f36eb0f3c17b9"
}
[2025-11-10T12:32:11.903Z] [INFO] Email service initialized successfully
[2025-11-10T12:32:18.362Z] [INFO] {
  "timestamp": "2025-11-10T12:32:18.362Z",
  "method": "GET",
  "url": "/api/auth/me",
  "ip": "::1",
  "userId": "anonymous",
  "userAgent": "Mozilla/5.0 (Windows NT 10.0; Win64; x64) AppleWebKit/537.36 (KHTML, like Gecko) Chrome/142.0.0.0 Safari/537.36"
}
[2025-11-10T12:32:18.388Z] [INFO] {
  "timestamp": "2025-11-10T12:32:18.388Z",
  "method": "GET",
  "url": "/favicon.ico",
  "ip": "127.0.0.1",
  "userId": "anonymous",
  "userAgent": "Mozilla/5.0 (Windows NT 10.0; Win64; x64) AppleWebKit/537.36 (KHTML, like Gecko) Chrome/142.0.0.0 Safari/537.36"
}
[2025-11-10T12:32:18.390Z] [INFO] {
  "timestamp": "2025-11-10T12:32:18.390Z",
  "method": "GET",
  "url": "/favicon.ico",
  "statusCode": 200,
  "responseTime": "2ms",
  "userId": "anonymous"
}
[2025-11-10T12:32:18.406Z] [INFO] {
  "timestamp": "2025-11-10T12:32:18.405Z",
  "method": "GET",
  "url": "/api/auth/me",
  "statusCode": 200,
  "responseTime": "43ms",
  "userId": "690c4c43be8f36eb0f3c17b9"
}
[2025-11-10T12:32:18.411Z] [INFO] {
  "timestamp": "2025-11-10T12:32:18.411Z",
  "method": "GET",
  "url": "/api/auth/me",
  "ip": "::1",
  "userId": "anonymous",
  "userAgent": "Mozilla/5.0 (Windows NT 10.0; Win64; x64) AppleWebKit/537.36 (KHTML, like Gecko) Chrome/142.0.0.0 Safari/537.36"
}
[2025-11-10T12:32:18.431Z] [INFO] {
  "timestamp": "2025-11-10T12:32:18.431Z",
  "method": "GET",
  "url": "/api/auth/me",
  "statusCode": 200,
  "responseTime": "20ms",
  "userId": "690c4c43be8f36eb0f3c17b9"
}
[2025-11-10T12:32:18.454Z] [INFO] {
  "timestamp": "2025-11-10T12:32:18.454Z",
  "method": "GET",
  "url": "/favicon.ico",
  "ip": "127.0.0.1",
  "userId": "anonymous",
  "userAgent": "Mozilla/5.0 (Windows NT 10.0; Win64; x64) AppleWebKit/537.36 (KHTML, like Gecko) Chrome/142.0.0.0 Safari/537.36"
}
[2025-11-10T12:32:18.455Z] [INFO] {
  "timestamp": "2025-11-10T12:32:18.455Z",
  "method": "GET",
  "url": "/favicon.ico",
  "statusCode": 200,
  "responseTime": "1ms",
  "userId": "anonymous"
}
[2025-11-10T12:32:18.463Z] [INFO] {
  "timestamp": "2025-11-10T12:32:18.463Z",
  "method": "GET",
  "url": "/api/activities/recent?limit=3",
  "ip": "127.0.0.1",
  "userId": "anonymous",
  "userAgent": "Mozilla/5.0 (Windows NT 10.0; Win64; x64) AppleWebKit/537.36 (KHTML, like Gecko) Chrome/142.0.0.0 Safari/537.36"
}
[2025-11-10T12:32:18.477Z] [INFO] {
  "timestamp": "2025-11-10T12:32:18.477Z",
  "method": "GET",
  "url": "/api/activities/recent?limit=3",
  "statusCode": 200,
  "responseTime": "14ms",
  "userId": "690c4c43be8f36eb0f3c17b9"
}
[2025-11-10T12:32:19.444Z] [INFO] {
  "timestamp": "2025-11-10T12:32:19.444Z",
  "method": "GET",
  "url": "/api/activities/recent?limit=3",
  "ip": "127.0.0.1",
  "userId": "anonymous",
  "userAgent": "Mozilla/5.0 (Windows NT 10.0; Win64; x64) AppleWebKit/537.36 (KHTML, like Gecko) Chrome/142.0.0.0 Safari/537.36"
}
[2025-11-10T12:32:19.457Z] [INFO] {
  "timestamp": "2025-11-10T12:32:19.457Z",
  "method": "GET",
  "url": "/api/activities/recent?limit=3",
  "statusCode": 200,
  "responseTime": "12ms",
  "userId": "690c4c43be8f36eb0f3c17b9"
}
[2025-11-10T12:32:20.469Z] [INFO] {
  "timestamp": "2025-11-10T12:32:20.469Z",
  "method": "GET",
  "url": "/favicon.ico",
  "ip": "127.0.0.1",
  "userId": "anonymous",
  "userAgent": "Mozilla/5.0 (Windows NT 10.0; Win64; x64) AppleWebKit/537.36 (KHTML, like Gecko) Chrome/142.0.0.0 Safari/537.36"
}
[2025-11-10T12:32:20.474Z] [INFO] {
  "timestamp": "2025-11-10T12:32:20.474Z",
  "method": "GET",
  "url": "/favicon.ico",
  "statusCode": 200,
  "responseTime": "5ms",
  "userId": "anonymous"
}
[2025-11-10T12:32:20.486Z] [INFO] {
  "timestamp": "2025-11-10T12:32:20.486Z",
  "method": "GET",
  "url": "/api/finance/projects?search=&status=all&year=2025",
  "ip": "::1",
  "userId": "anonymous",
  "userAgent": "Mozilla/5.0 (Windows NT 10.0; Win64; x64) AppleWebKit/537.36 (KHTML, like Gecko) Chrome/142.0.0.0 Safari/537.36"
}
[2025-11-10T12:32:20.495Z] [INFO] {
  "timestamp": "2025-11-10T12:32:20.495Z",
  "method": "GET",
  "url": "/api/finance/stats?year=2025",
  "ip": "::1",
  "userId": "anonymous",
  "userAgent": "Mozilla/5.0 (Windows NT 10.0; Win64; x64) AppleWebKit/537.36 (KHTML, like Gecko) Chrome/142.0.0.0 Safari/537.36"
}
[2025-11-10T12:32:20.532Z] [INFO] {
  "timestamp": "2025-11-10T12:32:20.532Z",
  "method": "GET",
  "url": "/api/finance/projects?search=&status=all&year=2025",
  "statusCode": 200,
  "responseTime": "46ms",
  "userId": "690c4c43be8f36eb0f3c17b9"
}
[2025-11-10T12:32:20.558Z] [INFO] {
  "timestamp": "2025-11-10T12:32:20.557Z",
  "method": "GET",
  "url": "/api/finance/projects?search=&status=all&year=2025",
  "ip": "::1",
  "userId": "anonymous",
  "userAgent": "Mozilla/5.0 (Windows NT 10.0; Win64; x64) AppleWebKit/537.36 (KHTML, like Gecko) Chrome/142.0.0.0 Safari/537.36"
}
[2025-11-10T12:32:20.580Z] [INFO] {
  "timestamp": "2025-11-10T12:32:20.580Z",
  "method": "GET",
  "url": "/api/finance/stats?year=2025",
  "statusCode": 200,
  "responseTime": "85ms",
  "userId": "690c4c43be8f36eb0f3c17b9"
}
[2025-11-10T12:32:20.597Z] [INFO] {
  "timestamp": "2025-11-10T12:32:20.597Z",
  "method": "GET",
  "url": "/api/finance/stats?year=2025",
  "ip": "::1",
  "userId": "anonymous",
  "userAgent": "Mozilla/5.0 (Windows NT 10.0; Win64; x64) AppleWebKit/537.36 (KHTML, like Gecko) Chrome/142.0.0.0 Safari/537.36"
}
[2025-11-10T12:32:20.612Z] [INFO] {
  "timestamp": "2025-11-10T12:32:20.612Z",
  "method": "GET",
  "url": "/api/finance/projects?search=&status=all&year=2025",
  "statusCode": 200,
  "responseTime": "55ms",
  "userId": "690c4c43be8f36eb0f3c17b9"
}
[2025-11-10T12:32:20.640Z] [INFO] {
  "timestamp": "2025-11-10T12:32:20.640Z",
  "method": "GET",
  "url": "/api/finance/stats?year=2025",
  "statusCode": 200,
  "responseTime": "43ms",
  "userId": "690c4c43be8f36eb0f3c17b9"
}
[2025-11-10T12:37:58.620Z] [INFO] {
  "timestamp": "2025-11-10T12:37:58.620Z",
  "method": "GET",
  "url": "/api/auth/me",
  "ip": "::1",
  "userId": "anonymous",
  "userAgent": "Mozilla/5.0 (Windows NT 10.0; Win64; x64) AppleWebKit/537.36 (KHTML, like Gecko) Chrome/142.0.0.0 Safari/537.36"
}
[2025-11-10T12:37:58.628Z] [INFO] {
  "timestamp": "2025-11-10T12:37:58.628Z",
  "method": "GET",
  "url": "/favicon.ico",
  "ip": "127.0.0.1",
  "userId": "anonymous",
  "userAgent": "Mozilla/5.0 (Windows NT 10.0; Win64; x64) AppleWebKit/537.36 (KHTML, like Gecko) Chrome/142.0.0.0 Safari/537.36"
}
[2025-11-10T12:37:58.630Z] [INFO] {
  "timestamp": "2025-11-10T12:37:58.630Z",
  "method": "GET",
  "url": "/favicon.ico",
  "statusCode": 200,
  "responseTime": "2ms",
  "userId": "anonymous"
}
[2025-11-10T12:37:58.635Z] [INFO] {
  "timestamp": "2025-11-10T12:37:58.635Z",
  "method": "GET",
  "url": "/api/auth/me",
  "statusCode": 200,
  "responseTime": "15ms",
  "userId": "690c4c43be8f36eb0f3c17b9"
}
[2025-11-10T12:37:58.639Z] [INFO] {
  "timestamp": "2025-11-10T12:37:58.639Z",
  "method": "GET",
  "url": "/api/auth/me",
  "ip": "::1",
  "userId": "anonymous",
  "userAgent": "Mozilla/5.0 (Windows NT 10.0; Win64; x64) AppleWebKit/537.36 (KHTML, like Gecko) Chrome/142.0.0.0 Safari/537.36"
}
[2025-11-10T12:37:58.651Z] [INFO] {
  "timestamp": "2025-11-10T12:37:58.651Z",
  "method": "GET",
  "url": "/api/auth/me",
  "statusCode": 200,
  "responseTime": "12ms",
  "userId": "690c4c43be8f36eb0f3c17b9"
}
[2025-11-10T12:37:58.675Z] [INFO] {
  "timestamp": "2025-11-10T12:37:58.675Z",
  "method": "GET",
  "url": "/api/finance/projects?search=&status=all&year=2025",
  "ip": "::1",
  "userId": "anonymous",
  "userAgent": "Mozilla/5.0 (Windows NT 10.0; Win64; x64) AppleWebKit/537.36 (KHTML, like Gecko) Chrome/142.0.0.0 Safari/537.36"
}
[2025-11-10T12:37:58.681Z] [INFO] {
  "timestamp": "2025-11-10T12:37:58.681Z",
  "method": "GET",
  "url": "/api/finance/stats?year=2025",
  "ip": "::1",
  "userId": "anonymous",
  "userAgent": "Mozilla/5.0 (Windows NT 10.0; Win64; x64) AppleWebKit/537.36 (KHTML, like Gecko) Chrome/142.0.0.0 Safari/537.36"
}
[2025-11-10T12:37:58.702Z] [INFO] {
  "timestamp": "2025-11-10T12:37:58.702Z",
  "method": "GET",
  "url": "/api/finance/projects?search=&status=all&year=2025",
  "statusCode": 200,
  "responseTime": "27ms",
  "userId": "690c4c43be8f36eb0f3c17b9"
}
[2025-11-10T12:37:58.725Z] [INFO] {
  "timestamp": "2025-11-10T12:37:58.725Z",
  "method": "GET",
  "url": "/api/finance/projects?search=&status=all&year=2025",
  "ip": "::1",
  "userId": "anonymous",
  "userAgent": "Mozilla/5.0 (Windows NT 10.0; Win64; x64) AppleWebKit/537.36 (KHTML, like Gecko) Chrome/142.0.0.0 Safari/537.36"
}
[2025-11-10T12:37:58.746Z] [INFO] {
  "timestamp": "2025-11-10T12:37:58.746Z",
  "method": "GET",
  "url": "/api/finance/stats?year=2025",
  "statusCode": 200,
  "responseTime": "65ms",
  "userId": "690c4c43be8f36eb0f3c17b9"
}
[2025-11-10T12:37:58.756Z] [INFO] {
  "timestamp": "2025-11-10T12:37:58.756Z",
  "method": "GET",
  "url": "/api/finance/stats?year=2025",
  "ip": "::1",
  "userId": "anonymous",
  "userAgent": "Mozilla/5.0 (Windows NT 10.0; Win64; x64) AppleWebKit/537.36 (KHTML, like Gecko) Chrome/142.0.0.0 Safari/537.36"
}
[2025-11-10T12:37:58.772Z] [INFO] {
  "timestamp": "2025-11-10T12:37:58.772Z",
  "method": "GET",
  "url": "/api/finance/projects?search=&status=all&year=2025",
  "statusCode": 200,
  "responseTime": "47ms",
  "userId": "690c4c43be8f36eb0f3c17b9"
}
[2025-11-10T12:37:58.790Z] [INFO] {
  "timestamp": "2025-11-10T12:37:58.790Z",
  "method": "GET",
  "url": "/api/finance/stats?year=2025",
  "statusCode": 200,
  "responseTime": "34ms",
  "userId": "690c4c43be8f36eb0f3c17b9"
}
[2025-11-10T12:41:05.445Z] [INFO] {
  "timestamp": "2025-11-10T12:41:05.445Z",
  "method": "GET",
  "url": "/api/finance/projects?search=&status=all&year=2025",
  "ip": "::1",
  "userId": "anonymous",
  "userAgent": "Mozilla/5.0 (Windows NT 10.0; Win64; x64) AppleWebKit/537.36 (KHTML, like Gecko) Chrome/142.0.0.0 Safari/537.36"
}
[2025-11-10T12:41:05.454Z] [INFO] {
  "timestamp": "2025-11-10T12:41:05.454Z",
  "method": "GET",
  "url": "/api/finance/stats?year=2025",
  "ip": "::1",
  "userId": "anonymous",
  "userAgent": "Mozilla/5.0 (Windows NT 10.0; Win64; x64) AppleWebKit/537.36 (KHTML, like Gecko) Chrome/142.0.0.0 Safari/537.36"
}
[2025-11-10T12:41:05.507Z] [INFO] {
  "timestamp": "2025-11-10T12:41:05.507Z",
  "method": "GET",
  "url": "/api/finance/projects?search=&status=all&year=2025",
  "statusCode": 200,
  "responseTime": "62ms",
  "userId": "690c4c43be8f36eb0f3c17b9"
}
[2025-11-10T12:41:05.525Z] [INFO] {
  "timestamp": "2025-11-10T12:41:05.525Z",
  "method": "GET",
  "url": "/api/finance/stats?year=2025",
  "statusCode": 200,
  "responseTime": "71ms",
  "userId": "690c4c43be8f36eb0f3c17b9"
}
[2025-11-10T12:42:38.158Z] [INFO] {
  "timestamp": "2025-11-10T12:42:38.158Z",
  "method": "GET",
  "url": "/api/finance/projects?search=&status=all&year=2025",
  "ip": "::1",
  "userId": "anonymous",
  "userAgent": "Mozilla/5.0 (Windows NT 10.0; Win64; x64) AppleWebKit/537.36 (KHTML, like Gecko) Chrome/142.0.0.0 Safari/537.36"
}
[2025-11-10T12:42:38.161Z] [INFO] {
  "timestamp": "2025-11-10T12:42:38.161Z",
  "method": "GET",
  "url": "/api/finance/stats?year=2025",
  "ip": "::1",
  "userId": "anonymous",
  "userAgent": "Mozilla/5.0 (Windows NT 10.0; Win64; x64) AppleWebKit/537.36 (KHTML, like Gecko) Chrome/142.0.0.0 Safari/537.36"
}
[2025-11-10T12:42:38.183Z] [INFO] {
  "timestamp": "2025-11-10T12:42:38.183Z",
  "method": "GET",
  "url": "/api/finance/projects?search=&status=all&year=2025",
  "statusCode": 200,
  "responseTime": "25ms",
  "userId": "690c4c43be8f36eb0f3c17b9"
}
[2025-11-10T12:42:38.198Z] [INFO] {
  "timestamp": "2025-11-10T12:42:38.198Z",
  "method": "GET",
  "url": "/api/finance/stats?year=2025",
  "statusCode": 200,
  "responseTime": "37ms",
  "userId": "690c4c43be8f36eb0f3c17b9"
}
[2025-11-10T12:42:57.143Z] [INFO] {
  "timestamp": "2025-11-10T12:42:57.143Z",
  "method": "GET",
  "url": "/api/system/stats",
  "ip": "::1",
  "userId": "anonymous",
  "userAgent": "Mozilla/5.0 (Windows NT 10.0; Win64; x64) AppleWebKit/537.36 (KHTML, like Gecko) Chrome/142.0.0.0 Safari/537.36"
}
[2025-11-10T12:42:57.170Z] [INFO] {
  "timestamp": "2025-11-10T12:42:57.170Z",
  "method": "GET",
  "url": "/api/system/stats",
  "statusCode": 200,
  "responseTime": "27ms",
  "userId": "690c4c43be8f36eb0f3c17b9"
}
[2025-11-10T12:42:57.175Z] [INFO] {
  "timestamp": "2025-11-10T12:42:57.175Z",
  "method": "GET",
  "url": "/api/system/stats",
  "ip": "::1",
  "userId": "anonymous",
  "userAgent": "Mozilla/5.0 (Windows NT 10.0; Win64; x64) AppleWebKit/537.36 (KHTML, like Gecko) Chrome/142.0.0.0 Safari/537.36"
}
[2025-11-10T12:42:57.186Z] [INFO] {
  "timestamp": "2025-11-10T12:42:57.186Z",
  "method": "GET",
  "url": "/api/system/stats",
  "statusCode": 200,
  "responseTime": "11ms",
  "userId": "690c4c43be8f36eb0f3c17b9"
}
[2025-11-10T12:42:57.338Z] [INFO] {
  "timestamp": "2025-11-10T12:42:57.337Z",
  "method": "GET",
  "url": "/favicon.ico",
  "ip": "127.0.0.1",
  "userId": "anonymous",
  "userAgent": "Mozilla/5.0 (Windows NT 10.0; Win64; x64) AppleWebKit/537.36 (KHTML, like Gecko) Chrome/142.0.0.0 Safari/537.36"
}
[2025-11-10T12:42:57.338Z] [INFO] {
  "timestamp": "2025-11-10T12:42:57.338Z",
  "method": "GET",
  "url": "/favicon.ico",
  "statusCode": 200,
  "responseTime": "1ms",
  "userId": "anonymous"
}
[2025-11-10T12:42:58.129Z] [INFO] {
  "timestamp": "2025-11-10T12:42:58.129Z",
  "method": "GET",
  "url": "/favicon.ico",
  "ip": "127.0.0.1",
  "userId": "anonymous",
  "userAgent": "Mozilla/5.0 (Windows NT 10.0; Win64; x64) AppleWebKit/537.36 (KHTML, like Gecko) Chrome/142.0.0.0 Safari/537.36"
}
[2025-11-10T12:42:58.130Z] [INFO] {
  "timestamp": "2025-11-10T12:42:58.130Z",
  "method": "GET",
  "url": "/favicon.ico",
  "statusCode": 200,
  "responseTime": "1ms",
  "userId": "anonymous"
}
[2025-11-10T12:42:58.162Z] [INFO] {
  "timestamp": "2025-11-10T12:42:58.162Z",
  "method": "GET",
  "url": "/api/clients",
  "ip": "::1",
  "userId": "anonymous",
  "userAgent": "Mozilla/5.0 (Windows NT 10.0; Win64; x64) AppleWebKit/537.36 (KHTML, like Gecko) Chrome/142.0.0.0 Safari/537.36"
}
[2025-11-10T12:42:58.171Z] [INFO] {
  "timestamp": "2025-11-10T12:42:58.171Z",
  "method": "GET",
  "url": "/api/clients",
  "statusCode": 200,
  "responseTime": "9ms",
  "userId": "690c4c43be8f36eb0f3c17b9"
}
[2025-11-10T12:42:58.179Z] [INFO] {
  "timestamp": "2025-11-10T12:42:58.179Z",
  "method": "GET",
  "url": "/api/clients",
  "ip": "::1",
  "userId": "anonymous",
  "userAgent": "Mozilla/5.0 (Windows NT 10.0; Win64; x64) AppleWebKit/537.36 (KHTML, like Gecko) Chrome/142.0.0.0 Safari/537.36"
}
[2025-11-10T12:42:58.194Z] [INFO] {
  "timestamp": "2025-11-10T12:42:58.194Z",
  "method": "GET",
  "url": "/api/clients",
  "statusCode": 200,
  "responseTime": "15ms",
  "userId": "690c4c43be8f36eb0f3c17b9"
}
[2025-11-10T12:42:59.135Z] [INFO] {
  "timestamp": "2025-11-10T12:42:59.135Z",
  "method": "GET",
  "url": "/api/clients",
  "ip": "::1",
  "userId": "anonymous",
  "userAgent": "Mozilla/5.0 (Windows NT 10.0; Win64; x64) AppleWebKit/537.36 (KHTML, like Gecko) Chrome/142.0.0.0 Safari/537.36"
}
[2025-11-10T12:42:59.146Z] [INFO] {
  "timestamp": "2025-11-10T12:42:59.146Z",
  "method": "GET",
  "url": "/api/clients",
  "statusCode": 200,
  "responseTime": "11ms",
  "userId": "690c4c43be8f36eb0f3c17b9"
}
[2025-11-10T12:42:59.153Z] [INFO] {
  "timestamp": "2025-11-10T12:42:59.153Z",
  "method": "GET",
  "url": "/api/clients",
  "ip": "::1",
  "userId": "anonymous",
  "userAgent": "Mozilla/5.0 (Windows NT 10.0; Win64; x64) AppleWebKit/537.36 (KHTML, like Gecko) Chrome/142.0.0.0 Safari/537.36"
}
[2025-11-10T12:42:59.161Z] [INFO] {
  "timestamp": "2025-11-10T12:42:59.161Z",
  "method": "GET",
  "url": "/api/clients",
  "statusCode": 200,
  "responseTime": "8ms",
  "userId": "690c4c43be8f36eb0f3c17b9"
}
[2025-11-10T12:42:59.454Z] [INFO] {
  "timestamp": "2025-11-10T12:42:59.454Z",
  "method": "GET",
  "url": "/favicon.ico",
  "ip": "127.0.0.1",
  "userId": "anonymous",
  "userAgent": "Mozilla/5.0 (Windows NT 10.0; Win64; x64) AppleWebKit/537.36 (KHTML, like Gecko) Chrome/142.0.0.0 Safari/537.36"
}
[2025-11-10T12:42:59.455Z] [INFO] {
  "timestamp": "2025-11-10T12:42:59.455Z",
  "method": "GET",
  "url": "/favicon.ico",
  "statusCode": 200,
  "responseTime": "1ms",
  "userId": "anonymous"
}
[2025-11-10T12:43:13.467Z] [INFO] {
  "timestamp": "2025-11-10T12:43:13.467Z",
  "method": "GET",
  "url": "/api/finance/projects?search=&status=all&year=2025",
  "ip": "::1",
  "userId": "anonymous",
  "userAgent": "Mozilla/5.0 (Windows NT 10.0; Win64; x64) AppleWebKit/537.36 (KHTML, like Gecko) Chrome/142.0.0.0 Safari/537.36"
}
[2025-11-10T12:43:13.471Z] [INFO] {
  "timestamp": "2025-11-10T12:43:13.471Z",
  "method": "GET",
  "url": "/api/finance/stats?year=2025",
  "ip": "::1",
  "userId": "anonymous",
  "userAgent": "Mozilla/5.0 (Windows NT 10.0; Win64; x64) AppleWebKit/537.36 (KHTML, like Gecko) Chrome/142.0.0.0 Safari/537.36"
}
[2025-11-10T12:43:13.480Z] [INFO] {
  "timestamp": "2025-11-10T12:43:13.480Z",
  "method": "GET",
  "url": "/favicon.ico",
  "ip": "127.0.0.1",
  "userId": "anonymous",
  "userAgent": "Mozilla/5.0 (Windows NT 10.0; Win64; x64) AppleWebKit/537.36 (KHTML, like Gecko) Chrome/142.0.0.0 Safari/537.36"
}
[2025-11-10T12:43:13.487Z] [INFO] {
  "timestamp": "2025-11-10T12:43:13.487Z",
  "method": "GET",
  "url": "/favicon.ico",
  "statusCode": 200,
  "responseTime": "7ms",
  "userId": "anonymous"
}
[2025-11-10T12:43:13.513Z] [INFO] {
  "timestamp": "2025-11-10T12:43:13.513Z",
  "method": "GET",
  "url": "/api/finance/projects?search=&status=all&year=2025",
  "statusCode": 200,
  "responseTime": "46ms",
  "userId": "690c4c43be8f36eb0f3c17b9"
}
[2025-11-10T12:43:13.524Z] [INFO] {
  "timestamp": "2025-11-10T12:43:13.524Z",
  "method": "GET",
  "url": "/api/finance/projects?search=&status=all&year=2025",
  "ip": "::1",
  "userId": "anonymous",
  "userAgent": "Mozilla/5.0 (Windows NT 10.0; Win64; x64) AppleWebKit/537.36 (KHTML, like Gecko) Chrome/142.0.0.0 Safari/537.36"
}
[2025-11-10T12:43:13.533Z] [INFO] {
  "timestamp": "2025-11-10T12:43:13.533Z",
  "method": "GET",
  "url": "/api/finance/stats?year=2025",
  "statusCode": 200,
  "responseTime": "62ms",
  "userId": "690c4c43be8f36eb0f3c17b9"
}
[2025-11-10T12:43:13.539Z] [INFO] {
  "timestamp": "2025-11-10T12:43:13.539Z",
  "method": "GET",
  "url": "/api/finance/stats?year=2025",
  "ip": "::1",
  "userId": "anonymous",
  "userAgent": "Mozilla/5.0 (Windows NT 10.0; Win64; x64) AppleWebKit/537.36 (KHTML, like Gecko) Chrome/142.0.0.0 Safari/537.36"
}
[2025-11-10T12:43:13.557Z] [INFO] {
  "timestamp": "2025-11-10T12:43:13.557Z",
  "method": "GET",
  "url": "/api/finance/projects?search=&status=all&year=2025",
  "statusCode": 200,
  "responseTime": "33ms",
  "userId": "690c4c43be8f36eb0f3c17b9"
}
[2025-11-10T12:43:13.580Z] [INFO] {
  "timestamp": "2025-11-10T12:43:13.580Z",
  "method": "GET",
  "url": "/api/finance/stats?year=2025",
  "statusCode": 200,
  "responseTime": "41ms",
  "userId": "690c4c43be8f36eb0f3c17b9"
}
[2025-11-10T12:43:50.780Z] [INFO] {
  "timestamp": "2025-11-10T12:43:50.780Z",
  "method": "GET",
  "url": "/api/finance/projects?search=&status=all&year=2025",
  "ip": "::1",
  "userId": "anonymous",
  "userAgent": "Mozilla/5.0 (Windows NT 10.0; Win64; x64) AppleWebKit/537.36 (KHTML, like Gecko) Chrome/142.0.0.0 Safari/537.36"
}
[2025-11-10T12:43:50.785Z] [INFO] {
  "timestamp": "2025-11-10T12:43:50.784Z",
  "method": "GET",
  "url": "/api/finance/stats?year=2025",
  "ip": "::1",
  "userId": "anonymous",
  "userAgent": "Mozilla/5.0 (Windows NT 10.0; Win64; x64) AppleWebKit/537.36 (KHTML, like Gecko) Chrome/142.0.0.0 Safari/537.36"
}
[2025-11-10T12:43:50.807Z] [INFO] {
  "timestamp": "2025-11-10T12:43:50.807Z",
  "method": "GET",
  "url": "/api/finance/projects?search=&status=all&year=2025",
  "statusCode": 200,
  "responseTime": "27ms",
  "userId": "690c4c43be8f36eb0f3c17b9"
}
[2025-11-10T12:43:50.822Z] [INFO] {
  "timestamp": "2025-11-10T12:43:50.822Z",
  "method": "GET",
  "url": "/api/finance/stats?year=2025",
  "statusCode": 200,
  "responseTime": "38ms",
  "userId": "690c4c43be8f36eb0f3c17b9"
}
[2025-11-10T12:44:19.157Z] [INFO] {
  "timestamp": "2025-11-10T12:44:19.157Z",
  "method": "GET",
  "url": "/api/finance/projects?search=s&status=all&year=2025",
  "ip": "::1",
  "userId": "anonymous",
  "userAgent": "Mozilla/5.0 (Windows NT 10.0; Win64; x64) AppleWebKit/537.36 (KHTML, like Gecko) Chrome/142.0.0.0 Safari/537.36"
}
[2025-11-10T12:44:19.164Z] [INFO] {
  "timestamp": "2025-11-10T12:44:19.164Z",
  "method": "GET",
  "url": "/api/finance/stats?year=2025",
  "ip": "::1",
  "userId": "anonymous",
  "userAgent": "Mozilla/5.0 (Windows NT 10.0; Win64; x64) AppleWebKit/537.36 (KHTML, like Gecko) Chrome/142.0.0.0 Safari/537.36"
}
[2025-11-10T12:44:19.209Z] [INFO] {
  "timestamp": "2025-11-10T12:44:19.209Z",
  "method": "GET",
  "url": "/api/finance/projects?search=s&status=all&year=2025",
  "statusCode": 200,
  "responseTime": "52ms",
  "userId": "690c4c43be8f36eb0f3c17b9"
}
[2025-11-10T12:44:19.229Z] [INFO] {
  "timestamp": "2025-11-10T12:44:19.228Z",
  "method": "GET",
  "url": "/api/finance/stats?year=2025",
  "statusCode": 200,
  "responseTime": "64ms",
  "userId": "690c4c43be8f36eb0f3c17b9"
}
[2025-11-10T12:44:20.370Z] [INFO] {
  "timestamp": "2025-11-10T12:44:20.370Z",
  "method": "GET",
  "url": "/api/finance/stats?year=2025",
  "ip": "::1",
  "userId": "anonymous",
  "userAgent": "Mozilla/5.0 (Windows NT 10.0; Win64; x64) AppleWebKit/537.36 (KHTML, like Gecko) Chrome/142.0.0.0 Safari/537.36"
}
[2025-11-10T12:44:20.373Z] [INFO] {
  "timestamp": "2025-11-10T12:44:20.373Z",
  "method": "GET",
  "url": "/api/finance/projects?search=&status=all&year=2025",
  "ip": "::1",
  "userId": "anonymous",
  "userAgent": "Mozilla/5.0 (Windows NT 10.0; Win64; x64) AppleWebKit/537.36 (KHTML, like Gecko) Chrome/142.0.0.0 Safari/537.36"
}
[2025-11-10T12:44:20.388Z] [INFO] {
  "timestamp": "2025-11-10T12:44:20.388Z",
  "method": "GET",
  "url": "/api/finance/projects?search=&status=all&year=2025",
  "statusCode": 200,
  "responseTime": "15ms",
  "userId": "690c4c43be8f36eb0f3c17b9"
}
[2025-11-10T12:44:20.402Z] [INFO] {
  "timestamp": "2025-11-10T12:44:20.402Z",
  "method": "GET",
  "url": "/api/finance/stats?year=2025",
  "statusCode": 200,
  "responseTime": "32ms",
  "userId": "690c4c43be8f36eb0f3c17b9"
}
[2025-11-10T12:44:29.881Z] [INFO] {
  "timestamp": "2025-11-10T12:44:29.881Z",
  "method": "GET",
  "url": "/api/finance/expenses?search=&status=all&year=2025",
  "ip": "::1",
  "userId": "anonymous",
  "userAgent": "Mozilla/5.0 (Windows NT 10.0; Win64; x64) AppleWebKit/537.36 (KHTML, like Gecko) Chrome/142.0.0.0 Safari/537.36"
}
[2025-11-10T12:44:29.886Z] [INFO] {
  "timestamp": "2025-11-10T12:44:29.886Z",
  "method": "GET",
  "url": "/api/finance/stats?year=2025",
  "ip": "::1",
  "userId": "anonymous",
  "userAgent": "Mozilla/5.0 (Windows NT 10.0; Win64; x64) AppleWebKit/537.36 (KHTML, like Gecko) Chrome/142.0.0.0 Safari/537.36"
}
[2025-11-10T12:44:29.906Z] [INFO] {
  "timestamp": "2025-11-10T12:44:29.906Z",
  "method": "GET",
  "url": "/api/finance/expenses?search=&status=all&year=2025",
  "statusCode": 200,
  "responseTime": "25ms",
  "userId": "690c4c43be8f36eb0f3c17b9"
}
[2025-11-10T12:44:29.925Z] [INFO] {
  "timestamp": "2025-11-10T12:44:29.925Z",
  "method": "GET",
  "url": "/api/finance/stats?year=2025",
  "statusCode": 200,
  "responseTime": "39ms",
  "userId": "690c4c43be8f36eb0f3c17b9"
}
[2025-11-10T12:44:30.555Z] [INFO] {
  "timestamp": "2025-11-10T12:44:30.555Z",
  "method": "GET",
  "url": "/api/finance/stats?year=2025",
  "ip": "::1",
  "userId": "anonymous",
  "userAgent": "Mozilla/5.0 (Windows NT 10.0; Win64; x64) AppleWebKit/537.36 (KHTML, like Gecko) Chrome/142.0.0.0 Safari/537.36"
}
[2025-11-10T12:44:30.560Z] [INFO] {
  "timestamp": "2025-11-10T12:44:30.560Z",
  "method": "GET",
  "url": "/api/finance/projects?search=&status=all&year=2025",
  "ip": "::1",
  "userId": "anonymous",
  "userAgent": "Mozilla/5.0 (Windows NT 10.0; Win64; x64) AppleWebKit/537.36 (KHTML, like Gecko) Chrome/142.0.0.0 Safari/537.36"
}
[2025-11-10T12:44:30.586Z] [INFO] {
  "timestamp": "2025-11-10T12:44:30.586Z",
  "method": "GET",
  "url": "/api/finance/projects?search=&status=all&year=2025",
  "statusCode": 200,
  "responseTime": "26ms",
  "userId": "690c4c43be8f36eb0f3c17b9"
}
[2025-11-10T12:44:30.597Z] [INFO] {
  "timestamp": "2025-11-10T12:44:30.597Z",
  "method": "GET",
  "url": "/api/finance/stats?year=2025",
  "statusCode": 200,
  "responseTime": "42ms",
  "userId": "690c4c43be8f36eb0f3c17b9"
}
[2025-11-10T12:44:31.099Z] [INFO] {
  "timestamp": "2025-11-10T12:44:31.099Z",
  "method": "GET",
  "url": "/api/finance/expenses?search=&status=all&year=2025",
  "ip": "::1",
  "userId": "anonymous",
  "userAgent": "Mozilla/5.0 (Windows NT 10.0; Win64; x64) AppleWebKit/537.36 (KHTML, like Gecko) Chrome/142.0.0.0 Safari/537.36"
}
[2025-11-10T12:44:31.102Z] [INFO] {
  "timestamp": "2025-11-10T12:44:31.102Z",
  "method": "GET",
  "url": "/api/finance/stats?year=2025",
  "ip": "::1",
  "userId": "anonymous",
  "userAgent": "Mozilla/5.0 (Windows NT 10.0; Win64; x64) AppleWebKit/537.36 (KHTML, like Gecko) Chrome/142.0.0.0 Safari/537.36"
}
[2025-11-10T12:44:31.119Z] [INFO] {
  "timestamp": "2025-11-10T12:44:31.119Z",
  "method": "GET",
  "url": "/api/finance/expenses?search=&status=all&year=2025",
  "statusCode": 200,
  "responseTime": "20ms",
  "userId": "690c4c43be8f36eb0f3c17b9"
}
[2025-11-10T12:44:31.136Z] [INFO] {
  "timestamp": "2025-11-10T12:44:31.136Z",
  "method": "GET",
  "url": "/api/finance/stats?year=2025",
  "statusCode": 200,
  "responseTime": "34ms",
  "userId": "690c4c43be8f36eb0f3c17b9"
}
[2025-11-10T12:44:33.926Z] [INFO] {
  "timestamp": "2025-11-10T12:44:33.926Z",
  "method": "GET",
  "url": "/api/finance/projects?search=&status=all&year=2025",
  "ip": "::1",
  "userId": "anonymous",
  "userAgent": "Mozilla/5.0 (Windows NT 10.0; Win64; x64) AppleWebKit/537.36 (KHTML, like Gecko) Chrome/142.0.0.0 Safari/537.36"
}
[2025-11-10T12:44:33.930Z] [INFO] {
  "timestamp": "2025-11-10T12:44:33.930Z",
  "method": "GET",
  "url": "/api/finance/stats?year=2025",
  "ip": "::1",
  "userId": "anonymous",
  "userAgent": "Mozilla/5.0 (Windows NT 10.0; Win64; x64) AppleWebKit/537.36 (KHTML, like Gecko) Chrome/142.0.0.0 Safari/537.36"
}
[2025-11-10T12:44:33.948Z] [INFO] {
  "timestamp": "2025-11-10T12:44:33.948Z",
  "method": "GET",
  "url": "/api/finance/projects?search=&status=all&year=2025",
  "statusCode": 200,
  "responseTime": "22ms",
  "userId": "690c4c43be8f36eb0f3c17b9"
}
[2025-11-10T12:44:33.958Z] [INFO] {
  "timestamp": "2025-11-10T12:44:33.958Z",
  "method": "GET",
  "url": "/api/finance/stats?year=2025",
  "statusCode": 200,
  "responseTime": "28ms",
  "userId": "690c4c43be8f36eb0f3c17b9"
}
[2025-11-10T12:48:30.582Z] [INFO] Email service initialized successfully
[2025-11-10T12:48:38.305Z] [INFO] {
  "timestamp": "2025-11-10T12:48:38.305Z",
  "method": "GET",
  "url": "/api/auth/me",
  "ip": "::1",
  "userId": "anonymous",
  "userAgent": "Mozilla/5.0 (Windows NT 10.0; Win64; x64) AppleWebKit/537.36 (KHTML, like Gecko) Chrome/142.0.0.0 Safari/537.36"
}
[2025-11-10T12:48:38.358Z] [INFO] {
  "timestamp": "2025-11-10T12:48:38.358Z",
  "method": "GET",
  "url": "/api/auth/me",
  "statusCode": 200,
  "responseTime": "53ms",
  "userId": "690c4c43be8f36eb0f3c17b9"
}
[2025-11-10T12:48:38.374Z] [INFO] {
  "timestamp": "2025-11-10T12:48:38.374Z",
  "method": "GET",
  "url": "/api/auth/me",
  "ip": "::1",
  "userId": "anonymous",
  "userAgent": "Mozilla/5.0 (Windows NT 10.0; Win64; x64) AppleWebKit/537.36 (KHTML, like Gecko) Chrome/142.0.0.0 Safari/537.36"
}
[2025-11-10T12:48:38.399Z] [INFO] {
  "timestamp": "2025-11-10T12:48:38.398Z",
  "method": "GET",
  "url": "/api/auth/me",
  "statusCode": 200,
  "responseTime": "24ms",
  "userId": "690c4c43be8f36eb0f3c17b9"
}
[2025-11-10T12:48:38.894Z] [INFO] {
  "timestamp": "2025-11-10T12:48:38.894Z",
  "method": "GET",
  "url": "/favicon.ico",
  "ip": "127.0.0.1",
  "userId": "anonymous",
  "userAgent": "Mozilla/5.0 (Windows NT 10.0; Win64; x64) AppleWebKit/537.36 (KHTML, like Gecko) Chrome/142.0.0.0 Safari/537.36"
}
[2025-11-10T12:48:38.896Z] [INFO] {
  "timestamp": "2025-11-10T12:48:38.896Z",
  "method": "GET",
  "url": "/favicon.ico",
  "statusCode": 200,
  "responseTime": "2ms",
  "userId": "anonymous"
}
[2025-11-10T12:48:38.911Z] [INFO] {
  "timestamp": "2025-11-10T12:48:38.911Z",
  "method": "GET",
  "url": "/api/activities/recent?limit=3",
  "ip": "127.0.0.1",
  "userId": "anonymous",
  "userAgent": "Mozilla/5.0 (Windows NT 10.0; Win64; x64) AppleWebKit/537.36 (KHTML, like Gecko) Chrome/142.0.0.0 Safari/537.36"
}
[2025-11-10T12:48:38.928Z] [INFO] {
  "timestamp": "2025-11-10T12:48:38.928Z",
  "method": "GET",
  "url": "/favicon.ico",
  "ip": "127.0.0.1",
  "userId": "anonymous",
  "userAgent": "Mozilla/5.0 (Windows NT 10.0; Win64; x64) AppleWebKit/537.36 (KHTML, like Gecko) Chrome/142.0.0.0 Safari/537.36"
}
[2025-11-10T12:48:38.930Z] [INFO] {
  "timestamp": "2025-11-10T12:48:38.930Z",
  "method": "GET",
  "url": "/favicon.ico",
  "statusCode": 200,
  "responseTime": "2ms",
  "userId": "anonymous"
}
[2025-11-10T12:48:38.933Z] [INFO] {
  "timestamp": "2025-11-10T12:48:38.932Z",
  "method": "GET",
  "url": "/api/activities/recent?limit=3",
  "statusCode": 200,
  "responseTime": "21ms",
  "userId": "690c4c43be8f36eb0f3c17b9"
}
[2025-11-10T12:48:39.257Z] [INFO] {
  "timestamp": "2025-11-10T12:48:39.256Z",
  "method": "GET",
  "url": "/api/activities/recent?limit=3",
  "ip": "127.0.0.1",
  "userId": "anonymous",
  "userAgent": "Mozilla/5.0 (Windows NT 10.0; Win64; x64) AppleWebKit/537.36 (KHTML, like Gecko) Chrome/142.0.0.0 Safari/537.36"
}
[2025-11-10T12:48:39.281Z] [INFO] {
  "timestamp": "2025-11-10T12:48:39.281Z",
  "method": "GET",
  "url": "/api/activities/recent?limit=3",
  "statusCode": 200,
  "responseTime": "25ms",
  "userId": "690c4c43be8f36eb0f3c17b9"
}
[2025-11-10T12:48:41.513Z] [INFO] Email service initialized successfully
[2025-11-10T12:48:41.809Z] [INFO] {
  "timestamp": "2025-11-10T12:48:41.809Z",
  "method": "GET",
  "url": "/api/finance/projects?search=&status=all&year=2025",
  "ip": "::1",
  "userId": "anonymous",
  "userAgent": "Mozilla/5.0 (Windows NT 10.0; Win64; x64) AppleWebKit/537.36 (KHTML, like Gecko) Chrome/142.0.0.0 Safari/537.36"
}
[2025-11-10T12:48:41.829Z] [INFO] {
  "timestamp": "2025-11-10T12:48:41.829Z",
  "method": "GET",
  "url": "/api/finance/stats?year=2025",
  "ip": "::1",
  "userId": "anonymous",
  "userAgent": "Mozilla/5.0 (Windows NT 10.0; Win64; x64) AppleWebKit/537.36 (KHTML, like Gecko) Chrome/142.0.0.0 Safari/537.36"
}
[2025-11-10T12:48:41.873Z] [INFO] {
  "timestamp": "2025-11-10T12:48:41.873Z",
  "method": "GET",
  "url": "/api/finance/projects?search=&status=all&year=2025",
  "statusCode": 200,
  "responseTime": "64ms",
  "userId": "690c4c43be8f36eb0f3c17b9"
}
[2025-11-10T12:48:41.893Z] [INFO] {
  "timestamp": "2025-11-10T12:48:41.893Z",
  "method": "GET",
  "url": "/api/finance/projects?search=&status=all&year=2025",
  "ip": "::1",
  "userId": "anonymous",
  "userAgent": "Mozilla/5.0 (Windows NT 10.0; Win64; x64) AppleWebKit/537.36 (KHTML, like Gecko) Chrome/142.0.0.0 Safari/537.36"
}
[2025-11-10T12:48:41.904Z] [INFO] {
  "timestamp": "2025-11-10T12:48:41.904Z",
  "method": "GET",
  "url": "/api/finance/stats?year=2025",
  "statusCode": 200,
  "responseTime": "75ms",
  "userId": "690c4c43be8f36eb0f3c17b9"
}
[2025-11-10T12:48:41.910Z] [INFO] {
  "timestamp": "2025-11-10T12:48:41.910Z",
  "method": "GET",
  "url": "/api/finance/stats?year=2025",
  "ip": "::1",
  "userId": "anonymous",
  "userAgent": "Mozilla/5.0 (Windows NT 10.0; Win64; x64) AppleWebKit/537.36 (KHTML, like Gecko) Chrome/142.0.0.0 Safari/537.36"
}
[2025-11-10T12:48:41.928Z] [INFO] {
  "timestamp": "2025-11-10T12:48:41.928Z",
  "method": "GET",
  "url": "/api/finance/projects?search=&status=all&year=2025",
  "statusCode": 200,
  "responseTime": "35ms",
  "userId": "690c4c43be8f36eb0f3c17b9"
}
[2025-11-10T12:48:41.949Z] [INFO] {
  "timestamp": "2025-11-10T12:48:41.949Z",
  "method": "GET",
  "url": "/api/finance/stats?year=2025",
  "statusCode": 200,
  "responseTime": "39ms",
  "userId": "690c4c43be8f36eb0f3c17b9"
}
[2025-11-10T12:48:47.077Z] [INFO] Email service initialized successfully
[2025-11-10T12:48:52.909Z] [INFO] Email service initialized successfully
[2025-11-10T12:48:58.870Z] [INFO] Email service initialized successfully
[2025-11-10T12:49:44.068Z] [INFO] {
  "timestamp": "2025-11-10T12:49:44.067Z",
  "method": "GET",
  "url": "/api/finance/export/projects",
  "ip": "::1",
  "userId": "anonymous",
  "userAgent": "Mozilla/5.0 (Windows NT 10.0; Win64; x64) AppleWebKit/537.36 (KHTML, like Gecko) Chrome/142.0.0.0 Safari/537.36"
}
[2025-11-10T12:50:30.159Z] [INFO] {
  "timestamp": "2025-11-10T12:50:30.159Z",
  "method": "DELETE",
  "url": "/api/finance/projects/6911d306271519e89ce9b2ee",
  "ip": "::1",
  "userId": "anonymous",
  "userAgent": "Mozilla/5.0 (Windows NT 10.0; Win64; x64) AppleWebKit/537.36 (KHTML, like Gecko) Chrome/142.0.0.0 Safari/537.36"
}
[2025-11-10T12:50:30.186Z] [INFO] {
  "timestamp": "2025-11-10T12:50:30.186Z",
  "method": "DELETE",
  "url": "/api/finance/projects/6911d306271519e89ce9b2ee",
  "statusCode": 200,
  "responseTime": "27ms",
  "userId": "690c4c43be8f36eb0f3c17b9"
}
[2025-11-10T12:50:30.210Z] [INFO] {
  "timestamp": "2025-11-10T12:50:30.210Z",
  "method": "GET",
  "url": "/api/finance/projects?search=&status=all&year=2025",
  "ip": "::1",
  "userId": "anonymous",
  "userAgent": "Mozilla/5.0 (Windows NT 10.0; Win64; x64) AppleWebKit/537.36 (KHTML, like Gecko) Chrome/142.0.0.0 Safari/537.36"
}
[2025-11-10T12:50:30.224Z] [INFO] {
  "timestamp": "2025-11-10T12:50:30.224Z",
  "method": "GET",
  "url": "/api/finance/stats?year=2025",
  "ip": "::1",
  "userId": "anonymous",
  "userAgent": "Mozilla/5.0 (Windows NT 10.0; Win64; x64) AppleWebKit/537.36 (KHTML, like Gecko) Chrome/142.0.0.0 Safari/537.36"
}
[2025-11-10T12:50:30.265Z] [INFO] {
  "timestamp": "2025-11-10T12:50:30.265Z",
  "method": "GET",
  "url": "/api/finance/projects?search=&status=all&year=2025",
  "statusCode": 200,
  "responseTime": "55ms",
  "userId": "690c4c43be8f36eb0f3c17b9"
}
[2025-11-10T12:50:30.282Z] [INFO] {
  "timestamp": "2025-11-10T12:50:30.282Z",
  "method": "GET",
  "url": "/api/finance/stats?year=2025",
  "statusCode": 200,
  "responseTime": "58ms",
  "userId": "690c4c43be8f36eb0f3c17b9"
}
[2025-11-10T12:50:33.678Z] [INFO] {
  "timestamp": "2025-11-10T12:50:33.678Z",
  "method": "DELETE",
  "url": "/api/finance/projects/6911d843271519e89ce9b3a7",
  "ip": "::1",
  "userId": "anonymous",
  "userAgent": "Mozilla/5.0 (Windows NT 10.0; Win64; x64) AppleWebKit/537.36 (KHTML, like Gecko) Chrome/142.0.0.0 Safari/537.36"
}
[2025-11-10T12:50:33.699Z] [INFO] {
  "timestamp": "2025-11-10T12:50:33.699Z",
  "method": "DELETE",
  "url": "/api/finance/projects/6911d843271519e89ce9b3a7",
  "statusCode": 200,
  "responseTime": "21ms",
  "userId": "690c4c43be8f36eb0f3c17b9"
}
[2025-11-10T12:50:33.706Z] [INFO] {
  "timestamp": "2025-11-10T12:50:33.706Z",
  "method": "GET",
  "url": "/api/finance/projects?search=&status=all&year=2025",
  "ip": "::1",
  "userId": "anonymous",
  "userAgent": "Mozilla/5.0 (Windows NT 10.0; Win64; x64) AppleWebKit/537.36 (KHTML, like Gecko) Chrome/142.0.0.0 Safari/537.36"
}
[2025-11-10T12:50:33.712Z] [INFO] {
  "timestamp": "2025-11-10T12:50:33.712Z",
  "method": "GET",
  "url": "/api/finance/stats?year=2025",
  "ip": "::1",
  "userId": "anonymous",
  "userAgent": "Mozilla/5.0 (Windows NT 10.0; Win64; x64) AppleWebKit/537.36 (KHTML, like Gecko) Chrome/142.0.0.0 Safari/537.36"
}
[2025-11-10T12:50:33.737Z] [INFO] {
  "timestamp": "2025-11-10T12:50:33.737Z",
  "method": "GET",
  "url": "/api/finance/projects?search=&status=all&year=2025",
  "statusCode": 200,
  "responseTime": "31ms",
  "userId": "690c4c43be8f36eb0f3c17b9"
}
[2025-11-10T12:50:33.755Z] [INFO] {
  "timestamp": "2025-11-10T12:50:33.755Z",
  "method": "GET",
  "url": "/api/finance/stats?year=2025",
  "statusCode": 200,
  "responseTime": "43ms",
  "userId": "690c4c43be8f36eb0f3c17b9"
}
